Workbook
Name _: #REF!
Name _: #REF!
Name _________________________Goi8: {"'Sheet1'!$L$16"}
Name _________________________Goi8: {"'Sheet1'!$L$16"}
Name _________________________Lan1: {"'Sheet1'!$L$16"}
Name _________________________Lan1: {"'Sheet1'!$L$16"}
Name _________________________LAN3: {"'Sheet1'!$L$16"}
Name _________________________LAN3: {"'Sheet1'!$L$16"}
Name _________________________TM2: {"'Sheet1'!$L$16"}
Name _________________________TM2: {"'Sheet1'!$L$16"}
Name ________________________a1: {"'Sheet1'!$L$16"}
Name ________________________a1: {"'Sheet1'!$L$16"}
Name ________________________Goi8: {"'Sheet1'!$L$16"}
Name ________________________Goi8: {"'Sheet1'!$L$16"}
Name ________________________Lan1: {"'Sheet1'!$L$16"}
Name ________________________Lan1: {"'Sheet1'!$L$16"}
Name ________________________LAN3: {"'Sheet1'!$L$16"}
Name ________________________LAN3: {"'Sheet1'!$L$16"}
Name ________________________TM2: {"'Sheet1'!$L$16"}
Name ________________________TM2: {"'Sheet1'!$L$16"}
Name _______________________a1: {"'Sheet1'!$L$16"}
Name _______________________a1: {"'Sheet1'!$L$16"}
Name _______________________Goi8: {"'Sheet1'!$L$16"}
Name _______________________Goi8: {"'Sheet1'!$L$16"}
Name _______________________hu2: {"'Sheet1'!$L$16"}
Name _______________________hu2: {"'Sheet1'!$L$16"}
Name _______________________hu5: {"'Sheet1'!$L$16"}
Name _______________________hu5: {"'Sheet1'!$L$16"}
Name _______________________hu6: {"'Sheet1'!$L$16"}
Name _______________________hu6: {"'Sheet1'!$L$16"}
Name _______________________Lan1: {"'Sheet1'!$L$16"}
Name _______________________Lan1: {"'Sheet1'!$L$16"}
Name _______________________LAN3: {"'Sheet1'!$L$16"}
Name _______________________LAN3: {"'Sheet1'!$L$16"}
Name _______________________PA3: {"'Sheet1'!$L$16"}
Name _______________________PA3: {"'Sheet1'!$L$16"}
Name _______________________TM2: {"'Sheet1'!$L$16"}
Name _______________________TM2: {"'Sheet1'!$L$16"}
Name ______________________a1: {"'Sheet1'!$L$16"}
Name ______________________a1: {"'Sheet1'!$L$16"}
Name ______________________Goi8: {"'Sheet1'!$L$16"}
Name ______________________Goi8: {"'Sheet1'!$L$16"}
Name ______________________hu1: {"'Sheet1'!$L$16"}
Name ______________________hu1: {"'Sheet1'!$L$16"}
Name ______________________hu2: {"'Sheet1'!$L$16"}
Name ______________________hu2: {"'Sheet1'!$L$16"}
Name ______________________hu5: {"'Sheet1'!$L$16"}
Name ______________________hu5: {"'Sheet1'!$L$16"}
Name ______________________hu6: {"'Sheet1'!$L$16"}
Name ______________________hu6: {"'Sheet1'!$L$16"}
Name ______________________Lan1: {"'Sheet1'!$L$16"}
Name ______________________Lan1: {"'Sheet1'!$L$16"}
Name ______________________LAN3: {"'Sheet1'!$L$16"}
Name ______________________LAN3: {"'Sheet1'!$L$16"}
Name ______________________PA3: {"'Sheet1'!$L$16"}
Name ______________________PA3: {"'Sheet1'!$L$16"}
Name ______________________TM2: {"'Sheet1'!$L$16"}
Name ______________________TM2: {"'Sheet1'!$L$16"}
Name ______________________tt3: {"'Sheet1'!$L$16"}
Name ______________________tt3: {"'Sheet1'!$L$16"}

Sheet B1.TMĐT_DV CNTT
B2: BẢNG 1: BẢNG TỔNG MỨC ĐẦU TƯ
A3: BẢNG TỔNG MỨC ĐẦU TƯ
C4: Đơn vị tính: VNĐ
A5: STT | B5: Nội dung chi phí | C5: Giá trị sau thuế
A6: 1 | B6: Chi phí thuê DV CNTT | C6: =G17 -> 3.3330015e+09
A7: 2 | B7: Chi phí quản lý | C7: =G27 -> 74382286
A8: 3 | B8: Chi phí tư vấn | C8: =G30 -> 1.4657502e+08
A9: 4 | B9: Chi phí khác | C9: =G39 -> 3.9090067e+08
A10: 5 | B10: Chi phí dự phòng | C10: =G42 -> 1.9724297e+08
A11: TỔNG CỘNG (1+2+3+4+5) | C11: =SUM(C6:C10) -> 4.1421025e+09
A12: TỔNG CỘNG (Làm tròn) | C12: =ROUNDUP(C11,-6) -> 4143000000
A14: Diễn giải bảng Tổng mức đầu tư
H15: Đơn vị tính: Đồng
A16: TT | B16: Hạng mục chi phí | C16: Ký hiệu | D16: Giá trị trước thuế | E16: Thuế GTGT (%) | F16: Thuế GTGT | G16: Giá trị sau thuế | H16: Ghi chú
A17: I | B17: Chi phí thuê dịch vụ CNTT | C17: Gt | D17: =SUBTOTAL(9,D18:D26) -> 3.0377475e+09 | F17: =SUBTOTAL(9,F18:F26) -> 295254000 | G17: =SUBTOTAL(9,G18:G26) -> 3.3330015e+09
A18: 1 | B18: Chi phí thuê dịch vụ phần mềm nội bộ, CSDL | D18: =SUBTOTAL(9,D19:D20) -> 3.0377475e+09 | F18: =SUBTOTAL(9,F19:F20) -> 295254000 | G18: =SUBTOTAL(9,G19:G20) -> 3.3330015e+09
A19: 1.1 | B19: Chi phí thuê phần mềm Ecabinet 3 năm | D19: =G19/1.1 -> 2952540000 | E19: 0.1 | F19: =D19*E19 -> 295254000 | G19: ='B9. CP THUÊ PM'!E5 -> 3247794000 | H19: Tham chiếu Bảng 9. Chi phí thuê phần mềm
A20: 1.2 | B20: Chi phí đào tạo hướng dẫn sử dụng phần mềm | D20: ='B5. Đào tạo'!F16 -> 85207508 | E20: 0 | F20: =D20*E20 -> 0 | G20: =SUM(D20:F20) -> 85207508 | H20: Tham chiếu Bảng 5. Chi phí đào tạo
A21: 2 | B21: Chi phí dịch vụ hỗ trợ kỹ thuật, quản trị vận hành, bảo trì phần mềm 3 năm | D21: =SUBTOTAL(9,D22:D24) -> 0 | F21: =SUBTOTAL(9,F22:F24) -> 0 | G21: =SUBTOTAL(9,G22:G24) -> 0.3
A22: 2.1 | B22: Chi phí dịch vụ hỗ trợ kỹ thuật 3 năm | D22: 0 | E22: 0.1 | F22: =D22*E22 -> 0 | G22: =SUM(D22:F22) -> 0.1 | H22: Tham chiếu Bảng 4.1. Chi phí hỗ trợ kỹ thuật người dùng trực tiếp tại VPQH
A23: 2.2 | B23: Chi phí dịch vụ bảo trì phần mềm 3 năm | D23: 0 | E23: 0.1 | F23: =D23*E23 -> 0 | G23: =SUM(D23:F23) -> 0.1 | H23: Tham chiếu Bảng 4.2. Chi phí bảo trì phần mềm
A24: 2.3 | B24: Chi phí dịch vụ quản trị vận hành ứng dụng 3 năm | D24: 0 | E24: 0.1 | F24: =D24*E24 -> 0 | G24: =SUM(D24:F24) -> 0.1 | H24: Tham chiếu Bảng 4.3. Chi phí dịch vụ quản trị vận hành ứng dụng
A25: 3 | B25: Chi phí phần mềm thương mại | D25: =SUBTOTAL(9,D26) -> 0 | F25: =SUBTOTAL(9,F26) -> 0 | G25: =SUBTOTAL(9,G26) -> 0
A26: 3.1 | B26: Chi phí license OCR (bóc tách trường thông tin văn bản) | D26: 0 | E26: 0.1 | F26: =D26*E26 -> 0 | G26: 0 | H26: Tham chiếu Bảng 1.1. Chi phí thuê dịch vụ OCR bóc tách trường thông tin văn bản
A27: II | B27: Chi phí quản lý hoạt động thuê dịch vụ CNTT | C27: Gqlda | D27: =SUBTOTAL(9,D28:D29) -> 67620259 | F27: =SUBTOTAL(9,F28:F29) -> 6762025.9 | G27: =SUBTOTAL(9,G28:G29) -> 74382286 | H27: Chủ đầu tư tự thực hiện
A28: 1 | B28: Chi phí thực hiện quản lý dự án | C28: Gthqlda | D28: ='B4. Định mức QLDA & TV'!I18 -> 56350216 | E28: 0.08 | F28: =D28*0.1 -> 5635021.6 | G28: =ROUND(F28+D28,0) -> 61985238 | H28: * Căn cứ QĐ số 1688/QĐ-BTTTT ngày 11/10/2019
A29: 2 | B29: Chi phí giám sát, đánh giá hiệu quả đầu tư | C29: 20% x Gthqlda | D29: =D28*20% -> 11270043 | E29: 0.08 | F29: =D29*0.1 -> 1127004.3 | G29: =ROUND(F29+D29,0) -> 12397048 | H29: NĐ số 29/2021/NĐ-CP (Điều 88. Chi phí và nguồn vốn thực hiện giám sát, đánh giá đầu tư)
A30: III | B30: Chi phí tư vấn lập kế hoạch thuê | C30: Gtv | D30: =SUBTOTAL(9,D31:D38) -> 1.3571761e+08 | F30: =SUBTOTAL(9,F31:F38) -> 10857409 | G30: =SUBTOTAL(9,G31:G38) -> 1.4657502e+08
A31: 1 | B31: Chi phí tư vấn khảo sát và lập Kế hoạch thuê DV CNTT | C31: Gtvkhtdvcntt | D31: =G31/1.08 -> 1.0238334e+08 | E31: 0.08 | F31: =D31*E31 -> 8190667.3 | G31: ='B4. Định mức QLDA & TV'!I21 -> 110574009 | H31: Theo Hợp đồng số 1661/2024/HĐTV
A32: 2 | B32: Chi phí Thẩm tra tính hiệu quả và tính khả thi của Kế hoạch thuê DV CNTT | D32: ='B4. Định mức QLDA & TV'!I27 -> 3827562 | E32: 0.08 | F32: =D32*E32 -> 306204.96 | G32: =D32+F32 -> 4133767 | H32: Tham chiếu Bảng 2. Chi phí tư vấn theo Quyết số 1688/QĐ-BTTTT (Bảng số 4)
A33: 3 | B33: Chi phí lập hồ sơ mời thầu, đánh giá hồ sơ dự thầu | D33: =SUBTOTAL(9,D34:D35) -> 14884962 | F33: =SUBTOTAL(9,F34:F35) -> 1190797 | G33: =SUBTOTAL(9,G34:G35) -> 16075759
A34: 3.1 | B34: Chi phí lập hồ sơ mời thầu và đánh giá hồ sơ dự thầu gói thuê dịch vụ CNTT | D34: ='B4. Định mức QLDA & TV'!I39 -> 12302877 | E34: 0.08 | F34: =D34*E34 -> 984230.16 | G34: =D34+F34 -> 13287107 | H34: Tham chiếu Bảng 2. Chi phí tư vấn theo Quyết số 1688/QĐ-BTTTT (Bảng số 8)
A35: 3.2 | B35: Chi phí lập hồ sơ mời thầu, đánh giá hồ sơ dự thầu gói thầu kiểm thử độc lập | D35: ='B4. Định mức QLDA & TV'!I33 -> 2582085 | E35: 0.08 | F35: =D35*E35 -> 206566.8 | G35: =D35+F35 -> 2788651.8 | H35: Tham chiếu Bảng 6. Chi phí lập HSMT, đánh giá HSDT
A36: 4 | B36: Chi phí tư vấn thẩm định hồ sơ mời thầu và thẩm định kết quả lựa chọn nhà thầu | D36: =SUBTOTAL(9,D37:D38) -> 14621745 | F36: =SUBTOTAL(9,F37:F38) -> 1169739.6 | G36: =SUBTOTAL(9,G37:G38) -> 15791485 | H36: Tham chiếu Bảng 7. Chi phí thẩm định HSMT và thẩm định KQLCNT
A37: 4.1 | B37: Chi phí thẩm định hồ sơ mời thầu và thẩm định KQLCNT gói thuê dịch vụ CNTT | D37: =D17*0.1%*2 -> 6075495 | E37: 0.08 | F37: =D37*E37 -> 486039.6 | G37: =D37+F37 -> 6561534.6 | H37: Điều 12 NĐ 24/2024/NĐ-CP
A38: 4.2 | B38: Chi phí thẩm định hồ sơ mời thầu và thẩm định KQLCNT gói thầu kiểm thử độc lập | D38: ='B6+7.CP HSMT'!$V$14 -> 8546250 | E38: 0.08 | F38: =D38*E38 -> 683700 | G38: =D38+F38 -> 9229950 | H38: Tham chiếu Bảng 7. Chi phí thẩm định HSMT và thẩm định KQLCNT
A39: IV | B39: Chi phí khác | C39: Gk | D39: =SUBTOTAL(9,D40:D41) -> 3.8847048e+08 | F39: =SUBTOTAL(9,F40:F41) -> 2430198 | G39: =SUBTOTAL(9,G40:G41) -> 3.9090067e+08
A40: 1 | B40: Chi phí thẩm định giá | C40: Gt*1% | D40: =D17*1% -> 30377475 | E40: 0.08 | F40: =D40*E40 -> 2430198 | G40: =D40+F40 -> 32807673
A41: 2 | B41: Chi phí kiểm thử nghiệm thu phần mềm độc lập | C41: Gkt | D41: ='B12. CP Kiem thu doc lap'!D11 -> 358093000 | E41: 0 | F41: =D41*E41 -> 0 | G41: =D41 -> 358093000 | H41: Tham khảo Bảng 12. Chi phí kiểm thử độc lập
A42: V | B42: Chi phí dự phòng | C42: Gdp | D42: =5%*SUBTOTAL(9,D17:D41) -> 1.8147779e+08 | F42: =5%*SUBTOTAL(9,F17:F41) -> 15765182 | G42: =D42+F42 -> 1.9724297e+08 | H42: 5% Tổng (I + II + III +IV)
B43: Tổng mức đầu tư (trước dự phòng) | C43: (I+II+III+IV) | D43: =D17+D27+D30+D39 -> 3.6295559e+09 | F43: =F17+F27+F30+F39 -> 3.1530363e+08 | G43: =G17+G27+G30+G39 -> 3.9448595e+09
B44: Tổng mức đầu tư (cả dự phòng) | C44: (I+II+III+IV+V) | D44: =D17+D27+D30+D39+D42 -> 3.8110336e+09 | F44: =F17+F27+F30+F39+F42 -> 3.3106881e+08 | G44: =G17+G27+G30+G39+G42 -> 4.1421025e+09
B45: TỔNG MỨC ĐẦU TƯ (làm tròn) | G45: =ROUNDUP(G44,-6) -> 4143000000
A49: BẢNG PHÂN BỔ KINH PHÍ THUÊ DV CNTT THEO NĂM
A50: STT | B50: Hạng mục | C50: Kinh phí theo năm
C51: Năm 1 | D51: Năm 2 | E51: Năm 3 | F51: Tổng cộng | G51: Ghi chú
A52: I | B52: Chi phí thuê dịch vụ | C52: =SUM(C53:C58) -> 1.1678055e+09 | D52: =SUM(D53:D58) -> 1.082598e+09 | E52: =SUM(E53:E58) -> 1.082598e+09 | F52: =SUM(F53:F58) -> 3.3330015e+09
A53: 1 | B53: Chi phí thuê phần mềm Ecabinet 3 năm | C53: =$G$19/3 -> 1082598000 | D53: =$G$19/3 -> 1082598000 | E53: =$G$19/3 -> 1082598000 | F53: =SUM(C53:E53) -> 3247794000
A54: 2 | B54: Chi phí đào tạo hướng dẫn sử dụng phần mềm | C54: =G20 -> 85207508 | F54: =SUM(C54:E54) -> 85207508
A55: 3 | B55: Chi phí dịch vụ hỗ trợ kỹ thuật 3 năm | C55: =$G$22/5 -> 0.02 | D55: =$C$55 -> 0.02 | E55: =$C$55 -> 0.02 | F55: =SUM(C55:E55) -> 0.06
A56: 4 | B56: Chi phí dịch vụ bảo trì phần mềm 3 năm | C56: =$G$23/5 -> 0.02 | D56: =$C$56 -> 0.02 | E56: =$C$56 -> 0.02 | F56: =SUM(C56:E56) -> 0.06
A57: 5 | B57: Chi phí dịch vụ quản trị vận hành ứng dụng 3 năm | C57: =$G$24/5 -> 0.02 | D57: =$G$24/5 -> 0.02 | E57: =$G$24/5 -> 0.02 | F57: =SUM(C57:E57) -> 0.06
A58: 6 | B58: Chi phí license OCR (bóc tách trường thông tin văn bản) | C58: 0 | D58: =$C$58 -> 0 | E58: =$C$58 -> 0 | F58: =SUM(C58:E58) -> 0
A59: II | B59: Chi phí quản lý dự án | C59: =0.3*G27 -> 22314686 | E59: =0.7*G27 -> 52067600 | F59: =SUM(C59:E59) -> 74382286
A60: III | B60: Chi phí tư vấn | C60: =SUM(C61:C66) -> 1.4657502e+08 | F60: =SUM(C60:E60) -> 1.4657502e+08
A61: 1 | B61: Chi phí khảo sát và chi phí tư vấn lập kế hoạch thuê DV CNTT | C61: =G31 -> 110574009 | F61: =C61 -> 110574009 | G61: Phân bổ hết trong năm đầu
A62: 2 | B62: Chi phí Thẩm tra tính hiệu quả và tính khả thi của Kế hoạch thuê DV CNTT | C62: =G32 -> 4133767 | F62: =C62 -> 4133767 | G62: Phân bổ hết trong năm đầu
A63: 3 | B63: Chi phí lập hồ sơ mời thầu và đánh giá hồ sơ dự thầu gói thuê dịch vụ CNTT | C63: =G34 -> 13287107 | F63: =C63 -> 13287107 | G63: Phân bổ hết trong năm đầu
A64: 4 | B64: Chi phí lập hồ sơ mời thầu, đánh giá hồ sơ dự thầu gói thầu kiểm thử độc lập | C64: =G35 -> 2788651.8 | F64: =C64 -> 2788651.8 | G64: Phân bổ hết trong năm đầu
A65: 5 | B65: Chi phí thẩm định hồ sơ mời thầu và thẩm định KQLCNT gói thuê dịch vụ CNTT | C65: =G37 -> 6561534.6 | F65: =C65 -> 6561534.6 | G65: Phân bổ hết trong năm đầu
A66: 6 | B66: Chi phí thẩm định hồ sơ mời thầu và thẩm định KQLCNT gói thầu kiểm thử độc lập | C66: =G38 -> 9229950 | F66: =C66 -> 9229950 | G66: Phân bổ hết trong năm đầu
A67: IV | B67: Chi phí khác | C67: =SUM(C68:C69) -> 3.9090067e+08 | F67: =SUM(F68:F69) -> 3.9090067e+08 | G67: Phân bổ hết trong năm đầu
A68: 1 | B68: Chi phí thẩm định giá | C68: =G40 -> 32807673 | F68: =SUM(C68:E68) -> 32807673 | G68: Phân bổ hết trong năm đầu
A69: 2 | B69: Chi phí kiểm thử nghiệm thu phần mềm độc lập | C69: =G41 -> 358093000 | F69: =SUM(C69:E69) -> 358093000 | G69: Phân bổ hết trong năm đầu
A70: V | B70: Chi phí dự phòng | C70: =5%*(C52+C60++C59+C67) -> 86379794 | D70: =5%*(D52+D59+D60+D67) -> 54129900 | E70: =5%*(E52+E59+E60+E67) -> 56733280 | F70: =SUM(C70:E70) -> 1.9724297e+08
C71: =C52+C59+C60+C67+C70 -> 1.8139757e+09 | D71: =D52+D59+D60+D67+D70 -> 1.1367279e+09 | E71: =E52+E59+E60+E67+E70 -> 1.1913989e+09 | F71: =F52+F59+F60+F67+F70 -> 4.1421025e+09

Sheet B1.1. THUÊ OCR
A1: Bảng 1.1. BẢNG TÍNH CHI PHÍ THUÊ DỊCH VỤ OCR BÓC TÁCH TRƯỜNG THÔNG TIN VĂN BẢN
A2: *Căn cứ tính toán: - Thông tư số 18/2024/TT-BTTTT ngày 30/12/2024 của Bộ Thông tin và Truyền thông: Quy định lập và quản lý chi phí đầu tư ứng dụng công nghệ thông tin, thuê dịch vụ công nghệ thông tin sử dụng nguồn vốn ngân sách nhà nước
A4: STT | B4: Nội dung | C4: Diễn giải | D4: Đơn vị tính | E4: Giá trị | F4: Ghi chú
A5: 1 | B5: Chi phí thuê dịch vụ CNTT theo yêu cầu riêng trong thời gian 5 năm | C5: Gtdv = Gdv*n | D5: đồng | E5: =E6*E13 -> 2718258000
A6: 2 | B6: Chi phí thuê dịch vụ CNTT theo yêu cầu riêng trong chu kỳ thanh toán | C6: Gdv =((Td*r*(1+r)^n - S*r)/ ((1+r)^n - 1))*(1+GTGT) | D6: đồng | E6: =ROUND((E7*E8*(1+E8)^E13-E11*E8)/(((1+E8)^E13-1))*1.1,-3) -> 453043000 | F6: 1. Theo công thức 2. Các chu kỳ thanh toán đều nhau 3. Tính cho phương án thanh toán vào cuối kỳ
A7: 2.1 | B7: Chi phí xây dựng, phát triển hình thành dịch vụ | C7: Td | D7: đồng | E7: ='B3. CP THUÊ THEO YC RIÊNG'!G8 -> 2300000000 | F7: Theo báo giá thị trường, đây là chi phí mua License OCR (trước thuế VAT)
A8: 2.2 | B8: Mức lãi suất cho thuê theo kỳ thanh toán | C8: r = N/k | D8: % | E8: =ROUND(E9/E10,4) -> 0.0209 | F8: Theo công thức
A9: 2.2.1 | B9: Bình quân lãi suất trung bình | C9: N | D9: % | E9: ='B10. Lãi suất'!G5 -> 0.0418 | F9: Tham chiếu Bảng 10. Bảng tính bình quân lãi suất trung bình của các ngân hàng
A10: 2.2.2 | B10: Số kỳ thanh toán trong một năm thuê dịch vụ theo yêu cầu riêng | C10: k | D10: kỳ | E10: 2 | F10: Số kỳ thanh toán trong 1 năm thuê dịch vụ.
A11: 2.4 | B11: Giá trị còn lại của tài sản cấu thành dịch vụ của bên cho thuê tại thời điểm kết thúc thời gian thuê dịch vụ theo yêu cầu riêng | C11: S = Td/kh*(kh-n) | D11: đồng | E11: =ROUND(E7/E12*(E12-C17),0) -> 0
A12: 2.4.1 | B12: Thời gian khấu hao | C12: kh | D12: năm | E12: 5
A13: 3 | B13: Số kỳ thanh toán trong thời gian thuê dịch vụ theo yêu cầu riêng | C13: n | D13: kỳ | E13: 6 | F13: Thanh toán 6 tháng/lần, 1 năm thanh toán 2 lần nên số kỳ thanh toán là 2 x 3 = 6 kỳ
B17: Số năm thuê dịch vụ | C17: 5 | D17: (năm)
B18: Số kỳ thanh toán trong 1 năm | C18: =E10 -> 2 | D18: (kỳ)
B19: Thời gian khấu hao | C19: 5 | D19: (năm)

Sheet B2. Tư vấn
A1: BẢNG 2: CHI PHÍ TƯ VẤN
B2: Bảng tổng hợp chi phí thiết bị
C3: Chưa VAT
B4: Hạng mục hạ tầng kỹ thuật CNTT | C4: 0
B5: Hạng mục phần mềm nội bộ, CSDL | C5: ='B3. CP THUÊ THEO YC RIÊNG'!G4 -> 4.3346505e+09
I7: Đơn vị tính: đồng
A8: STT | B8: QĐ số 1688/QĐ-BTTTT | C8: Gt | D8: Ga | E8: Gb | F8: Na | G8: Nb | H8: Nt | I8: Giá trị
A9: 1 | B9: Chi phí thẩm tra tính hiệu quả và tính khả thi (Bảng 4) | I9: =I10+I11 -> 6010444
B10: Hạng mục hạ tầng kỹ thuật CNTT | C10: =C4 -> 0 | D10: 0 | E10: 7000000000 | F10: 0.00105 | G10: 0.00105 | H10: =G10-((G10-F10)/(D10-E10)*(C10-E10)) -> 0.00105 | I10: =ROUND(C10*H10,0) -> 0
B11: Hạng mục phần mềm nội bộ, CSDL | C11: =$C$5 -> 4.3346505e+09 | D11: 7000000000 | E11: 15000000000 | F11: 0.00126 | G11: 0.00088 | H11: =G11-((G11-F11)/(D11-E11)*(C11-E11)) -> 0.0013866041 | I11: =ROUND(C11*H11,0) -> 6010444

Sheet B3. CP THUÊ THEO YC RIÊNG
A1: BẢNG 3 - TỔNG HỢP CHI PHÍ THIẾT BỊ HÌNH THÀNH DỊCH VỤ CNTT THEO YÊU CẦU RIÊNG
A3: TT | B3: Hạng mục | C3: Mô tả | D3: Đơn vị tính | E3: Đơn giá dự toán | F3: Số lượng | G3: Thành tiền (trước VAT) | H3: Ghi chú
A4: I | B4: Phần mềm nội bộ, cơ sở dữ liệu | G4: =SUBTOTAL(9,G5:G6) -> 4.3346505e+09
A5: 1 | B5: Chi phí xây dựng Phần mềm nội bộ, cơ sở dữ liệu | C5: Tham chiếu tới mô tả cụ thể, dự toán cho phần mềm nội bộ | D5: Phần mềm | E5: ='B11. Du toan GTPM '!D11 -> 4249443000 | F5: 1 | G5: =E5*F5 -> 4249443000 | H5: Tham chiếu Bảng 11 - Chi phí xây dựng phần mềm nội bộ * Quyết định 671/QĐ-BTTTT, ngày 26/04/2024, v/v "Ban hành hướng dẫn xác định chi phí PMNB"
A6: 2 | B6: Chi phí đào tạo hướng dẫn sử dụng phần mềm | C6: Tham chiếu tới mô tả cụ thể, dự toán chi phí đào tạo | D6: Dịch vụ | E6: ='B5. Đào tạo'!F16 -> 85207508 | F6: 1 | G6: =E6*F6 -> 85207508 | H6: Tham chiếu Bảng 5 - Chi phí đào tạo hướng dẫn sử dụng phần mềm
A7: II | B7: Hạ tầng kỹ thuật CNTT | G7: =SUBTOTAL(9,G8:G9) -> 2300000000
A8: 1 | B8: Chi phí phần mềm thương mại (License OCR bóc tách trường thông tin văn bản) | C8: Theo Báo giá thị trường | D8: License | E8: 2300000000 | F8: 1 | G8: =E8*F8 -> 2300000000 | H8: Theo Báo giá thị trường

Sheet B5. Đào tạo
A1: BẢNG 7: CHI PHÍ ĐÀO TẠO HƯỚNG DẪN SỬ DỤNG
A2: STT | B2: Khoản mục chi | C2: Đơn vị | D2: Số lượng | E2: Đơn giá (VNĐ) | F2: Thành tiền (VNĐ) | G2: Diễn giải
A3: I | B3: Đào tạo nghiệp vụ tại BTP | C3: Lớp | D3: 1 | F3: =F4 -> 80207508
B4: Chi phí tổ chức 1 lớp | F4: =SUM(F7:F13) -> 80207508
B5: Thời gian đào tạo | C5: Ngày | D5: 1
B6: Số lượng học viên / lớp | C6: Học viên | D6: 15
A7: 1 | B7: Chi phí photo, in ấn slide và tài liệu video hướng dẫn sử dụng, phiếu đóng góp ý kiến | C7: Bộ | D7: =D6*D5 -> 15 | E7: 100000 | F7: =D7*E7 -> 1500000 | G7: Mục a, Khoản 2, Điều 4 Thông tư 100/2018/TT-BTC theo thực tế
A8: 2 | B8: Chi văn phòng phẩm phục vụ cho đào tạo | C8: Người | D8: =D5*D6 -> 15 | E8: 20000 | F8: =D8*E8 -> 300000 | G8: Mục a, Khoản 2, Điều 4 Thông tư 100/2018/TT-BTC theo thực tế
A9: 3 | B9: Thù lao giảng viên chính (01 giảng viên) | C9: Người x ngày | D9: =D5*1 -> 1 | E9: 2000000 | F9: =D9*E9 -> 2000000 | G9: Mục a, Khoản 2, Điều 4 Thông tư 100/2018/TT-BTC theo thực tế
A10: 4 | B10: Thù lao trợ giảng (01 trợ giảng) | C10: Người x ngày | D10: 1 | E10: 1500000 | F10: =D10*E10 -> 1500000 | G10: Mục a, Khoản 2, Điều 4 Thông tư 100/2018/TT-BTC theo thực tế
A11: 5 | B11: Phụ cấp ăn uống giảng viên, trợ giảng | C11: Người x ngày | D11: =D5*2 -> 2 | E11: 300000 | F11: =D11*E11 -> 600000 | G11: Khoản 7, Điều 6 , Thông tư số 12/2025/TT-BTC
A12: 6 | B12: Nước uống (học viên) | C12: Người x ngày | D12: =D6*D5 -> 15 | E12: 40000 | F12: =D12*E12 -> 600000 | G12: Mục a, Khoản 2, Điều 4 Thông tư 100/2018/TT-BTC theo thực tế
A13: 7 | B13: Video | C13: Gói | D13: 1 | E13: ='B5.1. Xây dựng video bài giảng'!G15 -> 73707508 | F13: =D13*E13 -> 73707508 | G13: Tham chiếu đến Bảng 5.1. Chi phí xây dựng video bài giảng
B14: TỔNG CỘNG (I) | F14: =F3 -> 80207508
A15: II | B15: CHI PHÍ QUẢN LÝ CHUNG LỚP HỌC (chi thù lao người tổ chức lớp học, chi phí phục vụ khai giảng bế giảng, chi phí tổ chức lớp học,...) | C15: Khoá | D15: 1 | E15: 5000000 | F15: =E15*D15 -> 5000000 | G15: Mục a, Khoản 2, Điều 4 Thông tư 100/2018/TT-BTC theo thực tế
B16: TỔNG CHI PHÍ | F16: =F15+F14 -> 85207508

Sheet B5.1. Xây dựng video bài giảng
A1: BẢNG 5.1 - CHI PHÍ XÂY DỰNG VIDEO BÀI GIẢNG
A3: STT | B3: Công việc thực hiện | C3: Ngày công chuyên gia | G3: Thành tiền (Đồng) | H3: Ghi chú
C4: Mức 4 | D4: Mức 3 | E4: Mức 2 | F4: Mức 1
A5: I | B5: Chi phí chuyên gia (CG) | G5: =SUM(G6:G9) -> 41538462
A6: 1 | B6: Thu thập dữ liệu xây dựng video bài giảng | C6: 6 | D6: 6 | G6: =C6*$C$19+D6*$D$19+E6*$E$19 -> 16153846
A7: 2 | B7: Xây dựng video bài giảng | C7: 5 | D7: 5 | G7: =C7*$C$19+D7*$D$19+E7*$E$19 -> 13461538
A8: 3 | B8: Chỉnh lý, điều chỉnh video bài giảng | C8: 3 | D8: 3 | G8: =C8*$C$19+D8*$D$19+E8*$E$19 -> 8076923.1
A9: 4 | B9: Xuất bản video bài giảng | C9: 2 | D9: 1 | G9: =C9*$C$19+D9*$D$19+E9*$E$19 -> 3846153.8
A10: II | B10: Chi phí quản lý (55% của CG) (QL) | G10: =55%*G5 -> 22846154 | H10: Thông tư số 18/2024/TT-BTTTT
A11: III | B11: Chi phí khác (K) (văn phòng phẩm) | G11: 0
A12: IV | B12: Thu nhập chịu thuế tính trước (TN) 6% của (CG+QL+K) | G12: =6%*(G5+G10+G11) -> 3863076.9 | H12: Thông tư số 18/2024/TT-BTTTT
B13: Tổng trước VAT | G13: =G5+G10+G11+G12 -> 68247692
A14: V | B14: VAT: 8% của (CG+QL+K +TN) | G14: =8%*G13 -> 5459815.4
A15: Tổng cộng | G15: =G13+G14 -> 73707508
A17: Ghi chú: Lương chuyên gia tư vấn (CGTV) áp dụng thông tư 004/2025/TT-BNV của Bộ Nội vụ | C17: Lương CGTV Mức 4 | D17: Lương CGTV Mức 3 | E17: Lương CGTV Mức 2 | F17: Lương CGTV Mức 1
A18: Lương tháng | C18: 30000000 | D18: 40000000 | E18: 55000000 | F18: 70000000
A19: Đơn giá ngày công | C19: =C18/26 -> 1153846.2 | D19: =D18/26 -> 1538461.5 | E19: =E18/26 -> 2115384.6 | F19: =F18/26 -> 2692307.7

Sheet B6+7.CP HSMT
A1: BẢNG 6 - CHI PHÍ LẬP HỒ SƠ MỜI THẦU, ĐÁNH GIÁ HSDT | P1: BẢNG 7 - CHI PHÍ THẨM ĐỊNH HỒ SƠ MỜI THẦU VÀ THẨM ĐỊNH KQLCNT
A3: STT | B3: Công việc thực hiện | C3: Ngày công chuyên gia | G3: Thành tiền (Đồng) | H3: Ghi chú | P3: STT | Q3: Công việc thực hiện | R3: Ngày công chuyên gia | V3: Thành tiền (Đồng) | W3: Ghi chú
C4: Mức 4 | D4: Mức 3 | E4: Mức 2 | F4: Mức 1 | R4: Mức 4 | S4: Mức 3 | T4: Mức 2 | U4: Mức 1
A5: I | B5: Chi phí chuyên gia (CG) | G5: =SUM(G6:G10) -> 8000000 | P5: I | Q5: Chi phí chuyên gia (CG) | V5: =SUM(V6:V10) -> 5125000
A6: 1 | B6: Lập HSMT cho gói thầu, đánh giá HSDT của nhà thầu tham gia | C6: 2 | D6: 1 | G6: =C6*$C$20+D6*$D$20+E6*$E$20 -> 2500000 | P6: 1 | Q6: Thẩm định HSMT cho gói thầu | R6: 1 | S6: 0.5 | V6: =R6*$C$20+S6*$D$20 -> 1250000
A7: 2 | B7: Chỉnh sửa, hoàn thiện HSMT theo ý kiến thẩm định/thẩm tra (nếu có) | C7: 1 | D7: 0.5 | G7: =C7*$C$20+D7*$D$20+E7*$E$20 -> 1250000 | P7: 2 | Q7: Lập Báo cáo thẩm định HSMT | R7: 0.5 | S7: 0.5 | V7: =R7*$C$20+S7*$D$20 -> 875000
A8: 3 | B8: Kiểm tra, đánh giá tính hợp lệ của HSDT cho gói thầu | C8: 1 | D8: 0.5 | G8: =C8*$C$20+D8*$D$20+E8*$E$20 -> 1250000 | P8: 3 | Q8: Kiểm tra, đánh giá Báo cáo đánh giá HSDT | R8: 0.5 | S8: 0.5 | V8: =R8*$C$20+S8*$D$20 -> 875000
A9: 4 | B9: Đánh giá chi tiết hồ sơ dự thầu | C9: 1 | D9: 1 | G9: =C9*$C$20+D9*$D$20+E9*$E$20 -> 1750000 | P9: 4 | Q9: Kiểm tra, đánh giá KQLCNT | R9: 1 | S9: 0.5 | V9: =R9*$C$20+S9*$D$20 -> 1250000
A10: 5 | B10: Lập Báo cáo đánh giá HSDT | C10: 1 | D10: 0.5 | G10: =C10*$C$20+D10*$D$20+E10*$E$20 -> 1250000 | P10: 5 | Q10: Lập Báo cáo thẩm định KQLCNT | R10: 0.5 | S10: 0.5 | V10: =R10*$C$20+S10*$D$20 -> 875000
A11: II | B11: Chi phí quản lý (55% của CG) (QL) | G11: =55%*G5 -> 4400000 | H11: Thông tư số 18/2024/TT-BTTTT | P11: II | Q11: Chi phí quản lý (55% của CG) (QL) | V11: =55%*V5 -> 2818750 | W11: Thông tư số 18/2024/TT-BTTTT
A12: III | B12: Chi phí khác (K) (văn phòng phẩm) | G12: =N25 -> 118750 | H12: Dự toán chi tiết | P12: III | Q12: Chi phí khác (K) (văn phòng phẩm) | V12: =N25 -> 118750 | W12: Dự toán chi tiết
A13: IV | B13: Thu nhập chịu thuế tính trước (TN) 6% của (CG+QL+K) | G13: =6%*(G5+G11+G12) -> 751125 | H13: Thông tư số 18/2024/TT-BTTTT | P13: IV | Q13: Thu nhập chịu thuế tính trước (TN) 6% của (CG+QL+K) | V13: =6%*(V5+V11+V12) -> 483750 | W13: Thông tư số 18/2024/TT-BTTTT
B14: Tổng trước VAT | G14: =G5+G11+G12+G13 -> 13269875 | Q14: Tổng trước VAT | V14: =V5+V11+V12+V13 -> 8546250
A15: V | B15: VAT: 8% của (CG+QL+K +TN) | G15: =8%*G14 -> 1061590 | P15: V | Q15: VAT: 8% của (CG+QL+K +TN) | V15: =8%*V14 -> 683700
A16: Tổng cộng | G16: =G14+G15 -> 14331465 | P16: Tổng cộng | V16: =V14+V15 -> 9229950
A18: Ghi chú: Lương chuyên gia tư vấn (CGTV) áp dụng Thông tư số 02/2015/TT-BLĐTBXH của Bộ Lao động - Thương binh và Xã hội | C18: Lương CGTV Mức 4 | D18: Lương CGTV Mức 3 | E18: Lương CGTV Mức 2 | F18: Lương CGTV Mức 1 | P18: Ghi chú: Lương chuyên gia tư vấn (CGTV) áp dụng Thông tư số 02/2015/TT-BLĐTBXH của Bộ Lao động - Thương binh và Xã hội | R18: Lương CGTV Mức 4 | S18: Lương CGTV Mức 3 | T18: Lương CGTV Mức 2 | U18: Lương CGTV Mức 1
A19: Lương tháng | C19: 15000000 | D19: 20000000 | E19: 30000000 | F19: 40000000 | P19: Lương tháng | R19: 15000000 | S19: 20000000 | T19: 30000000 | U19: 40000000
A20: Đơn giá ngày công | C20: 750000 | D20: 1000000 | E20: 1500000 | F20: 2000000 | P20: Đơn giá ngày công | R20: 750000 | S20: 1000000 | T20: 1500000 | U20: 2000000
I21: TT | J21: Vật tư, vật liệu | K21: Đơn vị | L21: Khối lượng | M21: Đơn giá (đồng) | N21: Thành tiền (đồng)
I22: 1 | J22: Giấy in/photocopy A4 | K22: Ram | L22: 1 | M22: 60000 | N22: =L22*M22 -> 60000 | O22: https://vanphongphamhn.com.vn/giay-in-plus-a4-pd167300.html
I23: 2 | J23: Giấy bìa đóng quyển A4, bìa mica | K23: gam | L23: 1 | M23: =(32000+71500)/2 -> 51750 | N23: =L23*M23 -> 51750 | O23: https://vppminhduc.vn/?gad_source=1&gclid=Cj0KCQjwlN6wBhCcARIsAKZvD5iJ81ell2LmN8hL1tQFTXfRdR5cpRZ6iQULJuBnHa16My5ggjLrPc0aAoTuEALw_wcB
I24: 3 | J24: Băng dính | K24: Cuộn | L24: 1 | M24: 7000 | N24: =L24*M24 -> 7000
J25: Tổng cộng | N25: =SUM(N22:N24) -> 118750

Sheet B8.Dinh muc nhan cong
B1: BẢNG 8 - DIỄN GIẢI CHI TIẾT CHI PHÍ TIỀN LƯƠNG LAO ĐỘNG
B2: Theo Quyết định số 320/QĐ-BKHCN ngày 30/3/2025 của Bộ Khoa học và Công nghệ hướng dẫn xác định đơn giá nhân công trong quản lý chi phí đầu tư ứng dụng công nghệ thông tin sử dụng nguồn vốn ngân sách nhà nước
B3: Mức lương cơ sở (MLcs) | D3: 2340000 | E3: Nghị định số 73/2024/NĐ-CP ngày 30/06/2024
B4: Số ngày làm việc trong tháng | D4: 26
B5: Chọn phân loại Vùng/Khu vực | D5: I | E5: Chọn giá trị
B6: Hệ số điều chỉnh | D6: =IFERROR(HLOOKUP(D5,$D$28:$G$29,2,TRUE),"") -> 1.2 | E6: Tự động
B7: Lương tối thiểu theo vùng (MLttv) | D7: =IFERROR(HLOOKUP(D5,$D$32:$G$33,2,TRUE),"") -> 4960000 | E7: Tự động
A9: TT | B9: Tiêu chí xác định | C9: Mã ghi chú | D9: Cách tính | E9: Cấp bậc, hệ số, mức lương | M9: Ghi chú
A10: 1 | B10: Cấp bậc kỹ sư | C10: KSb | D10: Theo quy định | E10: KS1 | F10: KS2 | G10: KS3 | H10: KS4 | I10: KS5 | J10: KS6 | K10: KS7 | L10: KS8
A11: 2 | B11: Hệ số lương | C11: Hcb | D11: Theo quy định | E11: 2.34 | F11: 2.65 | G11: 2.96 | H11: 3.27 | I11: 3.58 | J11: 3.89 | K11: 4.2 | L11: 4.51 | M11: Quyết định số 320/QĐ-BKHCN ngày 30/3/2025 của Bộ Khoa học và Công nghệ
A12: 3 | B12: Mức lương cơ sở | C12: MLcs | D12: Theo quy định | E12: =$D$3 -> 2340000 | F12: =$D$3 -> 2340000 | G12: =$D$3 -> 2340000 | H12: =$D$3 -> 2340000 | I12: =$D$3 -> 2340000 | J12: =$D$3 -> 2340000 | K12: =$D$3 -> 2340000 | L12: =$D$3 -> 2340000
A13: 4 | B13: Hệ số điều chỉnh | C13: Hđc | D13: Theo quy định | E13: =$D$6 -> 1.2 | F13: =$D$6 -> 1.2 | G13: =$D$6 -> 1.2 | H13: =$D$6 -> 1.2 | I13: =$D$6 -> 1.2 | J13: =$D$6 -> 1.2 | K13: =$D$6 -> 1.2 | L13: =$D$6 -> 1.2 | M13: Quyết định số 320/QĐ-BKHCN ngày 30/3/2025 của Bộ Khoa học và Công nghệ, vùng I
A14: 5 | B14: Lương cơ bản/tháng | C14: Lcb | D14: MLcs*Hcb | E14: =E11*E12 -> 5475600 | F14: =F11*F12 -> 6201000 | G14: =G11*G12 -> 6926400 | H14: =H11*H12 -> 7651800 | I14: =I11*I12 -> 8377200 | J14: =J11*J12 -> 9102600 | K14: =K11*K12 -> 9828000 | L14: =L11*L12 -> 10553400
A15: 6 | B15: Mức lương lao động/tháng | C15: MLcb | D15: MLcs*Hcb *(1+Hđc) | E15: =E12*E11*(1+E13) -> 12046320 | F15: =F12*F11*(1+F13) -> 13642200 | G15: =G12*G11*(1+G13) -> 15238080 | H15: =H12*H11*(1+H13) -> 16833960 | I15: =I12*I11*(1+I13) -> 18429840 | J15: =J12*J11*(1+J13) -> 20025720 | K15: =K12*K11*(1+K13) -> 21621600 | L15: =L12*L11*(1+L13) -> 23217480
A16: 7 | B16: Các chi phí bảo hiểm | C16: CPBH | D16: BHxh+BHyt+BHtn+CĐP | E16: =SUBTOTAL(9,E17:E20) -> 1286766 | F16: =SUBTOTAL(9,F17:F20) -> 1457235 | G16: =SUBTOTAL(9,G17:G20) -> 1627704 | H16: =SUBTOTAL(9,H17:H20) -> 1798173 | I16: =SUBTOTAL(9,I17:I20) -> 1968642 | J16: =SUBTOTAL(9,J17:J20) -> 2139111 | K16: =SUBTOTAL(9,K17:K20) -> 2309580 | L16: =SUBTOTAL(9,L17:L20) -> 2480049
B17: - Bảo hiểm xã hội | C17: BHxh | D17: 17.5%*max(Lcb,MLttv) | E17: =IF(E$14>$D$7,E$11*E12*17.5%,$D$7*17.5%) -> 958230 | F17: =IF(F$14>$D$7,F$11*F12*17.5%,$D$7*17.5%) -> 1085175 | G17: =IF(G$14>$D$7,G$11*G12*17.5%,$D$7*17.5%) -> 1212120 | H17: =IF(H$14>$D$7,H$11*H12*17.5%,$D$7*17.5%) -> 1339065 | I17: =IF(I$14>$D$7,I$11*I12*17.5%,$D$7*17.5%) -> 1466010 | J17: =IF(J$14>$D$7,J$11*J12*17.5%,$D$7*17.5%) -> 1592955 | K17: =IF(K$14>$D$7,K$11*K12*17.5%,$D$7*17.5%) -> 1719900 | L17: =IF(L$14>$D$7,L$11*L12*17.5%,$D$7*17.5%) -> 1846845 | M17: 1. Điều 32. Luật Bảo hiểm xã hội số 41/2024/QH15 quy định: (1) 3% vào quỹ ốm đau và thai sản; (2) 14% vào quỹ hưu trí và tử tuất. 2. Điều 22 - Quyết định 595/QĐ-BHXH quy định từ ngày 01/06/2017: (1) 0.5% vào quỹ bảo hiểm tai nạn lao động, bệnh nghề nghiệp; (2) 0.5% Bảo hiểm tai nạn lao động 3. Nghị định 143/2018/NĐ-CP và Thông báo 4447/TB-BHXH ngày 22/12/2021
B18: - Bảo hiểm y tế | C18: BHyt | D18: 3%*max(Lcb,MLttv) | E18: =IF(E$14>$D$7,E$11*E12*3%,$D$7*3%) -> 164268 | F18: =IF(F$14>$D$7,F$11*F12*3%,$D$7*3%) -> 186030 | G18: =IF(G$14>$D$7,G$11*G12*3%,$D$7*3%) -> 207792 | H18: =IF(H$14>$D$7,H$11*H12*3%,$D$7*3%) -> 229554 | I18: =IF(I$14>$D$7,I$11*I12*3%,$D$7*3%) -> 251316 | J18: =IF(J$14>$D$7,J$11*J12*3%,$D$7*3%) -> 273078 | K18: =IF(K$14>$D$7,K$11*K12*3%,$D$7*3%) -> 294840 | L18: =IF(L$14>$D$7,L$11*L12*3%,$D$7*3%) -> 316602 | M18: Điều 18 Quyết định số 595/QĐ-BHXH
B19: - Bảo hiểm thất nghiệp | C19: BHtn | D19: 1%*max(Lcb,MLttv) | E19: =IF(E$14>$D$7,E$11*E12*1%,$D$7*1%) -> 54756 | F19: =IF(F$14>$D$7,F$11*F12*1%,$D$7*1%) -> 62010 | G19: =IF(G$14>$D$7,G$11*G12*1%,$D$7*1%) -> 69264 | H19: =IF(H$14>$D$7,H$11*H12*1%,$D$7*1%) -> 76518 | I19: =IF(I$14>$D$7,I$11*I12*1%,$D$7*1%) -> 83772 | J19: =IF(J$14>$D$7,J$11*J12*1%,$D$7*1%) -> 91026 | K19: =IF(K$14>$D$7,K$11*K12*1%,$D$7*1%) -> 98280 | L19: =IF(L$14>$D$7,L$11*L12*1%,$D$7*1%) -> 105534 | M19: Điều 14 Quyết định 595/QĐ-BHXH
B20: - Công đoàn phí | C20: CĐP | D20: 2%*max(Lcb,MLttv) | E20: =IF(E$14>$D$7,E$11*E12*2%,$D$7*2%) -> 109512 | F20: =IF(F$14>$D$7,F$11*F12*2%,$D$7*2%) -> 124020 | G20: =IF(G$14>$D$7,G$11*G12*2%,$D$7*2%) -> 138528 | H20: =IF(H$14>$D$7,H$11*H12*2%,$D$7*2%) -> 153036 | I20: =IF(I$14>$D$7,I$11*I12*2%,$D$7*2%) -> 167544 | J20: =IF(J$14>$D$7,J$11*J12*2%,$D$7*2%) -> 182052 | K20: =IF(K$14>$D$7,K$11*K12*2%,$D$7*2%) -> 196560 | L20: =IF(L$14>$D$7,L$11*L12*2%,$D$7*2%) -> 211068 | M20: Điều 5 Nghị định 191/2013/NĐ-CP ngày 21/11/2013
A21: 8 | B21: Giá nhân công trực tiếp/tháng | C21: NCt | D21: MLcb+CPBH | E21: =E15+E16 -> 13333086 | F21: =F15+F16 -> 15099435 | G21: =G15+G16 -> 16865784 | H21: =H15+H16 -> 18632133 | I21: =I15+I16 -> 20398482 | J21: =J15+J16 -> 22164831 | K21: =K15+K16 -> 23931180 | L21: =L15+L16 -> 25697529
A22: 9 | B22: Giá nhân công trực tiếp/ngày | C22: NCn | D22: NCt/26 | E22: =E21/26 -> 512811 | F22: =F21/26 -> 580747.5 | G22: =G21/26 -> 648684 | H22: =H21/26 -> 716620.5 | I22: =I21/26 -> 784557 | J22: =J21/26 -> 852493.5 | K22: =K21/26 -> 920430 | L22: =L21/26 -> 988366.5 | M22: 1 tháng: 26 ngày làm việc
A23: 10 | B23: Giá nhân công trực tiếp/giờ | C23: NCg | D23: NCn/8 | E23: =ROUND(E22/8,0) -> 64101 | F23: =ROUND(F22/8,0) -> 72593 | G23: =ROUND(G22/8,0) -> 81086 | H23: =ROUND(H22/8,0) -> 89578 | I23: =ROUND(I22/8,0) -> 98070 | J23: =ROUND(J22/8,0) -> 106562 | K23: =ROUND(K22/8,0) -> 115054 | L23: =ROUND(L22/8,0) -> 123546 | M23: Một ngày: 8h làm việc
B27: Hệ số điều chỉnh theo vùng (căn cứ Quyết định số 320/QĐ-BKHCN ngày 30/3/2025 của Bộ Khoa học và Công nghệ)
B28: Vùng | D28: I | E28: II | F28: III | G28: IV
B29: Hệ số điều chỉnh | D29: 1.2 | E29: 0.9 | F29: 0.7 | G29: 0.5
B31: Nghị định 74/2024/NĐ-CP quy định về mức lương tối thiểu vùng áp dụng đối với người lao động làm việc theo hợp đồng lao động
B32: Vùng | D32: I | E32: II | F32: III | G32: IV
B33: Mức lương tối thiểu vùng áp dụng đối với người lao động làm việc ở doanh nghiệp | D33: 4960000 | E33: 4410000 | F33: 3860000 | G33: 3450000
B35: Nghị định số 73/2024/NĐ-CP ngày 30/06/2024
B36: Mức lương cơ sở (Từ ngày 01 tháng 7 năm 2024) | D36: 2340000
A41: DIỄN GIẢI CHI PHÍ THUÊ CHUYÊN GIA THỰC HIỆN CÁC CÔNG TÁC TƯ VẤN
A42: - Căn cứ lập dự toán: + Thông tư 004/2025/TT-BNV của Bộ Nội vụ , ngày 07 tháng 05 năm 2015, v.v "QUY ĐỊNH MỨC LƯƠNG CỦA CHUYÊN GIA TƯ VẤN TRONG NƯỚC LÀM CƠ SỞ CHO VIỆC XÁC ĐỊNH GIÁ GÓI THẦU"
B44: Lương chuyên gia tư vấn (CGTV) áp dụng thông tư 004/2025/TT-BNV của Bộ Nội vụ | D44: MỨC CHUYÊN GIA
D45: Mức 4 (dưới 5 năm kinh nghiệm) | F45: Mức 3 (đến 10 năm kinh nghiệm) | H45: Mức 2 (Đến 15 năm kinh nghiệm) | J45: Mức 1 (từ 15 năm kinh nghiệm trở lên)
B46: Trường hợp cần thiết, đối với dự án, công trình có quy mô lớn, kỹ thuật phức tạp, sử dụng công nghệ hiện đại đòi hỏi chuyên gia tư vấn có trình độ chuyên môn kỹ thuật đặc biệt, khả năng cung ứng của thị trường lao động còn hạn chế hoặc điều kiện làm việc khó khăn, ở vùng sâu, vùng xa, chủ đầu tư hoặc bên mời thầu lựa chọn, báo cáo người có thẩm quyền xem xét, quyết định mức lương chuyên gia tư vấn cao hơn nhưng tối đa không quá 1.5 lần so với mức lương quy định | D46: * Hoặc là Chuyên gia tư vấn có bằng đại học đúng chuyên ngành tư vấn và có dưới 5 năm kinh nghiệm trong chuyên ngành tư vấn. * Hoặc là Chuyên gia tư vấn có bằng thạc sĩ trở lên đúng chuyên ngành tư vấn và có dưới 3 năm kinh nghiệm trong chuyên ngành tư vấn. | F46: * Hoặc là Chuyên gia tư vấn có bằng đại học đúng chuyên ngành tư vấn và có từ 5 đến dưới 10 năm kinh nghiệm trong chuyên ngành tư vấn. * Hoặc là Chuyên gia tư vấn có bằng thạc sĩ trở lên và có từ 3 đến dưới 5 năm kinh nghiệm trong chuyên ngành tư vấn. | H46: * Hoặc là Chuyên gia tư vấn có bằng đại học đúng chuyên ngành tư vấn và có từ 10 đến dưới 15 năm kinh nghiệm trong chuyên ngành tư vấn; * Hoặc là Chuyên gia tư vấn có bằng thạc sĩ trở lên đúng chuyên ngành tư vấn và có từ 5 đến dưới 8 năm kinh nghiệm trong chuyên ngành tư vấn; * Hoặc là Chuyên gia tư vấn đảm nhiệm chức danh chủ trì triển khai một hoặc một số hạng mục thuộc gói thầu tư vấn. | J46: * Hoặc là Chuyên gia tư vấn có bằng đại học đúng chuyên ngành tư vấn và có từ 15 năm kinh nghiệm trở lên trong chuyên ngành tư vấn; * Hoặc là Chuyên gia tư vấn có bằng thạc sĩ trở lên đúng chuyên ngành tư vấn và có từ 8 năm kinh nghiệm trở lên trong chuyên ngành tư vấn. * Hoặc là Chuyên gia tư vấn đảm nhiệm chức danh Trưởng nhóm tư vấn hoặc chủ trì tổ chức, điều hành gói thầu tư vấn.
B47: Lương tháng (đ/tháng) Tại Điều 3 Thông tư | D47: 30000000 | F47: 40000000 | H47: 55000000 | J47: 70000000
B48: Lương ngày (đ/ngày) Tại điều 3 Thông tư Mức lương theo ngày áp dụng đối với chuyên gia tư vấn có thời gian làm việc đủ 8 giờ, được xác định trên cơ sở mức lương theo tháng quy định tại khoản 1 Điều này chia cho 26 ngày. | D48: =D47/26 -> 1153846.2 | F48: =F47/26 -> 1538461.5 | H48: =H47/26 -> 2115384.6 | J48: =J47/26 -> 2692307.7
B52: Mã hiệu | C52: Nhân sự theo ngạch bậc | D52: Phát triển phần mềm
D53: Số lượng | E53: Giờ công (VND/người/giờ)
B54: KS1 | C54: KS bậc 1/8 | D54: 0 | E54: =HLOOKUP(B54,$A$10:$L$23,14,FALSE) -> 64101
B55: KS2 | C55: KS bậc 2/8 | D55: 8 | E55: =HLOOKUP(B55,$A$10:$L$23,14,FALSE) -> 72593
B56: KS3 | C56: KS bậc 3/8 | D56: 0 | E56: =HLOOKUP(B56,$A$10:$L$23,14,FALSE) -> 81086
B57: KS4 | C57: KS bậc 4/8 | D57: 0 | E57: =HLOOKUP(B57,$A$10:$L$23,14,FALSE) -> 89578
B58: KS5 | C58: KS bậc 5/8 | D58: 0 | E58: =HLOOKUP(B58,$A$10:$L$23,14,FALSE) -> 98070
B59: KS6 | C59: KS bậc 6/8 | D59: 0 | E59: =HLOOKUP(B59,$A$10:$L$23,14,FALSE) -> 106562
B60: KS7 | C60: KS bậc 7/8 | D60: 0 | E60: =HLOOKUP(B60,$A$10:$L$23,14,FALSE) -> 115054
B61: KS8 | C61: KS bậc 8/8 | D61: 0 | E61: =HLOOKUP(B61,$A$10:$L$23,14,FALSE) -> 123546
C62: Tính giờ công trung bình (H) | D62: =SUM(D54:D61) -> 8 | E62: =SUMPRODUCT(D54:D61,E54:E61)/D62 -> 72593

Sheet B9. CP THUÊ PM
A1: Bảng 9. BẢNG TÍNH CHI PHÍ THUÊ DỊCH VỤ CNTT THEO YÊU CẦU RIÊNG (Gtdv)
A2: *Căn cứ tính toán: - Thông tư số 18/2024/TT-BTTTT ngày 30/12/2024 của Bộ Thông tin và Truyền thông: Quy định lập và quản lý chi phí đầu tư ứng dụng công nghệ thông tin, thuê dịch vụ công nghệ thông tin sử dụng nguồn vốn ngân sách nhà nước
A4: STT | B4: Nội dung | C4: Diễn giải | D4: Đơn vị tính | E4: Giá trị | F4: Ghi chú
A5: 1 | B5: Chi phí thuê dịch vụ CNTT theo yêu cầu riêng trong thời gian 3 năm | C5: Gtdv = Gdv*n | D5: đồng | E5: =E6*E13 -> 3247794000
A6: 2 | B6: Chi phí thuê dịch vụ CNTT theo yêu cầu riêng trong chu kỳ thanh toán | C6: Gdv =((Td*r*(1+r)^n - S*r)/ ((1+r)^n - 1))*(1+GTGT) | D6: đồng | E6: =ROUND((E7*E8*(1+E8)^E13-E11*E8)/(((1+E8)^E13-1))*1.1,-3) -> 541299000 | F6: 1. Theo công thức 2. Các chu kỳ thanh toán đều nhau 3. Tính cho phương án thanh toán vào cuối kỳ
A7: 2.1 | B7: Chi phí xây dựng, phát triển hình thành dịch vụ | C7: Td | D7: đồng | E7: ='B11. Du toan GTPM '!D11 -> 4249443000 | F7: Tham chiếu Chi phí xây dựng phát triển hình thành Hệ thống quản lý văn bản và điều hành điện tử tại Bảng 11 - Bảng tính toán giá trị phần mềm
A8: 2.2 | B8: Mức lãi suất cho thuê theo kỳ thanh toán | C8: r = N/k | D8: % | E8: =ROUND(E9/E10,4) -> 0.0209 | F8: Theo công thức
A9: 2.2.1 | B9: Bình quân lãi suất trung bình | C9: N | D9: % | E9: ='B10. Lãi suất'!G5 -> 0.0418 | F9: Tham chiếu Bảng 10. Bảng tính bình quân lãi suất trung bình của các ngân hàng
A10: 2.2.2 | B10: Số kỳ thanh toán trong một năm thuê dịch vụ theo yêu cầu riêng | C10: k | D10: kỳ | E10: 2 | F10: Số kỳ thanh toán trong 1 năm thuê dịch vụ.
A11: 2.4 | B11: Giá trị còn lại của tài sản cấu thành dịch vụ của bên cho thuê tại thời điểm kết thúc thời gian thuê dịch vụ theo yêu cầu riêng | C11: S = Td/kh*(kh-n) | D11: đồng | E11: =ROUND(E7/E12*(E12-C17),0) -> 1699777200
A12: 2.4.1 | B12: Thời gian khấu hao | C12: kh | D12: năm | E12: 5
A13: 3 | B13: Số kỳ thanh toán trong thời gian thuê dịch vụ theo yêu cầu riêng | C13: n | D13: kỳ | E13: 6 | F13: Thanh toán 6 tháng/lần, 1 năm thanh toán 2 lần nên số kỳ thanh toán là 2 x 3 = 6 kỳ
B17: Số năm thuê dịch vụ | C17: 3 | D17: (năm)
B18: Số kỳ thanh toán trong 1 năm | C18: =E10 -> 2 | D18: (kỳ)
B19: Thời gian khấu hao | C19: 5 | D19: (năm)

Sheet B10. Lãi suất
A1: Bảng 10. BẢNG TÍNH BÌNH QUÂN LÃI SUẤT TRUNG BÌNH CỦA NGÂN HÀNG
A3: STT | B3: Ngân hàng | C3: Lãi suất huy động tiền gửi Việt Nam đồng | E3: Lãi suất trung bình | F3: Bình quân lãi suất trung bình
C4: Kỳ hạn 01 năm | D4: Kỳ hạn 05 năm
A5: 1 | B5: Vietcombank | C5: 0.041 | D5: 0.042 | E5: =ROUND((C5+D5)/2,4) -> 0.0415 | F5: =ROUND(SUM(E5:E7)/3,4) -> 0.0418 | G5: =F5 -> 0.0418
A6: 2 | B6: BIDV | C6: 0.042 | D6: =C6 -> 0.042 | E6: =ROUND((C6+D6)/2,4) -> 0.042
A7: 3 | B7: Vietinbank | C7: 0.042 | D7: =C7 -> 0.042 | E7: =ROUND((C7+D7)/2,4) -> 0.042

Sheet B11. Du toan GTPM 
A2: BẢNG 11: BẢNG TÍNH TOÁN GIÁ TRỊ PHẦN MỀM
A3: Căn cứ: - Quyết định số 671/QĐ-BTTTT, ngày 26 tháng 4 năm 2024, v/v Ban hành hướng dẫn xác định chi phí phần mềm nội bộ - Quyết định số 129/QĐ-BTTTT, ngày 03/02/2021, v/v Ban hành hướng dẫn xác định đơn giá nhân công trong quản lý chi phí đầu tư ứng dụng công nghệ thông tin sử dụng nguồn vốn ngân sách nhà nước Lưu ý: Cách viết thống nhất số thập phân (sử dụng ký tự "." hoặc "," cần nhất quán trong tài liệu)
A5: GIÁ TRỊ DỰ TOÁN PHẦN MỀM NỘI BỘ
A6: TT | B6: Khoản mục chi phí | C6: Diễn giải | D6: Giá trị | E6: Ghi chú
A7: 1 | B7: Chi phí trực tiếp xây dựng, phát triển, nâng cấp, mở rộng phần mềm nội bộ (G) | C7: G = 1.4*E*P*H | D7: =D25 -> 2.4296411e+09
A8: 2 | B8: Chi phí chung (C) | C8: C = 65%*G | D8: =65%*D7 -> 1.5792667e+09
A9: 3 | B9: Thu nhập chịu thuế tính trước (TL) | C9: TL = 6%*(G + C) | D9: =6%*(D7+D8) -> 2.4053447e+08
A10: 4 | B10: Chi phí của phần mềm (Gpm) | C10: Gpm = G + C + TL | D10: =SUM(D7+D8+D9) -> 4.2494423e+09
A11: TỔNG CỘNG | C11: Gpm (làm tròn) | D11: =ROUNDUP(D10,-3) -> 4249443000
A13: DIỄN GIẢI CHI PHÍ TRỰC TIẾP XÂY DỰNG, PHÁT TRIỂN, NÂNG CẤP, MỞ RỘNG PHẦN MỀM NỘI BỘ
A14: TT | B14: Hạng mục | C14: Diễn giải | D14: Giá trị | E14: Ghi chú
A15: I | B15: Tính điểm trường hợp sử dụng - Use case
A16: 1 | B16: Điểm Actor (TAW) | D16: ='B11.2.Diem tac nhan'!F7 -> 19 | E16: Tham chiếu bảng 11.2 - Bảng tính toán điểm các tác nhân (actors) tương tác, trao đổi thông tin với phần mềm
A17: 2 | B17: Điểm Use-case (TBF) | D17: ='B11.1.Tong hop Usecases'!F18 -> 657 | E17: Tham chiếu bảng 11.1 - Bảng tính toán điểm các trường hợp sử dụng
A18: 3 | B18: Tính điểm UUCP | C18: UUCP = TAW +TBF | D18: =D17+D16 -> 676 | E18: Theo công thức
A19: 4 | B19: Hệ số phức tạp KT-CN (TCF) | C19: TCF = 0.6 + (0.01 x TFW) | D19: ='B11.3.He so Cong nghe'!E20 -> 1.03 | E19: Tham chiếu bảng 11.3 - Bảng tính toán hệ số phức tạp kỹ thuật - công nghệ
A20: 5 | B20: Hệ số phức tạp về môi trường (EF) | C20: EF = 1.4 + (-0.03 x EFW) | D20: ='B11.4.He so Moi truong'!F15 -> 0.86 | E20: Tham chiếu bảng 11.4 - Bảng tính toán hệ số tác động môi trường và nhóm làm việc, hệ số phức tạp về môi trường, xác định độ ổn định kinh nghiệm và nội suy thời gian lao động
A21: 6 | B21: Tính điểm AUCP | C21: AUCP = UUCP x TCF x EF | D21: =D18*D19*D20 -> 598.8008 | E21: Theo công thức
A22: II | B22: Nội suy thời gian lao động (P) | C22: P: người/giờ/AUCP | D22: ='B11.4.He so Moi truong'!G17 -> 23.954545 | E22: Nội suy từ độ ổn định kinh nghiệm (ES), tham chiếu bảng 11.4
A23: III | B23: Giá trị nỗ lực thực tế (E) | C23: E = 10/6 x AUCP | D23: =ROUNDUP(D21*10/6,3) -> 998.002 | E23: Theo công thức
A24: IV | B24: Mức lương lao động bình quân (H) | C24: H = Giá nhân công trực tiếp/giờ | D24: ='B8.Dinh muc nhan cong'!E62 -> 72593 | E24: Tham chiếu bảng 8 - Diễn giải chi tiết chi phí tiền lương lao động
A25: V | B25: Giá trị phần mềm nội bộ (G) | C25: G = 1.4 x E x P x H | D25: =1.4*D23*D22*D24 -> 2.4296411e+09
B26: Làm tròn | D26: =ROUNDDOWN(D25,-6) -> 2429000000

Sheet B11.1.Tong hop Usecases
A2: BẢNG 11.1 - BẢNG TÍNH TOÁN ĐIỂM CÁC TRƯỜNG HỢP SỬ DỤNG (USE-CASE) - TBF
A4: STT | B4: Loại | C4: Trọng số | D4: Hệ số BMT | E4: Số trường hợp sử dụng | F4: Điểm của từng loại trường hợp sử dụng | G4: Ghi chú
A5: 1 | B5: B | E5: =SUBTOTAL(9,E6:E8) -> 60 | G5: Trường hợp sử dụng có các giao dịch mô tả yêu cầu chức năng nghiệp vụ của phần mềm, không bao gồm chức năng được phân loại M và T.
B6: Đơn giản | C6: 5 | D6: 1 | E6: ='B11.5.DS.Usecase'!C489 -> 21 | F6: =C6*D6*E6 -> 105 | G6: Có số lượng giao dịch < 4
B7: Trung bình | C7: 10 | D7: 1 | E7: ='B11.5.DS.Usecase'!C490 -> 39 | F7: =C7*D7*E7 -> 390 | G7: Có số lượng giao dịch từ 4 đến 7
B8: Phức tạp | C8: 15 | D8: 1 | E8: ='B11.5.DS.Usecase'!C491 -> 0 | F8: =C8*D8*E8 -> 0 | G8: Có số lượng giao dịch > 7
A9: 2 | B9: M | E9: =SUBTOTAL(9,E10:E12) -> 27 | G9: Trường hợp sử dụng có các giao dịch mô tả yêu cầu chức năng kết nối, liên thông, chia sẻ dữ liệu với các hệ thống hạ tầng kỹ thuật, phần mềm, CSDL liên quan.
B10: Đơn giản | C10: 5 | D10: 1.2 | E10: ='B11.5.DS.Usecase'!C493 -> 27 | F10: =C10*D10*E10 -> 162 | G10: Có số lượng giao dịch < 4
B11: Trung bình | C11: 10 | D11: 1.2 | E11: ='B11.5.DS.Usecase'!C494 -> 0 | F11: =C11*D11*E11 -> 0 | G11: Có số lượng giao dịch từ 4 đến 7
B12: Phức tạp | C12: 15 | D12: 1.2 | E12: ='B11.5.DS.Usecase'!C495 -> 0 | F12: =C12*D12*E12 -> 0 | G12: Có số lượng giao dịch > 7
A13: 3 | B13: T | E13: =SUBTOTAL(9,E14:E16) -> 0 | G13: Trường hợp sử dụng có các giao dịch mô tả yêu cầu chức năng ứng dụng công nghệ trí tuệ nhân tạo (AI), chuỗi khhối (blockchain), thực tế ảo/thực tế tăng cường (VR/AR), Datamining, Digital Twin… để hỗ trợ ra quyết định
B14: Đơn giản | C14: 5 | D14: 1.5 | E14: ='B11.5.DS.Usecase'!C497 -> 0 | F14: =C14*D14*E14 -> 0 | G14: Có số lượng giao dịch < 4
B15: Trung bình | C15: 10 | D15: 1.5 | E15: ='B11.5.DS.Usecase'!C498 -> 0 | F15: =C15*D15*E15 -> 0 | G15: Có số lượng giao dịch từ 4 đến 7
B16: Phức tạp | C16: 15 | D16: 1.5 | E16: ='B11.5.DS.Usecase'!C499 -> 0 | F16: =C16*D16*E16 -> 0 | G16: Có số lượng giao dịch > 7
A17: Cộng (1+2+3) | E17: TBF
A18: TỔNG HỢP | E18: =SUBTOTAL(9,E5:E16) -> 87 | F18: =SUBTOTAL(9,F5:F16) -> 657

Sheet B11.2.Diem tac nhan
A1: BẢNG 11.2 - BẢNG TÍNH TOÁN ĐIỂM CÁC TÁC NHÂN (ACTORS) TƯƠNG TÁC, TRAO ĐỔI THÔNG TIN VỚI PHẦN MỀM (TAW)
A3: TT | B3: Loại Actor | C3: Mô tả | D3: Trọng số | E3: Số tác nhân | F3: Điểm của từng loại tác nhân
A4: 1 | B4: Đơn giản | C4: Giao diện lập trình ứng dụng (API) | D4: 1 | E4: =COUNTIF($B$12:$B$21,B4) -> 5 | F4: =D4*E4 -> 5
A5: 2 | B5: Trung bình | C5: Giao diện dòng lệnh (CLI) hoặc giao diện thông qua một giao thức nào đó nhưng không phải giao diện lậo trình ứng dụng (API) | D5: 2 | E5: =COUNTIF($B$12:$B$21,B5) -> 1 | F5: =D5*E5 -> 2
A6: 3 | B6: Phức tạp | C6: Nếu tác nhân là một tương tác của người dùng với hệ thống thông qua một giao diện đồ họa | D6: 3 | E6: =COUNTIF($B$12:$B$21,B6) -> 4 | F6: =D6*E6 -> 12
A7: TAW - Cộng (1+2+3) | F7: =SUBTOTAL(9,F4:F6) -> 19
A10: DANH SÁCH ACTOR (TÁC NHÂN)
A11: TT | B11: Phân loại | C11: Danh sách tác nhân | D11: Trọng số | E11: Mô tả
A12: 1 | B12: Phức tạp | C12: Quản trị hệ thống | D12: 3
A13: 2 | B13: Phức tạp | C13: Chuyên viên nhập liệu | D13: 3
A14: 3 | B14: Phức tạp | C14: Chuyên viên khai thác | D14: 3
A15: 4 | B15: Phức tạp | C15: Lãnh đạo | D15: 3
A16: 5 | B16: Trung bình | C16: Công dân, Tổ chức ngoài | D16: 2
A17: 6 | B17: Đơn giản | C17: Phần mềm quản lý văn bản, điều hành và phòng họp không giấy tờ | D17: 1
A18: 7 | B18: Đơn giản | C18: Hệ thống quản trị tổng thể (ứng dụng di động và cổng truy cập web) | D18: 1
A19: 8 | B19: Đơn giản | C19: Hệ thống định danh và xác thực điện tử | D19: 1
A20: 9 | B20: Đơn giản | C20: Hệ thống kho dữ liệu dùng chung | D20: 1
A21: 10 | B21: Đơn giản | C21: Nền tảng kết nối chia sẻ của Bộ Tư pháp (LGSP) | D21: 1
A22: Các dòng mới phải được thêm trên dòng này

Sheet B11.3.He so Cong nghe
A2: BẢNG 11.3 - BẢNG TÍNH TOÁN HỆ SỐ PHỨC TẠP KỸ THUẬT-CÔNG NGHỆ (TCF)
A4: STT | B4: Các hệ số KT | C4: Trọng số | D4: Giá trị xếp hạng | E4: Kết quả | F4: Ghi chú
A5: I | B5: Hệ số KT - CN (TFW)
A6: 1 | B6: Xử lý phân tán | C6: 1 | D6: 4 | E6: =D6*C6 -> 4 | F6: - Hệ thống sử dụng kiến trúc Microservice, có khả năng xử lý phân tán. Trong đó, dữ liệu được truyền theo 2 chiều
A7: 2 | B7: Mức độ quan trọng của hiệu năng | C7: 1 | D7: 3 | E7: =D7*C7 -> 3 | F7: - Thời gian xử lý cần đảm bảo ở tốc độ cao, hệ thống có thời gian phản hồi trung bình dưới 10 giây đối với mỗi luồng công việc chính riêng rẽ và không bao gồm các luồng mang tính chất thống kê, báo cáo (thời gian phản hồi được tính từ khi người sử dụng gửi yêu cầu đáp ứng tới hệ thống cho đến khi nhận được dữ liệu phản hồi từ hệ thống). Hệ thống có thời gian phản hồi chậm nhất dưới 30 giây đối với toàn bộ các thao tác trên toàn trang và đảm bảo người dùng không có cảm giác về độ trễ của chương trình. Khi chương trình có độ trễ nhất định cho tác vụ, hệ thống cần có công cụ hiển thị lời thông báo hoặc biểu tượng hiển thị cho người dùng nhận biết được rằng hệ thống vẫn đang hoạt động. - Độ phức tạp xử lý của các chức năng phần mềm cần đảm bảo các chức năng thỏa mãn yêu cầu nghiệp vụ của người dùng hệ thống và đảm bảo tính logic về nghiệp vụ giữa các chức năng. - Hệ thống cần phải chú ý đến việc truy vấn dữ liệu với tốc độ xử lý nhanh nhất bằng cách phân thành nhiều thao tác nếu chức năng đó có nhiều thao tác truy vấn dữ liệu, hạn chế truy vấn có độ phức tạp cao sẽ dẫn đến hết thời gian (Time out) truy vấn dữ liệu
A8: 3 | B8: Hiệu quả sử dụng cho người dùng | C8: 1 | D8: 3 | E8: =D8*C8 -> 3 | F8: - Giao diện hệ thống cần được trình bày khoa học, hợp lý, thuận tiện cho người sử dụng và đảm bảo mỹ thuật hài hòa, giúp cho các thao tác nhập và khai thác, tra cứu dữ liệu được thuận tiện, nhanh chóng; - Hệ thống cần có khả năng hỗ trợ sử dụng các bộ gõ tiếng Việt khác nhau trong nhập liệu; sử dụng bảng mã Unicode để mã hóa và lưu trữ dữ liệu. - Hệ thống cần sử dụng các chuẩn về truy cập thông tin. - Với mỗi người sử dụng cần có phương án thực hiện hiển thị các chức năng tương ứng với phần việc chuyên trách, giúp Người sử dụng sử dụng dễ dàng và hiệu quả. - Có tài liệu HDSD trực tuyến. - Sử dụng nhiều màu sắc và hình ảnh nổi bật trong màn hình. - Có các ràng buộc đơn giản.
A9: 4 | B9: Độ phức tạp của xử lý bên trong | C9: 2 | D9: 3 | E9: =D9*C9 -> 6 | F9: - Trong quá trình sử dụng nếu xảy ra lỗi cú pháp lập trình, hệ thống đảm bảo không bị treo, hiển thị thông báo lỗi, dữ liệu đang thao tác trả về nguyên trạng trước khi xảy ra lỗi. - Hệ thống có cơ chế kiểm tra tính đúng đắn của dữ liệu đầu vào và thông báo cho người sử dụng. - Quy định về lỗi quy trình nghiệp vụ: Đảm bảo đúng và đầy đủ quy trình nghiệp vụ theo thiết kế thi công. - Yêu cầu xử lý nhiều loại thông tin đầu vào, đầu ra.
A10: 5 | B10: Khả năng tái sử dụng mã nguồn | C10: 1 | D10: 3 | E10: =D10*C10 -> 3 | F10: - Yêu cầu ứng dụng được đóng gói riêng và tài liệu hóa nhằm tạo điều kiện cho việc tái sử dụng lại. Có yêu cầu có thể tùy chỉnh ứng dụng để tái sử dụng bằng cách điều chỉnh mã nguồn.
A11: 6 | B11: Dễ cài đặt | C11: 0.5 | D11: 3 | E11: =D11*C11 -> 1.5 | F11: - Hệ thống có khả năng triển khai dễ dàng, cho phép người dùng là Cán bộ quản trị có thể tự cài đặt, cấu hình hệ thống hoặc cập nhật các bản vá lỗi hệ thống khi cần thiết.
A12: 7 | B12: Dễ vận hành | C12: 0.5 | D12: 3 | E12: =D12*C12 -> 1.5 | F12: - Việc vận hành hệ thống thực hiện theo quy trình, có yêu cầu phải lập quy trình vận hành hệ thống.
A13: 8 | B13: Khả năng chuyển đổi | C13: 1 | D13: 3 | E13: =D13*C13 -> 3 | F13: - Hệ thống có khả năng triển khai cài đặt trên các nền tảng hệ điều hành phổ biến như Windows, Linux. - Người dùng có khả năng truy cập hệ thống thông qua các trình duyệt web phổ biến như Chrome, Firefox, Edge, …
A14: 9 | B14: Dễ bảo trì | C14: 1 | D14: 3 | E14: =D14*C14 -> 3 | F14: - Có yêu cầu về việc chỉnh sửa hệ thống trong tương lai mà không cần lập trình lại từ đầu.
A15: 10 | B15: Xử lý đồng thời | C15: 1 | D15: 3 | E15: =D15*C15 -> 3 | F15: - Hệ thống cần đảm bảo sẵn sàng cho phép người dùng là các cán bộ quản trị tham gia đồng thời thực hiện các hoạt động nghiệp vụ trên hệ thống.
A16: 11 | B16: Mức độ bảo mật | C16: 2 | D16: 3 | E16: =D16*C16 -> 6 | F16: - Yêu cầu bảo mật mức 3
A17: 12 | B17: Sự phụ thuộc vào mã lệnh của bên thứ ba | C17: 1 | D17: 3 | E17: =D17*C17 -> 3 | F17: - Sử dụng thư viện có sẵn để xây dựng chức năng Hỗ trợ soạn thảo, nhưng cần phải sử lỗi và phát triển thêm để đáp ứng nhu cầu nghiệp vụ.
A18: 13 | B18: Mức độ hỗ trợ đào tạo người sử dụng | C18: 1 | D18: 3 | E18: =D18*C18 -> 3 | F18: Cần thực hiện đào tạo, hướng dẫn sử dụng cho các đối tượng người dùng của hệ thống đảm bảo người dùng nắm được nghiệp vụ và sử dụng hệ thống thành thạo
B19: Cộng I (TFW) | E19: =SUM(E6:E18) -> 43
A20: II | B20: Hệ số phức tạp về kỹ thuật (TCF): TCF = 0,6 + (0,01 x TFW) | E20: =(0.6+(0.01*E19)) -> 1.03
A23: Hệ số “Xử lý phân tán” (TFW1)
A24: Giá trị xếp hạng | B24: Yêu cầu cụ thể cho giá trị
A25: 0 | B25: Không yêu cầu xử lý phân tán.
A26: 1 | B26: Yêu cầu một lớp/thành phần của hệ thống tạo dữ liệu và truyền cho các lớp/thành phần khác của hệ thống để xử lý thủ công (có sự can thiệp của con người).
A27: 2 | B27: Yêu cầu một lớp/thành phần của hệ thống tạo dữ liệu và truyền cho các lớp/thành phần khác của hệ thống để xử lý tự động (không cần con người can thiệp vào việc xử lý).
A28: 3 | B28: Yêu cầu xử lý phân tán, dữ liệu được truyền theo một chiều (dữ liệu được xử lý tại một lớp/thành phần của hệ thống và được truyền qua lớp/thành phần khác của hệ thống xử lý tiếp).
A29: 4 | B29: Yêu cầu xử lý phân tán, dữ liệu được truyền theo hai chiều (dữ liệu được xử lý tại một lớp/thành phần của hệ thống và được truyền qua lớp/thành phần khác của hệ thống xử lý tiếp, sau khi xử lý xong, dữ liệu được truyền ngược lại cho lớp/thành phần ban đầu của hệ thống)
A30: 5 | B30: Yêu cầu hệ thống có thể tự động phân bổ tài nguyên (CPU, RAM, ...) một cách hợp lý cho các lớp/thành phần của hệ thống khi xử lý phân tán hoặc yêu cầu hệ thống tự động lựa chọn lớp/thành phần thích hợp nhất để xử lý.
A32: Hệ số “Mức độ quan trọng của hiệu năng” (TFW2)
A33: Giá trị xếp hạng | B33: Yêu cầu cụ thể cho giá trị
A34: 0 | B34: Không có yêu cầu về hiệu năng.
A35: 1 | B35: Có yêu cầu về hiệu năng nhưng không cụ thể
A36: 2 | B36: Yêu cầu cụ thể về hiệu năng trong giờ cao điểm. Không có yêu cầu thiết kế riêng biệt về sử dụng tài nguyên hệ thống để đáp ứng yêu cầu hiệu năng trong giờ cao điểm.
A37: 3 | B37: Yêu cầu cụ thể hiệu năng trong toàn bộ thời gian tác nghiệp. Không có yêu cầu thiết kế riêng biệt về sử dụng tài nguyên hệ thống để đáp ứng yêu cầu hiệu năng, yêu cầu cụ thể về thời gian phản hồi đối với các giao dịch được xử lý với các hệ thống (tích hợp) khác.
A38: 4 | B38: Gồm các yêu cầu trong trường hợp “Giá trị xếp hạng” = 3 và có yêu cầu phân tích cụ thể, rõ ràng hiệu năng trong thiết kế trên cơ sở các yêu cầu về hiệu năng được nêu.
A39: 5 | B39: Gồm các yêu cầu trong trường hợp “Giá trị xếp hạng” = 4 và yêu cầu có công cụ phân tích hiệu năng để sử dụng trong các giai đoạn phát triển, triển khai nhằm chứng minh việc đáp ứng các yêu cầu về hiệu năng đã đặt ra.
A41: Hệ số “Hiệu quả sử dụng cho người dùng” (TFW3)
A42: Giá trị xếp hạng | B42: Yêu cầu cụ thể cho giá trị
A43: 0 | B43: Không có yêu cầu nào về hiệu quả sử dụng theo các tiêu chí nêu dưới đây.
A44: 1 | B44: Yêu cầu đáp ứng từ 1 đến 3 tiêu chí nêu bên dưới
A45: 2 | B45: Yêu cầu đáp ứng từ 4 đến 5 tiêu chí nêu bên dưới
A46: 3 | B46: Yêu cầu đáp ứng từ 6 tiêu chí nêu bên dưới trở lên.
A47: 4 | B47: Yêu cầu đáp ứng từ 6 tiêu chí nêu bên dưới trở lên và phần mềm được thiết kế phải có các phương án, giải pháp để giảm thiểu thao tác nhập liệu thủ công, tối đa hóa các giá trị mặc định, sử dụng các mẫu biểu sẵn có.
A48: 5 | B48: Yêu cầu đáp ứng từ 7 tiêu chí nêu bên dưới trở lên và phần mềm được thiết kế phải có các phương án, giải pháp để giảm thiểu thao tác nhập liệu thủ công, tối đa hóa các giá trị mặc định, sử dụng các mẫu biểu sẵn có.
B49: Danh sách các tiêu chí tham chiếu/tham khảo:
B50: - Trợ giúp điều hướng (ví dụ: các menu được tạo động và thêm bớt tùy nhu cầu người dùng, Hypermedia thích hợp,…).;
B51: - Di chuyển con trỏ tự động (khi một trường thông tin đã được nhập xong, ví dụ như chọn giá trị trong danh sách thì con trỏ được chuyển sang trường thông tin tiếp theo);
B52: - Các phím chức năng được cài đặt sẵn (các phím tắt được gán cho các phím hoặc tổ hợp phím cho phép thực hiện tác vụ nào đó, như tổ hợp phím Alt+phím, Ctrl+phím,…);
B53: - Các ràng buộc đơn giản (ví dụ: tính hợp lệ của trường dữ liệu nhập vào, như dữ liệu kiểu số, dữ liệu ngày tháng,…) được kiểm tra ngay trên màn hình chức năng mà người dùng tương tác;
B54: - Sử dụng nhiều màu sắc và hình ảnh nổi bật trong màn hình (hoặc việc sử dụng màu sắc, hình ảnh hoặc hình nền có tính chất tương phản cao để làm nổi bật nội dung); giao diện có nét tương đồng về mặt thiết kế so với các ứng dụng mà người dùng đang sử dụng (đưa ra cụ thể các yêu cầu về giao diện để chứng minh tính tương đồng với các ứng dụng đang sử dụng);
B55: - Tối thiểu hóa số lượng giao diện để đạt được các mục tiêu nghiệp vụ (yêu cầu cụ thể số lượng giao diện tối thiểu);
B56: - Hỗ trợ và tài liệu trực tuyến (từ hệ thống có thể gọi chức năng trợ giúp tương ứng với chức năng đang chọn hoặc gọi tới tài liệu như một phần trong hệ thống);
B57: - Hỗ trợ song ngữ, đa ngôn ngữ;
B58: - Các tiêu chí khác.
A60: Hệ số “Độ phức tạp của xử lý bên trong” (TFW4)
A61: Giá trị xếp hạng | B61: Yêu cầu cụ thể cho giá trị
A62: 0 | B62: Không có yêu cầu nào trong 5 loại tiêu chí nêu bên dưới
A63: 1 | B63: Có 1 yêu cầu trong các tiêu chí nêu bên dưới
A64: 2 | B64: Có 2 yêu cầu trong các tiêu chí nêu bên dưới
A65: 3 | B65: Có 3 yêu cầu trong các tiêu chí nêu bên dưới
A66: 4 | B66: Có 4 yêu cầu trong các tiêu chí nêu bên dưới
A67: 5 | B67: Có 5 yêu cầu trong các tiêu chí nêu bên dưới
B69: Danh sách các tiêu chí tham chiếu/tham khảo:
B70: - Yêu cầu kiểm soát dữ liệu và/hoặc xử lý bảo mật riêng;
B71: - Yêu cầu xử lý lô-gic mở rộng: là các yêu cầu bổ sung thêm làm các chức năng hoàn thiện hơn (ví dụ: các xử lý kiểm tra tính hợp lý của dữ liệu nhập vào,…);
B72: - Yêu cầu có sử dụng công thức toán học: Yêu cầu sử dụng các công thức tính toán theo tỷ lệ, theo công thức định nghĩa trước hoặc theo các điều kiện dữ liệu khác nhau,...;
B73: - Yêu cầu xử lý ngoại lệ cho những giao dịch không hoàn chỉnh phải được xử lý lại (ví dụ: các giao dịch máy rút tiền tự động chưa hoàn thành do bị ngắt kết nối hoặc lỗi dữ liệu);
B74: - Yêu cầu xử lý nhiều loại thông tin đầu vào hoặc thông tin đầu ra (ví dụ: yêu cầu xử lý các loại thông tin dạng tệp, âm thanh, hình ảnh; yêu cầu xử lý thông tin đầu vào nhận được từ thiết bị đa phương tiện, thiết bị ngoại vi độc lập, giọng nói, đọc mã vạch, quét võng mạc, phân tích hơi thở,...);
B75: - Các tiêu chí khác.
A77: Hệ số “Khả năng tái sử dụng mã nguồn” (TFW5)
A78: Giá trị xếp hạng | B78: Yêu cầu cụ thể cho giá trị
A79: 0 | B79: Không có yêu cầu về việc tái sử dụng mã nguồn
A80: 1
A81: 2
A82: 3 | B82: Yêu cầu ứng dụng phải được đóng gói riêng và/hoặc tài liệu hóa nhằm tạo điều kiện cho việc tái sử dụng lại. Có yêu cầu có thể tùy chỉnh ứng dụng để tái sử dụng bằng cách điều chỉnh mã nguồn.
A83: 4
A84: 5 | B84: Yêu cầu ứng dụng phải được đóng gói riêng và/hoặc tài liệu hóa nhằm tạo điều kiện cho việc tái sử dụng lại. Có yêu cầu có thể tùy chỉnh ứng dụng để tái sử dụng bằng cách thay đổi tham số mà không cần điều chỉnh mã nguồn.
A87: Hệ số “Dễ cài đặt” (TFW6)
A88: Giá trị xếp hạng | B88: Yêu cầu cụ thể cho giá trị
A89: 0 | B89: Không có yêu cầu cài đặt.
A90: 1 | B90: Yêu cầu cung cấp công cụ hỗ trợ cài đặt tự động trên một môi trường vận hành phần mềm (hệ điều hành máy chủ, máy tính, thiết bị di động,…) không có yêu cầu thiết lập thông số khi cài đặt.
A91: 2 | B91: Yêu cầu cung cấp công cụ hỗ trợ cài đặt tự động trên một môi trường vận hành phần mềm (hệ điều hành máy chủ, máy tính, thiết bị di động,…), có yêu cầu thiết lập thông số khi cài đặt.
A92: 3 | B92: Yêu cầu cung cấp công cụ hỗ trợ cài đặt tự động trên một môi trường vận hành phần mềm (hệ điều hành máy chủ, máy tính, thiết bị di động,…), có yêu cầu thiết lập thông số khi cài đặt và có yêu cầu phải xây dựng tài liệu hướng dẫn cài đặt.
A93: 4 | B93: Yêu cầu cung cấp công cụ hỗ trợ cài đặt tự động trên hai môi trường vận hành phần mềm (hệ điều hành máy chủ, máy tính, thiết bị di động,…), yêu cầu thiết lập thông số khi cài đặt trên hai môi trường và có yêu cầu phải xây dựng tài liệu hướng dẫn cài đặt.
A94: 5 | B94: Yêu cầu cung cấp công cụ hỗ trợ cài đặt tự động từ ba môi trường vận hành phần mềm (hệ điều hành máy chủ, máy tính, thiết bị di động,…) trở lên, yêu cầu thiết lập thông số khi cài đặt trên các môi trường và có yêu cầu phải xây dựng tài liệu hướng dẫn cài đặt.
A96: Hệ số “Dễ vận hành” (TFW7)
A97: Giá trị xếp hạng | B97: Yêu cầu cụ thể cho giá trị
A98: 0 | B98: Việc vận hành hệ thống thực hiện đơn giản, không yêu cầu lập quy trình vận hành hệ thống.
A99: 1
A100: 2
A101: 3 | B101: Việc vận hành hệ thống thực hiện theo quy trình, có yêu cầu phải lập quy trình vận hành hệ thống.
A102: 4
A103: 5 | B103: Việc vận hành hệ thống thực hiện tự động, có nghĩa là không cần sự can thiệp của con người để vận hành hệ thống ngay cả khi có lỗi xảy ra, trừ việc khởi động hoặc tắt hệ thống. Hệ thống có chức năng tự khôi phục khi có lỗi.
A105: Hệ số “Khả năng chuyển đổi” (TFW8)
A106: Giá trị xếp hạng | B106: Yêu cầu cụ thể cho giá trị
A107: 0 | B107: Chỉ yêu cầu hệ thống vận hành trên một môi trường phần mềm và phần cứng cụ thể.
A108: 1
A109: 2
A110: 3 | B110: Có yêu cầu hệ thống vận hành được trên môi trường phần mềm hoặc phần cứng tương tự nhau.
A111: 4
A112: 5 | B112: Có yêu cầu hệ thống vận hành được trên nhiều môi trường phần mềm hoặc phần cứng không đồng nhất.
B114: Danh sách các tiêu chí tham chiếu/tham khảo:
...

Sheet B11.4.He so Moi truong
A1: BẢNG 11.4 - BẢNG TÍNH TOÁN HỆ SỐ TÁC ĐỘNG MÔI TRƯỜNG VÀ NHÓM LÀM VIỆC, HỆ SỐ PHỨC TẠP VỀ MÔI TRƯỜNG, XÁC ĐỊNH ĐỘ ỔN ĐỊNH KINH NGHIỆM VÀ NỘI SUY THỜI GIAN LAO ĐỘNG
A3: STT | B3: Các hệ số tác động môi trường | C3: Mức xếp hạng (Từ 0 đến 5) | D3: Trọng số chuẩn | E3: Giá trị xếp hạng | F3: Kết quả (KQ) | G3: Đánh giá độ ổn định KN
A4: I | B4: Hệ số tác động môi trường và nhóm dự án (EFW) | F4: =SUBTOTAL(9,F5:F14) -> 18
B5: Đánh giá cho từng thành viên
A6: F1 | B6: Có áp dụng quy trình phát triển phần mềm | C6: 0 = Dưới 10% các thành viên nhóm phát triển có kinh nghiệm 1 = Yêu cầu ít nhất 10% thành viên nhóm phát triển có kinh nghiệm 2 = Yêu cầu ít nhất 20% thành viên nhóm phát triển có kinh nghiệm 3 = Yêu cầu ít nhất 30% thành viên nhóm phát triển có kinh nghiệm 4 = Yêu cầu ít nhất 40% thành viên nhóm phát triển có kinh nghiệm 5 = Yêu cầu ít nhất 50% thành viên nhóm phát triển có kinh nghiệm | D6: 1.5 | E6: 3 | F6: =D6*E6 -> 4.5 | G6: =IF(F6>3,1,IF(F6>2,0.6,IF(F6>1,0.1,IF(F6>0,0.05,0)))) -> 1
A7: F2 | B7: Kinh nghiệm phát triển ứng dụng tương tự | D7: 0.5 | E7: 2 | F7: =D7*E7 -> 1 | G7: =IF(F7>3,1,IF(F7>2,0.6,IF(F7>1,0.1,IF(F7>0,0.05,0)))) -> 0.05
A8: F3 | B8: Kinh nghiệm về hướng đối tượng | D8: 1 | E8: 3 | F8: =D8*E8 -> 3 | G8: =IF(F8>3,1,IF(F8>2,0.6,IF(F8>1,0.1,IF(F8>0,0.05,0)))) -> 0.6
A9: F4 | B9: Kinh nghiệm của trưởng nhóm lập trình | C9: 0 = Không yêu cầu về kinh nghiệm của trưởng nhóm lập trình. 1 = Yêu cầu trưởng nhóm lập trình đã có kinh nghiệm làm trưởng nhóm lập trình 1 dự án/nhiệm vụ. 2 = Yêu cầu trưởng nhóm lập trình đã có kinh nghiệm làm trưởng nhóm lập trình 2 dự án/nhiệm vụ. 3 = Yêu cầu trưởng nhóm lập trình đã có kinh nghiệm làm trưởng nhóm lập trình 3 dự án/nhiệm vụ. 4 = Yêu cầu trưởng nhóm lập trình đã có kinh nghiệm làm trưởng nhóm lập trình 5 dự án/nhiệm vụ. 5 = Yêu cầu trưởng nhóm lập trình đã có kinh nghiệm làm trưởng nhóm lập trình 5 dự án/nhiệm vụ. | D9: 0.5 | E9: 3 | F9: =D9*E9 -> 1.5 | G9: =IF(F9>3,1,IF(F9>2,0.6,IF(F9>1,0.1,IF(F9>0,0.05,0)))) -> 0.1
A10: F5 | B10: Tính chủ động | C10: 0 = Yêu cầu nhóm phát triển có kế hoạch cụ thể công việc (hằng ngày), lập báo cáo công việc hằng ngày. 1 = Yêu cầu nhóm phát triển thực hiện báo cáo công việc hàng tuần. 2 = Yêu cầu nhóm phát triển thực hiện báo cáo công việc theo tháng. 3 = Yêu cầu nhóm phát triển thực hiện báo cáo công việc quý. 4 = Yêu cầu nhóm phát triển thực hiện báo cáo công việc theo các mốc công việc/sản phẩm trong kế hoạch thực hiện nhưng không yêu cầu lập báo cáo công việc định kỳ. 5 = Không yêu cầu nhóm phát triển thực hiện báo cáo theo các mốc công việc/sản phẩm trong kế hoạch thực hiện. | D10: 1 | E10: 4 | F10: =D10*E10 -> 4 | G10: =IF(F10>3,1,IF(F10>2,0.6,IF(F10>1,0.1,IF(F10>0,0.05,0)))) -> 1
B11: Đánh giá chung cho Dự án
A12: F6 | B12: Độ ổn định của các yêu cầu | C12: 0 = Các yêu cầu hệ thống không có độ ổn định, có thể có trên 50% số lượng Use case liên quan đến những yêu cầu nghiệp vụ cần phân tích, đặc tả cụ thể, chi tiết hơn. 1 = Các yêu cầu hệ thống có độ ổn định rất thấp, có thể có từ 30% đến 50% số lượng Use case liên quan đến những yêu cầu nghiệp vụ cần phân tích, đặc tả cụ thể, chi tiết hơn. 2 = Các yêu cầu hệ thống có độ ổn định thấp, có thể có từ 10% đến 30% số lượng Use case liên quan đến những yêu cầu nghiệp vụ cần phân tích, đặc tả cụ thể, chi tiết hơn. 3 = Các yêu cầu hệ thống tương đối ổn định, có thể có dưới 10% số lượng Use case liên quan đến những yêu cầu nghiệp vụ cần phân tích, đặc tả cụ thể, chi tiết hơn. 4 = Các yêu cầu hệ thống ổn định, trong giai đoạn xây dựng, phát triển, mở rộng phần mềm chỉ cho phép điều chỉnh giao diện về mặt mỹ thuật. 5 = Các yêu cầu hệ thống hoàn toàn ổn định. | D12: 2 | E12: 3 | F12: =D12*E12 -> 6 | G12: =IF(F12>3,1,IF(F12>2,0.6,IF(F12>1,0.1,IF(F12>0,0.05,0)))) -> 1
A13: F7 | B13: Sử dụng nhân viên bán thời gian | C13: 0 = Không sử dụng nhân viên làm bán thời gian. 1 = Cho phép tối đa 10% nhân viên làm bán thời gian. 2 = Cho phép tối đa 20% nhân viên làm bán thời gian. 3 = Cho phép tối đa 30% nhân viên làm bán thời gian. 4 = Cho phép tối đa 40% nhân viên làm bán thời gian. 5 = Cho phép trên 40% trở lên nhân viên làm bán thời gian. | D13: -1 | E13: 0 | F13: =D13*E13 -> 0 | G13: =IF(F13>3,1,IF(F13>2,0.6,IF(F13>1,0.1,IF(F13>0,0.05,0)))) -> 0
A14: F8 | B14: Kinh nghiệm sử dụng ngôn ngữ lập trình | C14: 0 = Không yêu cầu thành viên nhóm lập trình có kinh nghiệm sử dụng ngôn ngữ lập trình dự kiến. 1 = Yêu cầu ít nhất 20% thành viên nhóm lập trình có kinh nghiệm lập trình. 2 = Yêu cầu ít nhất 40% thành viên nhóm lập trình có kinh nghiệm lập trình. 3 = Yêu cầu ít nhất 60% thành viên nhóm lập trình có kinh nghiệm lập trình. 4 = Yêu cầu ít nhất 80% thành viên nhóm lập trình có kinh nghiệm lập trình. 5 = Yêu cầu tất cả các thành viên trong nhóm lập trình có kinh nghiệm lập trình. | D14: -1 | E14: 2 | F14: =D14*E14 -> -2 | G14: =IF(F14>3,1,IF(F14>2,0.6,IF(F14>1,0.1,IF(F14>0,0.05,0)))) -> 0
A15: II | B15: Hệ số độ phức tạp về môi trường (Environmental Factor) | C15: EF = 1.4 + (-0.03 x EFW) | F15: =1.4+(-0.03*F4) -> 0.86
A16: III | B16: Độ ổn định kinh nghiệm (Experience Stable) | C16: ES | G16: =SUM(G6:G14) -> 3.75
A17: IV | B17: Nội suy năng suất P | C17: P= người/giờ/AUCP | G17: =IF(G16>=3,26 - (G16-3)*(6/2.2),IF(G16>=1,40-(G16-1)*7, 48 -G16* 8)) -> 23.954545

Sheet B11.6. DSYC
A1: BẢNG 11.6: BẢNG CHUYỂN ĐỔI YÊU CẦU CHỨC NĂNG SANG TRƯỜNG HỢP SỬ DỤNG (USE-CASE) | E1: Yêu cầu truy vấn
A2: STT | B2: Use case | C2: Mô tả trường sử dụng | D2: Phân loại
A3: A | B3: PHIÊN BẢN WEB
A4: I | B4: Quản trị hệ thống
A5: 1 | B5: Quản lý người dùng
C6: Quản trị hệ thống có thể tìm kiếm thông tin người dùng. Hệ thống hiển thị kết quả tìm kiếm | D6: Yêu cầu truy vấn
C7: Quản trị hệ thống có thể thêm mới thông tin người dùng. Hệ thống hiển thị kết quả thêm mới | D7: Dữ liệu đầu vào
C8: Quản trị hệ thống có thể thêm mới người dùng bằng tệp mẫu. Hệ thống hiển thị kết quả thêm mới | D8: Dữ liệu đầu vào
C9: Quản trị hệ thống có thể xuất thông tin người dùng ra file excel. Hệ thống thực hiện tải xuống file excel | D9: Dữ liệu đầu ra
C10: Quản trị hệ thống có thể tải tệp mẫu thêm mới người dùng. Hệ thống thực hiện tải xuống file mẫu | D10: Dữ liệu đầu ra
C11: Quản trị hệ thống có thể cập nhật thông tin người dùng. Hệ thống hiển thị kết quả cập nhật | D11: Dữ liệu đầu vào
C12: Quản trị hệ thống có thể đổi chữ ký. Hệ thống hiển thị đã đổi chữ ký thành công | D12: Dữ liệu đầu vào
C13: Quản trị hệ thống có thể gán vai trò cho người dùng. Hệ thống hiển thị gán vai trò thành công | D13: Dữ liệu đầu vào
C14: Quản trị hệ thống có thể reset mật khẩu người dùng. Hệ thống hiển thị cập nhật mật khẩu thành công | D14: Dữ liệu đầu vào
C15: Quản trị hệ thống có thể khóa/mở khoá thông tin người dùng. Hệ thống hiển thị người dùng đã bị khóa/mở khoá | D15: Dữ liệu đầu vào
A16: 2 | B16: Quản lý vai trò
C17: Quản trị hệ thống có thể điều chỉnh số bản ghi hiển thị trong danh sách vai trò. Hệ thống hiển thị đúng số bản ghi đã điều chỉnh | D17: Dữ liệu đầu vào
C18: Quản trị hệ thống có thể thêm mới thông tin vai trò. Hệ thống hiển thị kết quả thêm mới | D18: Dữ liệu đầu vào
C19: Quản trị hệ thống có thể cập nhật thông tin vai trò. Hệ thống hiển thị kết quả cập nhật | D19: Dữ liệu đầu vào
C20: Quản trị hệ thống có thể tìm kiếm thông tin vai trò. Hệ thống hiển thị kết quả tìm kiếm | D20: Yêu cầu truy vấn
C21: Quản trị hệ thống có thể cấu hình chức năng cho vai trò. Hệ thống hiển thị đã cấu hình chức năng cho vai trò thành công | D21: Dữ liệu đầu vào
C22: Quản trị hệ thống có thể khóa/mở khoá vai trò. Hệ thống hiển thị vai trò đã bị khóa/mở khoá | D22: Dữ liệu đầu vào
C23: Quản trị hệ thống có thể xóa vai trò. Hệ thống hiển thị đã xoá vai trò thành công | D23: Dữ liệu đầu vào
A24: 3 | B24: Quản lý đơn vị
C25: Quản trị hệ thống có thể xem danh sách đơn vị theo cây đơn vị. Hệ thống hiển thị cây đơn vị | D25: Dữ liệu đầu vào
C26: Quản trị hệ thống có thể thêm mới thông tin đơn vị cấp dưới. Hệ thống hiển thị kết quả thêm mới | D26: Dữ liệu đầu vào
C27: Quản trị hệ thống có thể thêm mới thông tin đơn vị cấp dưới bằng tệp mẫu. Hệ thống hiển thị kết quả thêm mới | D27: Dữ liệu đầu vào
C28: Quản trị hệ thống có thể cập nhật thông tin đơn vị cấp dưới. Hệ thống hiển thị kết quả cập nhật | D28: Dữ liệu đầu vào
C29: Quản trị hệ thống có thể tải tệp mẫu thêm mới đơn vị cấp dưới. Hệ thống thực hiện tải xuống tệp mẫu | D29: Dữ liệu đầu ra
C30: Quản trị hệ thống có thể xoá đơn vị cấp dưới khỏi đơn vị. Hệ thống hiển thị kết quả xoá đơn vị cấp dưới khỏi đơn vị | D30: Dữ liệu đầu vào
C31: Quản trị hệ thống có thể xem chi tiết đơn vị cấp dưới. Hệ thống hiển thị chi tiết đơn vị cấp dưới | D31: Dữ liệu đầu vào
C32: Quản trị hệ thống có thể xem cá nhân thuộc đơn vị. Hệ thống hiển thị danh sách cá nhân thuộc đơn vị | D32: Dữ liệu đầu vào
A33: 4 | B33: Quản lý luồng
C34: Quản trị hệ thống có thể xem danh sách luồng. Hệ thống hiển thị danh sách tất cả luồng | D34: Dữ liệu đầu vào
C35: Quản trị hệ thống có thể tìm kiếm luồng. Hệ thống hiển thị kết quả tìm kiếm | D35: Yêu cầu truy vấn
C36: Quản trị hệ thống có thể thêm mới luồng. Hệ thống hiển thị kết quả thêm mới | D36: Dữ liệu đầu vào
C37: Quản trị hệ thống có thể cập nhật thông tin luồng. Hệ thống hiển thị kết quả cập nhật | D37: Dữ liệu đầu vào
C38: Quản trị hệ thống có thể cấu hình luồng. Hệ thống hiển thị cấu hình thành công | D38: Dữ liệu đầu vào
C39: Quản trị hệ thống có thể khóa/mở khoá luồng. Hệ thống hiển thị luồng đã bị khóa/mở khoá | D39: Dữ liệu đầu vào
C40: Quản trị hệ thống có thể xóa luồng. Hệ thống hiển thị luồng đã được xoá | D40: Dữ liệu đầu vào
A41: 5 | B41: Báo cáo thống kê
C42: Quản trị hệ thống có thể tìm kiếm báo cáo thống kê. Hệ thống hiển thị kết quả tìm kiếm | D42: Yêu cầu truy vấn
C43: Quản trị hệ thống có thể kết xuất thống kê theo định dạng được có thể. Hệ thống tải xuống file theo đúng định dạng | D43: Dữ liệu đầu ra
A44: 6 | B44: Ủy quyền
C45: Quản trị hệ thống/Lãnh đạo có thể tìm kiếm nhanh thông tin uỷ quyền. Hệ thống hiển thị kết quả tìm kiếm | D45: Yêu cầu truy vấn
C46: Quản trị hệ thống/Lãnh đạo có thể tìm kiếm thông tin uỷ quyền theo khoảng thời gian. Hệ thống hiển thị kết quả tìm kiếm | D46: Yêu cầu truy vấn
C47: Quản trị hệ thống/Lãnh đạo có thể thêm mới thông tin ủy quyền. Hệ thống hiển thị kết quả thêm mới | D47: Dữ liệu đầu vào
C48: Quản trị hệ thống/Lãnh đạo có thể cập nhật thông tin ủy quyền. Hệ thống hiển thị kết quả cập nhật | D48: Dữ liệu đầu vào
C49: Quản trị hệ thống/Lãnh đạo có thể xóa thông tin ủy quyền. Hệ thống hiển thị đã xoá thông tin uỷ quyền thành công | D49: Dữ liệu đầu vào
C50: Quản trị hệ thống/Lãnh đạo có thể cấu hình chức năng uỷ quyền. Hệ thống hiển thị kết quả cấu hình | D50: Dữ liệu đầu vào
C51: Quản trị hệ thống/Lãnh đạo có thể xử lý uỷ quyền. Hệ thống hiển thị kết quả xử lý | D51: Dữ liệu đầu vào
A52: II | B52: Cấu hình nghiệp vụ
A53: 7 | B53: Cấu hình cá nhân, đơn vị nhận lịch
C54: Quản trị hệ thống có thể cấu hình thứ tự nhận và hiển thị lịch. Hệ thống hiển thị kết quả cấu hình | D54: Dữ liệu đầu vào
C55: Quản trị hệ thống có thể xem chi tiết cấu hình cá nhân của đơn vị. Hệ thống hiển thị chi tiết cấu hình | D55: Dữ liệu đầu vào
C56: Quản trị hệ thống có thể thêm mới cá nhân nhận lịch đơn vị. Hệ thống hiển thị kết quả thêm mới | D56: Dữ liệu đầu vào
C57: Quản trị hệ thống có thể xoá cá nhân nhận lịch đơn vị khỏi danh sách đã cấu hình. Hệ thống hiển thị kết quả xoá cá nhân | D57: Dữ liệu đầu vào
C58: Quản trị hệ thống có thể thêm mới lãnh đạo hiển thị lịch. Hệ thống hiển thị kết quả thêm mới | D58: Dữ liệu đầu vào
C59: Quản trị hệ thống có thể xoá lãnh đạo hiển thị lịch khỏi danh sách đã cấu hình. Hệ thống hiển thị kết quả xoá | D59: Dữ liệu đầu vào
C60: Quản trị hệ thống có thể thêm mới lãnh đạo phê duyệt lịch. Hệ thống thực hiện lưu thông tin cấu hình | D60: Dữ liệu đầu vào
C61: Quản trị hệ thống có thể xoá lãnh đạo phê duyệt lịch khỏi danh sách đã cấu hình. Hệ thống thực hiện xoá cá nhân khỏi danh sách | D61: Dữ liệu đầu vào
A62: 8 | B62: Cấu hình Email
C63: Quản trị hệ thống có thể tìm kiếm thông tin cấu hình Email. Hệ thống hiển thị kết quả tìm kiếm | D63: Yêu cầu truy vấn
C64: Quản trị hệ thống có thể thêm mới thông tin cấu hình Email. Hệ thống hiển thị kết quả thêm mới | D64: Dữ liệu đầu vào
C65: Quản trị hệ thống có thể cập nhật thông tin cấu hình Email. Hệ thống hiển thị kết quả cập nhật | D65: Dữ liệu đầu vào
C66: Quản trị hệ thống có thể khóa/mở khoá cấu hình Email liên thông. Hệ thống hiển thị cấu hình Email đã được khóa/mở khoá | D66: Dữ liệu đầu vào
C67: Quản trị hệ thống có thể xóa cấu hình Email liên thông. Hệ thống xóa cấu hình Email khỏi danh sách | D67: Dữ liệu đầu vào
A68: 9 | B68: Cấu hình cá nhân nhận công việc
C69: Quản trị hệ thống có thể xem danh sách đơn vị cần cấu hình nhận việc theo cây đơn vị. Hệ thống hiển thị cây đơn vị | D69: Dữ liệu đầu vào
C70: Quản trị hệ thống có thể xem chi tiết cấu hình cá nhân nhận công việc. Hệ thống hiển thị chi tiết cấu hình | D70: Dữ liệu đầu vào
C71: Quản trị hệ thống có thể thêm mới người nhận công việc. Hệ thống hiển thị kết quả thêm mới | D71: Dữ liệu đầu vào
C72: Quản trị hệ thống có thể xoá người nhận công việc khỏi danh sách đã cấu hình. Hệ thống thực hiện xoá khỏi danh sách | D72: Dữ liệu đầu vào
C73: Quản trị hệ thống có thể thêm mới đơn vị, người được giao việc. Hệ thống hiển thị kết quả thêm mới | D73: Dữ liệu đầu vào
C74: Quản trị hệ thống có thể xoá đơn vị, người được giao việc. Hệ thống thực hiện xoá khỏi danh sách | D74: Dữ liệu đầu vào
C75: Quản trị hệ thống có thể thêm mới đơn vị ưu tiên nhận công việc. Hệ thống hiển thị kết quả thêm mới | D75: Dữ liệu đầu vào
C76: Quản trị hệ thống có thể xoá đơn vị ưu tiên nhận công việc. Hệ thống thực hiện xoá khỏi danh sách | D76: Dữ liệu đầu vào
A77: 10 | B77: Cấu hình cá nhân nhận nhiệm vụ
C78: Quản trị hệ thống có thể xem danh sách đơn vị cần cấu hình nhận nhiệm vụ theo cây đơn vị. Hệ thống hiển thị cây đơn vị | D78: Dữ liệu đầu vào
C79: Quản trị hệ thống có thể xem chi tiết cấu hình cá nhân nhận nhiệm vụ. Hệ thống hiển thị chi tiết cấu hình | D79: Dữ liệu đầu vào
C80: Quản trị hệ thống có thể thêm mới người nhận nhiệm vụ. Hệ thống hiển thị kết quả thêm mới | D80: Dữ liệu đầu vào
C81: Quản trị hệ thống có thể xoá người nhận nhiệm vụ khỏi danh sách đã cấu hình. Hệ thống thực hiện xoá khỏi danh sách | D81: Dữ liệu đầu vào
C82: Quản trị hệ thống có thể thêm mới đơn vị, người được giao nhiệm vụ. Hệ thống hiển thị kết quả thêm mới | D82: Dữ liệu đầu vào
C83: Quản trị hệ thống có thể xoá đơn vị, người được giao nhiệm vụ. Hệ thống thực hiện xoá khỏi danh sách | D83: Dữ liệu đầu vào
C84: Quản trị hệ thống có thể thêm mới đơn vị ưu tiên nhận nhiệm vụ. Hệ thống hiển thị kết quả thêm mới | D84: Dữ liệu đầu vào
C85: Quản trị hệ thống có thể xoá đơn vị ưu tiên nhận nhiệm vụ. Hệ thống thực hiện xoá khỏi danh sách | D85: Dữ liệu đầu vào
A86: III | B86: Quản lý danh mục quản trị
A87: 11 | B87: Quản lý danh mục cơ quan liên thông
C88: Quản trị hệ thống có thể điều chỉnh số bản ghi hiển thị trong danh sách cơ quan liên thông. Hệ thống hiển thị đúng số bản ghi đã điều chỉnh | D88: Dữ liệu đầu vào
C89: Quản trị hệ thống có thể tìm kiếm thông tin cơ quan liên thông. Hệ thống hiển thị kết quả theo tiêu chí tìm kiếm | D89: Yêu cầu truy vấn
C90: Quản trị hệ thống có thể xem chi tiết cơ quan liên thông. Hệ thống hiển thị chi tiết cơ quan liên thông | D90: Dữ liệu đầu vào
C91: Quản trị hệ thống có thể thêm mới thông tin cơ quan liên thông. Hệ thống hiển thị kết quả thêm mới | D91: Dữ liệu đầu vào
C92: Quản trị hệ thống có thể cập nhật thông tin cơ quan liên thông. Hệ thống hiển thị cập nhật thành công | D92: Dữ liệu đầu vào
C93: Quản trị hệ thống có thể khóa/mở khoá cơ quan liên thông liên thông. Hệ thống hiển thị cơ quan liên thông đã được khóa/mở khoá | D93: Dữ liệu đầu vào
C94: Quản trị hệ thống có thể xóa cơ quan liên thông liên thông. Hệ thống xóa cơ quan liên thông khỏi danh sách | D94: Dữ liệu đầu vào
A95: 12 | B95: Quản lý nhóm liên thông
C96: Quản trị hệ thống có thể tích chọn nhiều nhóm liên thông cùng lúc. Hệ thống hiển thị các nhóm liên thông đã được tích chọn | D96: Dữ liệu đầu vào
C97: Quản trị hệ thống có thể tìm kiếm thông tin nhóm liên thông. Hệ thống hiển thị kết quả theo tiêu chí tìm kiếm | D97: Yêu cầu truy vấn
C98: Quản trị hệ thống có thể xem chi tiết nhóm liên thông. Hệ thống hiển thị chi tiết nhóm liên thông | D98: Dữ liệu đầu vào
C99: Quản trị hệ thống có thể thêm mới thông tin nhóm liên thông. Hệ thống hiển thị kết quả thêm mới | D99: Dữ liệu đầu vào
C100: Quản trị hệ thống có thể cập nhật thông tin nhóm liên thông. Hệ thống hiển thị kết quả cập nhật | D100: Dữ liệu đầu vào
...

Sheet B12. CP Kiem thu doc lap
A1: BẢNG 12: BẢNG TÍNH CHI PHÍ KIỂM THỬ PHẦN MỀM NỘI BỘ
A3: Căn cứ: - Công văn số 3787/BTTTT-THH ngày 26/12/2014 - Thông tư số 24/2020/TT-BTTTT ngày 09/9/2020
A4: GIÁ TRỊ DỰ TOÁN CHI PHÍ KIỂM THỬ PHẦN MỀM NỘI BỘ
A5: TT | B5: Khoản mục chi phí | C5: Cách tính | D5: Giá trị | E5: Ghi chú
A6: 1 | B6: Giá trị kiểm thử phần mềm (G) | C6: G = ExH | D6: =D24 -> 2.0474154e+08
A7: 2 | B7: Chi phí chung (C) | C7: C = G x 65% | D7: =65%*D6 -> 1.33082e+08
A8: 3 | B8: Thu nhập chịu thuế tính trước (TL) | C8: TL = (G + C) x 6% | D8: =6%*(D6+D7) -> 20269412
A9: 4 | B9: Thuế giá trị gia tăng (GTGT) | C9: (G+C+TL) x 0% | D9: =(D6+D7+D8)*0% -> 0
A10: 5 | B10: Chi phí kiểm thử phần mềm (Gkt) | C10: Gkt = G + C + TL | D10: =SUBTOTAL(9,D6:D9) -> 3.5809295e+08
A11: TỔNG CỘNG | C11: Gpm (làm tròn) | D11: =ROUNDUP(D10,-3) -> 358093000
A13: DIỄN GIẢI GIÁ TRỊ KIỂM THỬ PHẦN MỀM
A14: TT | B14: Khoản mục chi phí | C14: Diễn giải | D14: Giá trị | E14: Ghi chú
A15: 1 | B15: Giá trị điểm các tác nhân (AW) | C15: Actor TAW | D15: ='B11.2.Diem tac nhan'!F7 -> 19 | E15: Theo bảng tổng hợp tác nhân của phần mềm
A16: 2 | B16: Giá trị điểm các trường hợp sử dụng (UCW) | C16: Diem UC UUCP | D16: ='B11.1.Tong hop Usecases'!F18 -> 657 | E16: Theo bảng tổng hợp các trường hợp sử dụng của phần mềm
A17: 3 | B17: Giá trị điểm trường hợp sử dụng (Usecase) trước hiệu chỉnh (UCP) | C17: AW+UCW | D17: =D15+D16 -> 676
A18: 4 | B18: Hệ số phức tạp kỹ thuật - công nghệ (KT-TCF) | C18: Bảng TCF Kiem Thu | D18: ='B12.1.Hệ số phức tạp về KT-TCF'!E12 -> 0.95 | E18: Bảng hệ số phức tạp kỹ thuật - công nghệ là đặc thù của công tác kiểm thử (Tham chiếu Phụ lục 12.1)
A19: 5 | B19: Hệ số phức tạp môi trường (KT-ECF) | C19: Bang ECF Kiem Thu | D19: ='B12.2.Hệ số phức tạp về MT-ECF'!P12 -> 0.6217 | E19: Bảng hệ số phức tạp môi trường là đặc thù của công tác kiểm thử (Tham chiếu Phụ lục 12.2)
A20: 6 | B20: Giá trị trường hợp sử dụng sau hiệu chỉnh (AUCP) | C20: UUCP x TCF x ECF | D20: =D17*D18*D19 -> 399.25574
A21: 7 | B21: Thời gian lao động để kiểm thử 01 điểm trường hợp sử dụng sau hiệu chỉnh (P) | C21: Định mức tối đa là 20 người/giờ/AUCP | D21: 8 | E21: P: Thời gian lao động để kiểm thử 01 điểm trường hợp sử dụng (use-case) sau hiệu chỉnh, được tính tối đa bằng 20 người/giờ/AUCP;
A22: 8 | B22: Giá trị nỗ lực ( E ) | C22: AUCP x P | D22: =D21*D20 -> 3194.0459
A23: 9 | B23: Mức lương lao động bình quân (H) | C23: H = Giá nhân công trực tiếp/giờ | D23: ='B8.Dinh muc nhan cong'!E23 -> 64101 | E23: Kỹ sư bậc 1, tham chiếu bảng 10 - Diễn giải chi tiết chi phí tiền lương lao động
A24: 10 | B24: Giá trị kiểm thử phần mềm (G) | C24: E x H | D24: =D22*D23 -> 2.0474154e+08

Sheet B12.1.Hệ số phức tạp về KT-TCF
A1: BẢNG 12.1 - BẢNG TÍNH TOÁN HỆ SỐ PHỨC TẠP KỸ THUẬT
A2: STT | B2: Các hệ số KT | C2: Trọng số chuẩn | D2: Giá trị xếp hạng | E2: Kết quả | F2: Diễn giải lý do
A3: I | B3: Hệ số KT-CN (TTF)
A4: T1 | B4: Các công cụ kiểm thử | C4: 2 | D4: 2 | E4: =D4*C4 -> 4 | F4: Sử dụng công cụ/phần mềm kiểm thử nguồn mở/miễn phí. Không yêu cầu công cụ hỗ trợ trong quá trình kiểm thử. Không yêu cầu công cụ quản lý quy trình kiểm thử.
A5: T2 | B5: Tài liệu đầu vào | C5: 2 | D5: 3 | E5: =D5*C5 -> 6 | F5: Có Tài liệu yêu cầu người dùng. Tài liệu có mô tả kiến trúc hệ thống. Tài liệu có xác định yêu cầu kiểm thử.
A6: T3 | B6: Tái sử dụng kho dữ liệu kiểm thử | C6: 1 | D6: 2 | E6: =D6*C6 -> 2 | F6: Dự án sử dụng lại một phần kho dữ liệu để kiểm thử.
A7: T4 | B7: Hệ thống phân tán | C7: 2 | D7: 2 | E7: =D7*C7 -> 4 | F7: Kiến trúc của hệ thống là tập trung. Hệ thống được thiết kế theo mô hình nhiều lớp.
A8: T5 | B8: Các mục tiêu hiệu suất | C8: 1 | D8: 3 | E8: =D8*C8 -> 3 | F8: - Hệ thống đáp ứng được 1100 người sử dụng đồng thời. - Hiệu suất làm việc trung bình của CPU trên máy chủ dữ liệu/máy chủ ứng dụng ≤ 85%. - Thời gian phản hồi chậm nhất dưới 30 giây đối với toàn bộ các thao tác trên toàn trang. - Thời gian phản hồi trung bình dưới 2,5 giây đối với mỗi luồng công việc chính riêng rẽ và không bao gồm các luồng mang tinh chất thống kê, báo cáo
A9: T6 | B9: Các tính năng bảo mật | C9: 1 | D9: 3 | E9: =D9*C9 -> 3 | F9: - Hệ thống triển khai cần có phương án thực hiện mã hóa gói tin trên đường truyền, phương án xác thực, chống chối bỏ đối với gói tin. - Hệ thống cần có phương án để hạn chế, giảm thiểu các nguy cơ, ảnh hưởng từ các dạng tấn công phổ biến như: Injection, Cross Site Scripting (XSS), InSecure Direct Object References, Cross Site Request Forgery (CSRF), Failure to Restrict URL Access, DoS/DDoS
A10: T7 | B10: Giao diện phức tạp | C10: 1 | D10: 3 | E10: =D10*C10 -> 3 | F10: Giao diện sử dụng thuận tiện, đơn giản với người sử dụng.
B11: Cộng I (TTF) | C11: Total TF | E11: =SUM(E3:E10) -> 25
B12: TCF | C12: TCF=0,6+(0,014)*TTF | E12: =0.6+0.014*E11 -> 0.95

Sheet B12.2.Hệ số phức tạp về MT-ECF
B1: BẢNG 12.2 - TÍNH HỆ SỐ PHỨC TẠP MÔI TRƯỜNG
A2: TT | B2: Các hệ số tác động môi trường | C2: Mức xếp hạng (Từ 0 đến 5) | D2: Trọng số chuẩn | E2: NV 1 | F2: NV 2 | G2: NV 3 | H2: NV 4 | I2: NV 5 | J2: NV 6 | K2: NV 7 | L2: NV 8 | M2: NV 9 | N2: NV 10 | O2: TB cộng giá trị xếp hạng | P2: Kết quả (KQ) | Q2: Đánh giá độ ổn định KN (ESNV) | R2: Ghi chú
B3: Hệ số tác động môi trường (TEF)
A4: 1 | B4: Có hiểu biết về ứng dụng | C4: 0 = Không có hiểu biết 3 = Trung bình 5 = Trình độ chuyên gia | D4: 1.5 | E4: 1 | F4: 3 | G4: 2 | H4: 2 | I4: 2 | O4: 3 | P4: =O4*D4 -> 4.5 | Q4: =IF(P4>3,1,IF(P4>2,0.6,IF(P4>1,0.1,IF(P4>0,0.05,IF(P4<=0,0))))) -> 1 | R4: - Có thể viết các trường hợp kiểm thử - Có thể thiết kế test case - Biết cách báo cáo lỗi - Có khả năng sử dụng, vận hành, thao tác và khai thác ứng dụng
A5: 2 | B5: Môi trường kiểm thử | C5: 0 = Không cần 3 = Không phức tạp 5 = Rất phức tạp | D5: 0.5 | E5: 5 | F5: 3 | G5: 2 | H5: 2 | I5: 2 | O5: 3 | P5: =O5*D5 -> 1.5 | Q5: =IF(P5>3,1,IF(P5>2,0.6,IF(P5>1,0.1,IF(P5>0,0.05,IF(P5<=0,0))))) -> 0.1 | R5: Có hiểu biết về kiến trúc hệ thống, khả năng khái quát hoá mô hình hệ thống thực tế vào môi trường kiểm thử và kỹ thuật để xây dựng môi trường kiểm thử giả lập phù hợp nhất với môi trường thực tế.
A6: 3 | B6: Dữ liệu kiểm thử | C6: 0 = Không cần 3 = Cần ít 5 = Cần rất nhiều | D6: 1 | E6: 3 | F6: 3 | G6: 2 | H6: 2 | I6: 2 | O6: 3 | P6: =O6*D6 -> 3 | Q6: =IF(P6>3,1,IF(P6>2,0.6,IF(P6>1,0.1,IF(P6>0,0.05,IF(P6<=0,0))))) -> 0.6 | R6: Dữ liệu kiểm thử được mô tả trong tài liệu kiểm thử
A7: 4 | B7: Có khả năng lãnh đạo Nhóm kiểm thử | C7: 0 = Không có kinh nghiệm 3 = Trung bình 5 = Trình độ chuyên gia | D7: 0.5 | E7: 1 | F7: 3 | G7: 2 | H7: 1 | I7: 2 | O7: 3 | P7: =O7*D7 -> 1.5 | Q7: =IF(P7>3,1,IF(P7>2,0.6,IF(P7>1,0.1,IF(P7>0,0.05,IF(P7<=0,0))))) -> 0.1 | R7: Người đứng đầu của nhóm kiểm thử có khả năng tổ chức, quản lý và triển khai nhiệm vụ. Người đứng đầu nhóm kiểm thử có kinh nghiệm lãnh đạo nhóm.
A8: 5 | B8: Tính chất năng động | C8: 0 = Không năng động 3 = Trung bình 5 = Cao | D8: 1 | E8: 2 | F8: 3 | G8: 2 | H8: 1 | I8: 0 | O8: 3 | P8: =O8*D8 -> 3 | Q8: =IF(P8>3,1,IF(P8>2,0.6,IF(P8>1,0.1,IF(P8>0,0.05,IF(P8<=0,0))))) -> 0.6 | R8: Tốc độ giải quyết vấn đề từ lúc tiếp cận bài toán cần giải quyết là trung bình
A9: 6 | B9: Độ ổn định của các yêu cầu | C9: 0 = Rất bất định 5 = Không hay thay đổi | D9: 2 | E9: 2 | F9: 1 | G9: 3 | H9: 2 | I9: 2 | O9: 4 | P9: =O9*D9 -> 8 | Q9: =IF(P9>3,1,IF(P9>2,0.6,IF(P9>1,0.1,IF(P9>0,0.05,IF(P9<=0,0))))) -> 1 | R9: Các yêu cầu kiểm thử ít thay đổi
A10: 7 | B10: Có sử dụng các nhân viên làm Part-time | C10: 0 = Không có NV Part-time 3 = Có nhân viên làm Part-time 5 = Tất cả đều làm Part-time | D10: -1 | E10: 0 | F10: 0 | G10: 0 | H10: 0 | I10: 0 | O10: 0 | P10: =O10*D10 -> 0 | Q10: =IF(P10>3,1,IF(P10>2,0.6,IF(P10>1,0.1,IF(P10>0,0.05,IF(P10<=0,0))))) -> 0 | R10: Không sử dụng nhân viên làm Part-time
B11: Cộng I (TEF) | C11: Total EF | P11: =SUM(P3:P10) -> 21.5
B12: Hệ số độ phức tạp về môi trường ECF (Environmental Complex Factor) | C12: ECF = 1,4+(-0,0362)* TEF | P12: =1.4-0.0362*P11 -> 0.6217

Sheet B11.5.DS.Usecase
A1: BẢNG 11.5: BẢNG CHUYỂN ĐỔI YÊU CẦU CHỨC NĂNG SANG TRƯỜNG HỢP SỬ DỤNG (USE-CASE)
A2: STT | B2: Tên chức năng | C2: Đối tượng thực hiện | D2: Mô tả | E2: Mức độ BMT | F2: Mức độ | G2: Số lượng transaction
A3: A | B3: ỨNG DỤNG WEB DÀNH CHO QUẢN TRỊ HỆ THỐNG
A4: I | B4: Quản trị hệ thống
A5: =IF(D5="", MAX($A$1:A4)+1, "") -> 1 | B5: Quản lý vai trò | C5: Quản trị hệ thống | E5: =IF(F5="","","B") -> B | F5: =IF(G5<>"",IF(G5<=3,"Đơn giản",IF(G5<=7,"Trung bình","Phức tạp")),"") -> Trung bình | G5: =IF(AND(A5<>"",B5<>"",C5<>""),COUNTIF($H5:H$1439,A5),"") -> 7 | K5: Trung bình | L5: =COUNTIF(F:F,"Trung bình") -> 39
A6: =IF(D6="", MAX($A$1:A5)+1, "") | D6: Quản trị hệ thống nhập điều kiện tìm kiếm vai trò và chọn tìm kiếm. Hệ thống hiển thị kết quả vai trò theo các tiêu chí đã nhập. | E6: =IF(F6="","","B") | F6: =IF(G6<>"",IF(G6<=3,"Đơn giản",IF(G6<=7,"Trung bình","Phức tạp")),"") | G6: =IF(AND(A6<>"",B6<>"",C6<>""),COUNTIF($H6:H$1439,A6),"") | H6: =IF(A6<>"","",IF(H5<>"",H5,A5)) -> 1 | K6: Phức tạp | L6: =COUNTIF(F:F,"Phức tạp") -> 0
A7: =IF(D7="", MAX($A$1:A6)+1, "") | D7: Quản trị hệ thống thực hiện thêm mới thông tin vai trò. Hệ thống kiểm tra tính hợp lệ của dữ liệu, nếu hợp lệ thì lưu vào CSDL và hiển thị kết quả, nếu không hợp lệ báo lỗi cụ thể. | E7: =IF(F7="","","B") | F7: =IF(G7<>"",IF(G7<=3,"Đơn giản",IF(G7<=7,"Trung bình","Phức tạp")),"") | G7: =IF(AND(A7<>"",B7<>"",C7<>""),COUNTIF($H7:H$1439,A7),"") | H7: =IF(A7<>"","",IF(H6<>"",H6,A6)) -> 1
A8: =IF(D8="", MAX($A$1:A7)+1, "") | D8: Quản trị hệ thống thực hiện chỉnh sửa thông tin vai trò. Hệ thống kiểm tra tính hợp lệ của dữ liệu, nếu hợp lệ thì cập nhật vào CSDL và hiển thị kết quả, nếu không hợp lệ báo lỗi cụ thể. | E8: =IF(F8="","","B") | F8: =IF(G8<>"",IF(G8<=3,"Đơn giản",IF(G8<=7,"Trung bình","Phức tạp")),"") | G8: =IF(AND(A8<>"",B8<>"",C8<>""),COUNTIF($H8:H$1439,A8),"") | H8: =IF(A8<>"","",IF(H7<>"",H7,A7)) -> 1
A9: =IF(D9="", MAX($A$1:A8)+1, "") | D9: Quản trị hệ thống thực hiện thiết lập quyền cho vai trò. Hệ thống lưu thiết lập quyền và hiển thị kết quả. | E9: =IF(F9="","","B") | F9: =IF(G9<>"",IF(G9<=3,"Đơn giản",IF(G9<=7,"Trung bình","Phức tạp")),"") | G9: =IF(AND(A9<>"",B9<>"",C9<>""),COUNTIF($H9:H$1439,A9),"") | H9: =IF(A9<>"","",IF(H8<>"",H8,A8)) -> 1
A10: =IF(D10="", MAX($A$1:A9)+1, "") | D10: Quản trị hệ thống thực hiện xóa vai trò. Hệ thống kiểm tra tính hợp lệ và nếu hợp lệ thực hiện xóa, nếu không hợp lệ hiển thị lỗi cụ thể. | E10: =IF(F10="","","B") | F10: =IF(G10<>"",IF(G10<=3,"Đơn giản",IF(G10<=7,"Trung bình","Phức tạp")),"") | G10: =IF(AND(A10<>"",B10<>"",C10<>""),COUNTIF($H10:H$1439,A10),"") | H10: =IF(A10<>"","",IF(H9<>"",H9,A9)) -> 1
A11: =IF(D11="", MAX($A$1:A10)+1, "") | D11: Quản trị hệ thống chọn chức năng khóa/mở khóa vai trò. Hệ thống thực hiện khóa vai trò và hiển thị kết quả. | E11: =IF(F11="","","B") | F11: =IF(G11<>"",IF(G11<=3,"Đơn giản",IF(G11<=7,"Trung bình","Phức tạp")),"") | G11: =IF(AND(A11<>"",B11<>"",C11<>""),COUNTIF($H11:H$1439,A11),"") | H11: =IF(A11<>"","",IF(H10<>"",H10,A10)) -> 1
A12: =IF(D12="", MAX($A$1:A11)+1, "") | D12: Quản trị hệ thống thực hiện import danh sách vai trò. Hệ thống kiểm tra tính hợp lệ của dữ liệu, nếu hợp lệ thì cập nhật vào CSDL và hiển thị kết quả, nếu không hợp lệ báo lỗi cụ thể. | E12: =IF(F12="","","B") | F12: =IF(G12<>"",IF(G12<=3,"Đơn giản",IF(G12<=7,"Trung bình","Phức tạp")),"") | G12: =IF(AND(A12<>"",B12<>"",C12<>""),COUNTIF($H12:H$1439,A12),"") | H12: =IF(A12<>"","",IF(H11<>"",H11,A11)) -> 1
A13: =IF(D13="", MAX($A$1:A12)+1, "") -> 2 | B13: Quản lý phân quyền | C13: Quản trị hệ thống | E13: =IF(F13="","","B") -> B | F13: =IF(G13<>"",IF(G13<=3,"Đơn giản",IF(G13<=7,"Trung bình","Phức tạp")),"") -> Trung bình | G13: =IF(AND(A13<>"",B13<>"",C13<>""),COUNTIF($H13:H$1439,A13),"") -> 6 | H13: =IF(A13<>"","",IF(H12<>"",H12,A12))
A14: =IF(D14="", MAX($A$1:A13)+1, "") | D14: Quản trị hệ thống nhập điều kiện tìm kiếm quyền và chọn tìm kiếm. Hệ thống hiển thị kết quả thông tin quyền theo các tiêu chí đã nhập. | E14: =IF(F14="","","B") | F14: =IF(G14<>"",IF(G14<=3,"Đơn giản",IF(G14<=7,"Trung bình","Phức tạp")),"") | G14: =IF(AND(A14<>"",B14<>"",C14<>""),COUNTIF($H14:H$1439,A14),"") | H14: =IF(A14<>"","",IF(H13<>"",H13,A13)) -> 2
A15: =IF(D15="", MAX($A$1:A14)+1, "") | D15: Quản trị hệ thống thực hiện thêm mới thông tin quyền. Hệ thống kiểm tra tính hợp lệ của dữ liệu, nếu hợp lệ thì lưu vào CSDL và hiển thị kết quả, nếu không hợp lệ báo lỗi cụ thể. | E15: =IF(F15="","","B") | F15: =IF(G15<>"",IF(G15<=3,"Đơn giản",IF(G15<=7,"Trung bình","Phức tạp")),"") | G15: =IF(AND(A15<>"",B15<>"",C15<>""),COUNTIF($H15:H$1439,A15),"") | H15: =IF(A15<>"","",IF(H14<>"",H14,A14)) -> 2
A16: =IF(D16="", MAX($A$1:A15)+1, "") | D16: Quản trị hệ thống thực hiện chỉnh sửa thông tin quyền. Hệ thống kiểm tra tính hợp lệ của dữ liệu, nếu hợp lệ thì cập nhật vào CSDL và hiển thị kết quả, nếu không hợp lệ báo lỗi cụ thể. | E16: =IF(F16="","","B") | F16: =IF(G16<>"",IF(G16<=3,"Đơn giản",IF(G16<=7,"Trung bình","Phức tạp")),"") | G16: =IF(AND(A16<>"",B16<>"",C16<>""),COUNTIF($H16:H$1439,A16),"") | H16: =IF(A16<>"","",IF(H15<>"",H15,A15)) -> 2
A17: =IF(D17="", MAX($A$1:A16)+1, "") | D17: Quản trị hệ thống thực hiện xóa thông tin quyền. Hệ thống kiểm tra tính hợp lệ và nếu hợp lệ thực hiện xóa, nếu không hợp lệ hiển thị lỗi cụ thể. | E17: =IF(F17="","","B") | F17: =IF(G17<>"",IF(G17<=3,"Đơn giản",IF(G17<=7,"Trung bình","Phức tạp")),"") | G17: =IF(AND(A17<>"",B17<>"",C17<>""),COUNTIF($H17:H$1439,A17),"") | H17: =IF(A17<>"","",IF(H16<>"",H16,A16)) -> 2
A18: =IF(D18="", MAX($A$1:A17)+1, "") | D18: Quản trị hệ thống chọn chức năng khóa./mở khóa quyền. Hệ thống thực hiện khóa quyền và hiển thị kết quả. | F18: =IF(G18<>"",IF(G18<=3,"Đơn giản",IF(G18<=7,"Trung bình","Phức tạp")),"") | G18: =IF(AND(A18<>"",B18<>"",C18<>""),COUNTIF($H18:H$1439,A18),"") | H18: =IF(A18<>"","",IF(H17<>"",H17,A17)) -> 2
A19: =IF(D19="", MAX($A$1:A18)+1, "") | D19: Quản trị hệ thống thực hiện import danh sách quyền. Hệ thống kiểm tra tính hợp lệ của dữ liệu, nếu hợp lệ thì cập nhật vào CSDL và hiển thị kết quả, nếu không hợp lệ báo lỗi cụ thể. | E19: =IF(F19="","","B") | F19: =IF(G19<>"",IF(G19<=3,"Đơn giản",IF(G19<=7,"Trung bình","Phức tạp")),"") | G19: =IF(AND(A19<>"",B19<>"",C19<>""),COUNTIF($H19:H$1439,A19),"") | H19: =IF(A19<>"","",IF(H18<>"",H18,A18)) -> 2
A20: =IF(D20="", MAX($A$1:A19)+1, "") -> 3 | B20: Quản lý người dùng | C20: Quản trị hệ thống | E20: =IF(F20="","","B") -> B | F20: =IF(G20<>"",IF(G20<=3,"Đơn giản",IF(G20<=7,"Trung bình","Phức tạp")),"") -> Đơn giản | G20: =IF(AND(A20<>"",B20<>"",C20<>""),COUNTIF($H20:H$1439,A20),"") -> 3 | H20: =IF(A20<>"","",IF(H19<>"",H19,A19))
A21: =IF(D21="", MAX($A$1:A20)+1, "") | D21: Quản trị hệ thống nhập điều kiện tìm kiếm người dùng và chọn tìm kiếm. Hệ thống hiển thị kết quả danh sách người dùng theo các tiêu chí đã nhập. | E21: =IF(F21="","","B") | F21: =IF(G21<>"",IF(G21<=3,"Đơn giản",IF(G21<=7,"Trung bình","Phức tạp")),"") | G21: =IF(AND(A21<>"",B21<>"",C21<>""),COUNTIF($H21:H$1439,A21),"") | H21: =IF(A21<>"","",IF(H20<>"",H20,A20)) -> 3
A22: =IF(D22="", MAX($A$1:A21)+1, "") | D22: Quản trị hệ thống chọn xem danh sách thông tin người dùng. Hệ thống hiển thị danh sách thông tin người dùng. | E22: =IF(F22="","","B") | F22: =IF(G22<>"",IF(G22<=3,"Đơn giản",IF(G22<=7,"Trung bình","Phức tạp")),"") | G22: =IF(AND(A22<>"",B22<>"",C22<>""),COUNTIF($H22:H$1439,A22),"") | H22: =IF(A22<>"","",IF(H21<>"",H21,A21)) -> 3
A23: =IF(D23="", MAX($A$1:A22)+1, "") | D23: Quản trị hệ thống thực hiện gán/bỏ gán vai trò cho người dùng. Hệ thống lưu thông tin gán vai trò và hiển thị kết quả. | E23: =IF(F23="","","B") | F23: =IF(G23<>"",IF(G23<=3,"Đơn giản",IF(G23<=7,"Trung bình","Phức tạp")),"") | G23: =IF(AND(A23<>"",B23<>"",C23<>""),COUNTIF($H23:H$1439,A23),"") | H23: =IF(A23<>"","",IF(H22<>"",H22,A22)) -> 3
A24: =IF(D24="", MAX($A$1:A23)+1, "") -> 4 | B24: Quản lý đơn vị | C24: Quản trị hệ thống | E24: =IF(F24="","","B") -> B | F24: =IF(G24<>"",IF(G24<=3,"Đơn giản",IF(G24<=7,"Trung bình","Phức tạp")),"") -> Đơn giản | G24: =IF(AND(A24<>"",B24<>"",C24<>""),COUNTIF($H24:H$1439,A24),"") -> 3 | H24: =IF(A24<>"","",IF(H23<>"",H23,A23))
A25: =IF(D25="", MAX($A$1:A24)+1, "") | D25: Quản trị hệ thống xem danh sách đơn vị; Hệ thống hiển thị thông tin danh sách đơn vị | E25: =IF(F25="","","B") | F25: =IF(G25<>"",IF(G25<=3,"Đơn giản",IF(G25<=7,"Trung bình","Phức tạp")),"") | G25: =IF(AND(A25<>"",B25<>"",C25<>""),COUNTIF($H25:H$1439,A25),"") | H25: =IF(A25<>"","",IF(H24<>"",H24,A24)) -> 4
A26: =IF(D26="", MAX($A$1:A25)+1, "") | D26: Quản trị hệ thống tìm kiếm đơn vị; Hệ thống truy vấn dữ liệu và hiển thị kết quả thông tin đơn vị tương ứng với điều kiện tìm kiếm | E26: =IF(F26="","","B") | F26: =IF(G26<>"",IF(G26<=3,"Đơn giản",IF(G26<=7,"Trung bình","Phức tạp")),"") | G26: =IF(AND(A26<>"",B26<>"",C26<>""),COUNTIF($H26:H$1439,A26),"") | H26: =IF(A26<>"","",IF(H25<>"",H25,A25)) -> 4
A27: =IF(D27="", MAX($A$1:A26)+1, "") | D27: Quản trị hệ thống xem chi tiết nội dung một đơn vị; Hệ thống hiển thị thông tin chi tiết của đơn vị | E27: =IF(F27="","","B") | F27: =IF(G27<>"",IF(G27<=3,"Đơn giản",IF(G27<=7,"Trung bình","Phức tạp")),"") | G27: =IF(AND(A27<>"",B27<>"",C27<>""),COUNTIF($H27:H$1439,A27),"") | H27: =IF(A27<>"","",IF(H26<>"",H26,A26)) -> 4
A28: II | B28: Quản lý cấu hình chung | E28: =IF(F28="","","B") | F28: =IF(G28<>"",IF(G28<=3,"Đơn giản",IF(G28<=7,"Trung bình","Phức tạp")),"") | G28: =IF(AND(A28<>"",B28<>"",C28<>""),COUNTIF($H28:H$1439,A28),"") | H28: =IF(A28<>"","",IF(H27<>"",H27,A27))
A29: =IF(D29="", MAX($A$1:A28)+1, "") -> 5 | B29: Quản lý cấu hình thông báo | C29: Quản trị hệ thống | E29: =IF(F29="","","B") -> B | F29: =IF(G29<>"",IF(G29<=3,"Đơn giản",IF(G29<=7,"Trung bình","Phức tạp")),"") -> Trung bình | G29: =IF(AND(A29<>"",B29<>"",C29<>""),COUNTIF($H29:H$1439,A29),"") -> 5 | H29: =IF(A29<>"","",IF(H28<>"",H28,A28))
A30: =IF(D30="", MAX($A$1:A29)+1, "") | D30: Quản trị hệ thống tìm kiếm cấu hình thông báo. Hệ thống hiển thị kết quả theo tiêu chí đã chọn | F30: =IF(G30<>"",IF(G30<=3,"Đơn giản",IF(G30<=7,"Trung bình","Phức tạp")),"") | G30: =IF(AND(A30<>"",B30<>"",C30<>""),COUNTIF($H30:H$1439,A30),"") | H30: =IF(A30<>"","",IF(H29<>"",H29,A29)) -> 5
A31: =IF(D31="", MAX($A$1:A30)+1, "") | D31: Quản trị hệ thống thêm mới cấu hình thông báo. Hệ thống kiểm tra thông tin, nếu hợp lệ thì lưu vào CSDL, nếu không hợp lệ thì thông báo lỗi | F31: =IF(G31<>"",IF(G31<=3,"Đơn giản",IF(G31<=7,"Trung bình","Phức tạp")),"") | G31: =IF(AND(A31<>"",B31<>"",C31<>""),COUNTIF($H31:H$1439,A31),"") | H31: =IF(A31<>"","",IF(H30<>"",H30,A30)) -> 5
A32: =IF(D32="", MAX($A$1:A31)+1, "") | D32: Quản trị hệ thống chỉnh sửa cấu hình thông báo. Hệ thống kiểm tra thông tin, nếu hợp lệ thì lưu vào CSDL, nếu không hợp lệ thì thông báo lỗi | F32: =IF(G32<>"",IF(G32<=3,"Đơn giản",IF(G32<=7,"Trung bình","Phức tạp")),"") | G32: =IF(AND(A32<>"",B32<>"",C32<>""),COUNTIF($H32:H$1439,A32),"") | H32: =IF(A32<>"","",IF(H31<>"",H31,A31)) -> 5
A33: =IF(D33="", MAX($A$1:A32)+1, "") | D33: Quản trị hệ thống xoá cấu hình thông báo. Hệ thống kiểm tra thông tin, nếu hợp lệ thì lưu vào CSDL, nếu không hợp lệ thì thông báo lỗi | F33: =IF(G33<>"",IF(G33<=3,"Đơn giản",IF(G33<=7,"Trung bình","Phức tạp")),"") | G33: =IF(AND(A33<>"",B33<>"",C33<>""),COUNTIF($H33:H$1439,A33),"") | H33: =IF(A33<>"","",IF(H32<>"",H32,A32)) -> 5
A34: =IF(D34="", MAX($A$1:A33)+1, "") | D34: Quản trị hệ thống khoá/mở khóa cấu hình thông báo. Hệ thống kiểm tra thông tin, nếu hợp lệ thì lưu vào CSDL, nếu không hợp lệ thì thông báo lỗi | F34: =IF(G34<>"",IF(G34<=3,"Đơn giản",IF(G34<=7,"Trung bình","Phức tạp")),"") | G34: =IF(AND(A34<>"",B34<>"",C34<>""),COUNTIF($H34:H$1439,A34),"") | H34: =IF(A34<>"","",IF(H33<>"",H33,A33)) -> 5
A35: =IF(D35="", MAX($A$1:A34)+1, "") -> 6 | B35: Quản lý lịch sử tác động | C35: Quản trị hệ thống | E35: =IF(F35="","","B") -> B | F35: =IF(G35<>"",IF(G35<=3,"Đơn giản",IF(G35<=7,"Trung bình","Phức tạp")),"") -> Đơn giản | G35: =IF(AND(A35<>"",B35<>"",C35<>""),COUNTIF($H35:H$1439,A35),"") -> 3 | H35: =IF(A35<>"","",IF(H34<>"",H34,A34))
A36: =IF(D36="", MAX($A$1:A35)+1, "") | D36: Quản trị hệ thống thực hiện tìm kiếm lịch sử tác động. Hệ thống hiển thị kết quả theo tiêu chí đã nhập | E36: =IF(F36="","","B") | F36: =IF(G36<>"",IF(G36<=3,"Đơn giản",IF(G36<=7,"Trung bình","Phức tạp")),"") | G36: =IF(AND(A36<>"",B36<>"",C36<>""),COUNTIF($H36:H$1439,A36),"") | H36: =IF(A36<>"","",IF(H35<>"",H35,A35)) -> 6
A37: =IF(D37="", MAX($A$1:A36)+1, "") | D37: Quản trị hệ thống xem chi tiết lịch sử tác động. Hệ thống hiển thị chi tiết thông tin | E37: =IF(F37="","","B") | F37: =IF(G37<>"",IF(G37<=3,"Đơn giản",IF(G37<=7,"Trung bình","Phức tạp")),"") | G37: =IF(AND(A37<>"",B37<>"",C37<>""),COUNTIF($H37:H$1439,A37),"") | H37: =IF(A37<>"","",IF(H36<>"",H36,A36)) -> 6
A38: =IF(D38="", MAX($A$1:A37)+1, "") | D38: Quản trị hệ thống xuất file danh sách lịch sử tác động. Hệ thống xuất file lịch sử tác động và cho phép người dùng lưu về máy. | E38: =IF(F38="","","B") | F38: =IF(G38<>"",IF(G38<=3,"Đơn giản",IF(G38<=7,"Trung bình","Phức tạp")),"") | G38: =IF(AND(A38<>"",B38<>"",C38<>""),COUNTIF($H38:H$1439,A38),"") | H38: =IF(A38<>"","",IF(H37<>"",H37,A37)) -> 6
A39: =IF(D39="", MAX($A$1:A38)+1, "") -> 7 | B39: Quản lý lịch sử lỗi phát sinh | C39: Quản trị hệ thống | E39: =IF(F39="","","B") -> B | F39: =IF(G39<>"",IF(G39<=3,"Đơn giản",IF(G39<=7,"Trung bình","Phức tạp")),"") -> Đơn giản | G39: =IF(AND(A39<>"",B39<>"",C39<>""),COUNTIF($H39:H$1439,A39),"") -> 3 | H39: =IF(A39<>"","",IF(H38<>"",H38,A38))
A40: =IF(D40="", MAX($A$1:A39)+1, "") | D40: Quản trị hệ thống thực hiện tìm kiếm lỗi phát sinh. Hệ thống hiển thị kết quả theo tiêu chí đã nhập | E40: =IF(F40="","","B") | F40: =IF(G40<>"",IF(G40<=3,"Đơn giản",IF(G40<=7,"Trung bình","Phức tạp")),"") | G40: =IF(AND(A40<>"",B40<>"",C40<>""),COUNTIF($H40:H$1439,A40),"") | H40: =IF(A40<>"","",IF(H39<>"",H39,A39)) -> 7
A41: =IF(D41="", MAX($A$1:A40)+1, "") | D41: Quản trị hệ thống xem chi tiết lịch sử lỗi phát sinh. Hệ thống hiển thị chi tiết thông tin | E41: =IF(F41="","","B") | F41: =IF(G41<>"",IF(G41<=3,"Đơn giản",IF(G41<=7,"Trung bình","Phức tạp")),"") | G41: =IF(AND(A41<>"",B41<>"",C41<>""),COUNTIF($H41:H$1439,A41),"") | H41: =IF(A41<>"","",IF(H40<>"",H40,A40)) -> 7
A42: =IF(D42="", MAX($A$1:A41)+1, "") | D42: Quản trị hệ thống xuất file danh sách lịch sử lỗi phát sinh. Hệ thống xuất file lịch sử lỗi phát sinh và cho phép Quản trị hệ thống lưu về máy. | E42: =IF(F42="","","B") | F42: =IF(G42<>"",IF(G42<=3,"Đơn giản",IF(G42<=7,"Trung bình","Phức tạp")),"") | G42: =IF(AND(A42<>"",B42<>"",C42<>""),COUNTIF($H42:H$1439,A42),"") | H42: =IF(A42<>"","",IF(H41<>"",H41,A41)) -> 7
A43: =IF(D43="", MAX($A$1:A42)+1, "") -> 8 | B43: Quản lý chính sách lưu trữ nhật ký tác động hệ thống | C43: Quản trị hệ thống | E43: =IF(F43="","","B") -> B | F43: =IF(G43<>"",IF(G43<=3,"Đơn giản",IF(G43<=7,"Trung bình","Phức tạp")),"") -> Trung bình | G43: =IF(AND(A43<>"",B43<>"",C43<>""),COUNTIF($H43:H$1439,A43),"") -> 5 | H43: =IF(A43<>"","",IF(H42<>"",H42,A42))
A44: =IF(D44="", MAX($A$1:A43)+1, "") | D44: Quản trị hệ thống thực hiện tìm kiếm chính sách. Hệ thống trả về kết quả tìm kiếm theo các tiêu chí Quản trị hệ thống đã chọn. | E44: =IF(F44="","","B") | F44: =IF(G44<>"",IF(G44<=3,"Đơn giản",IF(G44<=7,"Trung bình","Phức tạp")),"") | G44: =IF(AND(A44<>"",B44<>"",C44<>""),COUNTIF($H44:H$1439,A44),"") | H44: =IF(A44<>"","",IF(H43<>"",H43,A43)) -> 8
A45: =IF(D45="", MAX($A$1:A44)+1, "") | D45: Quản trị hệ thống thực hiện thêm mới chính sách lưu trữ nhật ký tác động hệ thống. Hệ thống kiểm tra thông tin, nếu hợp lệ thì lưu vào CSDL, nếu không hợp lệ thì thông báo lỗi cho Quản trị hệ thống. | E45: =IF(F45="","","B") | F45: =IF(G45<>"",IF(G45<=3,"Đơn giản",IF(G45<=7,"Trung bình","Phức tạp")),"") | G45: =IF(AND(A45<>"",B45<>"",C45<>""),COUNTIF($H45:H$1439,A45),"") | H45: =IF(A45<>"","",IF(H44<>"",H44,A44)) -> 8
A46: =IF(D46="", MAX($A$1:A45)+1, "") | D46: Quản trị hệ thống thực hiện chỉnh sửa chính sách lưu trữ nhật ký tác động hệ thống. Hệ thống kiểm tra thông tin, nếu hợp lệ thì lưu vào CSDL, nếu không hợp lệ thì thông báo lỗi cho Quản trị hệ thống. | E46: =IF(F46="","","B") | F46: =IF(G46<>"",IF(G46<=3,"Đơn giản",IF(G46<=7,"Trung bình","Phức tạp")),"") | G46: =IF(AND(A46<>"",B46<>"",C46<>""),COUNTIF($H46:H$1439,A46),"") | H46: =IF(A46<>"","",IF(H45<>"",H45,A45)) -> 8
A47: =IF(D47="", MAX($A$1:A46)+1, "") | D47: Quản trị hệ thống thực hiện xoá chính sách lưu trữ nhật ký tác động hệ thống. Hệ thống kiểm tra thông tin, nếu hợp lệ thì lưu vào CSDL, nếu không hợp lệ thì thông báo lỗi cho Quản trị hệ thống. | E47: =IF(F47="","","B") | F47: =IF(G47<>"",IF(G47<=3,"Đơn giản",IF(G47<=7,"Trung bình","Phức tạp")),"") | G47: =IF(AND(A47<>"",B47<>"",C47<>""),COUNTIF($H47:H$1439,A47),"") | H47: =IF(A47<>"","",IF(H46<>"",H46,A46)) -> 8
A48: =IF(D48="", MAX($A$1:A47)+1, "") | D48: Quản trị hệ thống chọn chính sách cần khóa/mở khóa và nhấn Khóa chính sách. Hệ thống thực hiện khóa chính sách đã chọn. | E48: =IF(F48="","","B") | F48: =IF(G48<>"",IF(G48<=3,"Đơn giản",IF(G48<=7,"Trung bình","Phức tạp")),"") | G48: =IF(AND(A48<>"",B48<>"",C48<>""),COUNTIF($H48:H$1439,A48),"") | H48: =IF(A48<>"","",IF(H47<>"",H47,A47)) -> 8
A49: =IF(D49="", MAX($A$1:A48)+1, "") -> 9 | B49: Lưu log hệ thống | C49: Quản trị hệ thống | E49: =IF(F49="","","B") -> B | F49: =IF(G49<>"",IF(G49<=3,"Đơn giản",IF(G49<=7,"Trung bình","Phức tạp")),"") -> Trung bình | G49: =IF(AND(A49<>"",B49<>"",C49<>""),COUNTIF($H49:H$1439,A49),"") -> 5 | H49: =IF(A49<>"","",IF(H48<>"",H48,A48))
A50: =IF(D50="", MAX($A$1:A49)+1, "") | D50: Người dùng truy cập Phần mềm. Hệ thống thực hiện kiểm tra chính sách lưu trữ nhật ký tác động hệ thống, nếu tác động của người dùng nằm trong danh sách các tác động cần lưu nhật ký hệ thống theo chính sách đã thiết lập, hệ thống thực hiện lưu nhật ký tác động. | E50: =IF(F50="","","B") | F50: =IF(G50<>"",IF(G50<=3,"Đơn giản",IF(G50<=7,"Trung bình","Phức tạp")),"") | G50: =IF(AND(A50<>"",B50<>"",C50<>""),COUNTIF($H50:H$1439,A50),"") | H50: =IF(A50<>"","",IF(H49<>"",H49,A49)) -> 9
A51: =IF(D51="", MAX($A$1:A50)+1, "") | D51: Quản trị hệ thống đăng nhập khi quản trị Phần mềm. Hệ thống thực hiện kiểm tra chính sách lưu trữ nhật ký tác động hệ thống, nếu tác động của người dùng nằm trong danh sách các tác động cần lưu nhật ký hệ thống theo chính sách đã thiết lập, hệ thống thực hiện lưu nhật ký tác động. | E51: =IF(F51="","","B") | F51: =IF(G51<>"",IF(G51<=3,"Đơn giản",IF(G51<=7,"Trung bình","Phức tạp")),"") | G51: =IF(AND(A51<>"",B51<>"",C51<>""),COUNTIF($H51:H$1439,A51),"") | H51: =IF(A51<>"","",IF(H50<>"",H50,A50)) -> 9
A52: =IF(D52="", MAX($A$1:A51)+1, "") | D52: Người dùng thực hiện các thao tác tác động vào hệ thống. Hệ thống thực hiện kiểm tra chính sách lưu trữ nhật ký tác động hệ thống, nếu tác động của người dùng nằm trong danh sách các tác động cần lưu nhật ký hệ thống theo chính sách đã thiết lập, hệ thống thực hiện lưu nhật ký tác động. | E52: =IF(F52="","","B") | F52: =IF(G52<>"",IF(G52<=3,"Đơn giản",IF(G52<=7,"Trung bình","Phức tạp")),"") | G52: =IF(AND(A52<>"",B52<>"",C52<>""),COUNTIF($H52:H$1439,A52),"") | H52: =IF(A52<>"","",IF(H51<>"",H51,A51)) -> 9
A53: =IF(D53="", MAX($A$1:A52)+1, "") | D53: Người dùng thực hiện các chức năng quản lý tài khoản. Hệ thống thực hiện kiểm tra chính sách lưu trữ nhật ký tác động hệ thống, nếu tác động của người dùng nằm trong danh sách các tác động cần lưu nhật ký hệ thống theo chính sách đã thiết lập, hệ thống thực hiện lưu nhật ký tác động. | E53: =IF(F53="","","B") | F53: =IF(G53<>"",IF(G53<=3,"Đơn giản",IF(G53<=7,"Trung bình","Phức tạp")),"") | G53: =IF(AND(A53<>"",B53<>"",C53<>""),COUNTIF($H53:H$1439,A53),"") | H53: =IF(A53<>"","",IF(H52<>"",H52,A52)) -> 9
A54: =IF(D54="", MAX($A$1:A53)+1, "") | D54: Quản trị hệ thống thực hiện thay đổi cấu hình Phần mềm. Hệ thống thực hiện kiểm tra chính sách lưu trữ nhật ký tác động hệ thống, nếu tác động của người dùng nằm trong danh sách các tác động cần lưu nhật ký hệ thống theo chính sách đã thiết lập, hệ thống thực hiện lưu nhật ký tác động. | E54: =IF(F54="","","B") | F54: =IF(G54<>"",IF(G54<=3,"Đơn giản",IF(G54<=7,"Trung bình","Phức tạp")),"") | G54: =IF(AND(A54<>"",B54<>"",C54<>""),COUNTIF($H54:H$1439,A54),"") | H54: =IF(A54<>"","",IF(H53<>"",H53,A53)) -> 9
A55: =IF(D55="", MAX($A$1:A54)+1, "") -> 10 | B55: Gửi thông tin log tác động/log lỗi phát sinh | C55: Nền tảng kết nối chia sẻ của Bộ Tư pháp (LGSP) | E55: M | F55: =IF(G55<>"",IF(G55<=3,"Đơn giản",IF(G55<=7,"Trung bình","Phức tạp")),"") -> Đơn giản | G55: =IF(AND(A55<>"",B55<>"",C55<>""),COUNTIF($H55:H$1439,A55),"") -> 2 | H55: =IF(A55<>"","",IF(H54<>"",H54,A54))
A56: =IF(D56="", MAX($A$1:A55)+1, "") | D56: Nền tảng LGSP kiểm tra kết nối gửi thông tin log tác động/log lỗi phát sinh. Hệ thống nhận kết quả kiểm tra kết nối nếu hợp lệ thì cho phép kết nối, nếu không hợp lệ thì thông báo lại cho nền tảng LGSP | F56: =IF(G56<>"",IF(G56<=3,"Đơn giản",IF(G56<=7,"Trung bình","Phức tạp")),"") | G56: =IF(AND(A56<>"",B56<>"",C56<>""),COUNTIF($H56:H$1439,A56),"") | H56: =IF(A56<>"","",IF(H55<>"",H55,A55)) -> 10
A57: =IF(D57="", MAX($A$1:A56)+1, "") | D57: Nền tảng LGSP thực hiện kết nối với API gửi thông tin log tác động/log lỗi phát sinh. Hệ thống nhận thông báo kết quả kết nối . | F57: =IF(G57<>"",IF(G57<=3,"Đơn giản",IF(G57<=7,"Trung bình","Phức tạp")),"") | G57: =IF(AND(A57<>"",B57<>"",C57<>""),COUNTIF($H57:H$1439,A57),"") | H57: =IF(A57<>"","",IF(H56<>"",H56,A56)) -> 10
A58: =IF(D58="", MAX($A$1:A57)+1, "") -> 11 | B58: Thiết lập chính sách sao lưu dự phòng | C58: Quản trị hệ thống | E58: =IF(F58="","","B") -> B | F58: =IF(G58<>"",IF(G58<=3,"Đơn giản",IF(G58<=7,"Trung bình","Phức tạp")),"") -> Đơn giản | G58: =IF(AND(A58<>"",B58<>"",C58<>""),COUNTIF($H58:H$1439,A58),"") -> 2 | H58: =IF(A58<>"","",IF(#REF!<>"",#REF!,#REF!))
A59: =IF(D59="", MAX($A$1:A58)+1, "") | D59: Quản trị hệ thống truy cập chức năng thiết lập chính sách sao lưu dự phòng. Hệ thống hiển thị màn hình tương ứng | E59: =IF(F59="","","B") | F59: =IF(G59<>"",IF(G59<=3,"Đơn giản",IF(G59<=7,"Trung bình","Phức tạp")),"") | G59: =IF(AND(A59<>"",B59<>"",C59<>""),COUNTIF($H59:H$1439,A59),"") | H59: =IF(A59<>"","",IF(H58<>"",H58,A58)) -> 11
A60: =IF(D60="", MAX($A$1:A59)+1, "") | D60: Quản trị hệ thống nhập các tham số thiết lập chính sách và thực hiện lưu. Hệ thống kiểm tra, nếu hợp lệ thì lưu dữ liệu và thông báo thiết lập thành công, nếu không hợp lệ báo lỗi cụ thể | E60: =IF(F60="","","B") | F60: =IF(G60<>"",IF(G60<=3,"Đơn giản",IF(G60<=7,"Trung bình","Phức tạp")),"") | G60: =IF(AND(A60<>"",B60<>"",C60<>""),COUNTIF($H60:H$1439,A60),"") | H60: =IF(A60<>"","",IF(H59<>"",H59,A59)) -> 11
D61: Quản trị hệ thống cấu hình khôi phục dữ liệu. Hệ thống kiểm tra thông tin, nếu hợp lệ thì lưu vào CSDL, nếu không hợp lệ thì thông báo cho người dùng
A62: B | B62: TRUY CẬP VÀ QUẢN LÝ TÀI KHOẢN | E62: =IF(F62="","","B") | F62: =IF(G62<>"",IF(G62<=3,"Đơn giản",IF(G62<=7,"Trung bình","Phức tạp")),"") | G62: =IF(AND(A62<>"",B62<>"",C62<>""),COUNTIF($H62:H$1439,A62),"") | H62: =IF(A62<>"","",IF(H60<>"",H60,A60))
A63: =IF(D63="", MAX($A$1:A62)+1, "") -> 12 | B63: Đăng xuất | C63: Chuyên viên nhập liệu/chuyên viên khai thác/lãnh đạo/Quản trị hệ thống | E63: M | F63: =IF(G63<>"",IF(G63<=3,"Đơn giản",IF(G63<=7,"Trung bình","Phức tạp")),"") -> Đơn giản | G63: =IF(AND(A63<>"",B63<>"",C63<>""),COUNTIF($H63:H$1439,A63),"") -> 2 | H63: =IF(A63<>"","",IF(H62<>"",H62,A62))
D64: Chuyên viên nhập liệu/chuyên viên khai thác/lãnh đạo/Quản trị hệ thống chọn đăng xuất khỏi hệ thống. Hệ thống gửi yêu cầu đăng nhập sang Nền tảng định danh và xác thực điện tử | E64: =IF(F64="","","B") | F64: =IF(G64<>"",IF(G64<=3,"Đơn giản",IF(G64<=7,"Trung bình","Phức tạp")),"") | G64: =IF(AND(A64<>"",B64<>"",C64<>""),COUNTIF($H64:H$1439,A64),"") | H64: =IF(A64<>"","",IF(H63<>"",H63,A63)) -> 12
D65: Nền tảng định danh và xác thực điện tử kiểm tra yêu cầu, nếu hợp lệ thì thực hiện đăng xuất khỏi hệ thống, nếu không hợp lệ thì thông báo lỗi | E65: =IF(F65="","","B") | F65: =IF(G65<>"",IF(G65<=3,"Đơn giản",IF(G65<=7,"Trung bình","Phức tạp")),"") | G65: =IF(AND(A65<>"",B65<>"",C65<>""),COUNTIF($H65:H$1439,A65),"") | H65: =IF(A65<>"","",IF(H64<>"",H64,A64)) -> 12
A66: =IF(D66="", MAX($A$1:A65)+1, "") -> 13 | B66: Xem thông tin cá nhân | C66: Chuyên viên nhập liệu/chuyên viên khai thác/lãnh đạo/Quản trị hệ thống | E66: =IF(F66="","","B") -> B | F66: =IF(G66<>"",IF(G66<=3,"Đơn giản",IF(G66<=7,"Trung bình","Phức tạp")),"") -> Đơn giản | G66: =IF(AND(A66<>"",B66<>"",C66<>""),COUNTIF($H66:H$1439,A66),"") -> 2 | H66: =IF(A66<>"","",IF(H65<>"",H65,A65))
A67: =IF(D67="", MAX($A$1:A66)+1, "") | D67: Chuyên viên nhập liệu/chuyên viên khai thác/lãnh đạo/Quản trị hệ thống vào xem thông tin cá nhân, hệ thống hiển thị màn hình thông tin cơ bản | E67: =IF(F67="","","B") | F67: =IF(G67<>"",IF(G67<=3,"Đơn giản",IF(G67<=7,"Trung bình","Phức tạp")),"") | G67: =IF(AND(A67<>"",B67<>"",C67<>""),COUNTIF($H67:H$1439,A67),"") | H67: =IF(A67<>"","",IF(H66<>"",H66,A66)) -> 13
D68: Chuyên viên nhập liệu/chuyên viên khai thác/lãnh đạo/Quản trị hệ thống yêu cầu xem chi tiết thông tin cá nhân. Hệ thống hiển thị chi tiết thông tin cá nhân | E68: =IF(F68="","","B") | F68: =IF(G68<>"",IF(G68<=3,"Đơn giản",IF(G68<=7,"Trung bình","Phức tạp")),"") | G68: =IF(AND(A68<>"",B68<>"",C68<>""),COUNTIF($H68:H$1439,A68),"") | H68: =IF(A68<>"","",IF(H67<>"",H67,A67)) -> 13
A69: =IF(D69="", MAX($A$1:A68)+1, "") -> 14 | B69: Xem tài liệu hướng dẫn sử dụng | C69: Chuyên viên nhập liệu/chuyên viên khai thác/lãnh đạo | E69: =IF(F69="","","B") -> B | F69: =IF(G69<>"",IF(G69<=3,"Đơn giản",IF(G69<=7,"Trung bình","Phức tạp")),"") -> Đơn giản | G69: =IF(AND(A69<>"",B69<>"",C69<>""),COUNTIF($H69:H$1439,A69),"") -> 2 | H69: =IF(A69<>"","",IF(H68<>"",H68,A68))
D70: Chuyên viên nhập liệu/chuyên viên khai thác/lãnh đạo chọn xem chi tiết file hướng dẫn sử dụng. Hệ thống thực hiện mở file hướng dẫn. | E70: =IF(F70="","","B") | F70: =IF(G70<>"",IF(G70<=3,"Đơn giản",IF(G70<=7,"Trung bình","Phức tạp")),"") | G70: =IF(AND(A70<>"",B70<>"",C70<>""),COUNTIF($H70:H$1439,A70),"") | H70: =IF(A70<>"","",IF(H69<>"",H69,A69)) -> 14
D71: Chuyên viên nhập liệu/chuyên viên khai thác/Lãnh đạo thực hiện tải xuống file hướng dẫn sử dụng. Hệ thống thực hiện tải xuống file hướng dẫn. | E71: =IF(F71="","","B") | F71: =IF(G71<>"",IF(G71<=3,"Đơn giản",IF(G71<=7,"Trung bình","Phức tạp")),"") | G71: =IF(AND(A71<>"",B71<>"",C71<>""),COUNTIF($H71:H$1439,A71),"") | H71: =IF(A71<>"","",IF(H70<>"",H70,A70)) -> 14
A72: C | B72: ỨNG DỤNG WEB DÀNH CHO CÔNG DÂN, TỔ CHỨC NGOÀI/CHUYÊN VIÊN NHẬP LIỆU/ CHUYÊN VIÊN KHAI THÁC/LÃNH ĐẠO | F72: =IF(G72<>"",IF(G72<=3,"Đơn giản",IF(G72<=7,"Trung bình","Phức tạp")),"") | G72: =IF(AND(A72<>"",B72<>"",C72<>""),COUNTIF($H72:H$1439,A72),"") | H72: =IF(A72<>"","",IF(H71<>"",H71,A71))
A73: I | B73: Quản lý dashboard | E73: =IF(F73="","","B") | F73: =IF(G73<>"",IF(G73<=3,"Đơn giản",IF(G73<=7,"Trung bình","Phức tạp")),"") | G73: =IF(AND(A73<>"",B73<>"",C73<>""),COUNTIF($H73:H$1439,A73),"") | H73: =IF(A73<>"","",IF(H72<>"",H72,A72))
A74: =IF(D74="", MAX($A$1:A73)+1, "") -> 15 | B74: Xem biểu đồ thống kê điều ước quốc tế, thỏa thuận quốc tế | C74: Công dân, tổ chức ngoài/chuyên viên nhập liệu/chuyên viên khai thác/lãnh đạo/Quản trị hệ thống | E74: =IF(F74="","","B") -> B | F74: =IF(G74<>"",IF(G74<=3,"Đơn giản",IF(G74<=7,"Trung bình","Phức tạp")),"") -> Đơn giản | G74: =IF(AND(A74<>"",B74<>"",C74<>""),COUNTIF($H74:H$1439,A74),"") -> 3 | H74: =IF(A74<>"","",IF(H73<>"",H73,A73))
A75: =IF(D75="", MAX($A$1:A74)+1, "") | D75: Công dân, tổ chức ngoài/chuyên viên nhập liệu/chuyên viên khai thác/Lãnh đạo/Quản trị hệ thống truy cập vào dasboard. Hệ thống hiển thị biểu đồ thống kê điều ước quốc tế, thỏa thuận quốc tế | E75: =IF(F75="","","B") | F75: =IF(G75<>"",IF(G75<=3,"Đơn giản",IF(G75<=7,"Trung bình","Phức tạp")),"") | G75: =IF(AND(A75<>"",B75<>"",C75<>""),COUNTIF($H75:H$1439,A75),"") | H75: =IF(A75<>"","",IF(H74<>"",H74,A74)) -> 15
A76: =IF(D76="", MAX($A$1:A75)+1, "") | D76: Công dân, tổ chức ngoài/chuyên viên nhập liệu/chuyên viên khai thác/Lãnh đạo/Quản trị hệ thống thực hiện lọc dữ liệu. Hệ thống xử lý yêu cầu lọc của người dùng và hiển thị thông tin thống kê điều ước quốc tế, thỏa thuận quốc tế với dữ liệu mới. | E76: =IF(F76="","","B") | F76: =IF(G76<>"",IF(G76<=3,"Đơn giản",IF(G76<=7,"Trung bình","Phức tạp")),"") | G76: =IF(AND(A76<>"",B76<>"",C76<>""),COUNTIF($H76:H$1439,A76),"") | H76: =IF(A76<>"","",IF(H75<>"",H75,A75)) -> 15
A77: =IF(D77="", MAX($A$1:A76)+1, "") | D77: Công dân, tổ chức ngoài/chuyên viên nhập liệu/chuyên viên khai thác/Lãnh đạo/Quản trị hệ thống yêu cầu xem chi tiết các đối tượng trong một phần của biểu đồ. Hệ thống trả về thông tin chi tiết điều ước quốc tế, thỏa thuận quốc tế tương ứng. | E77: =IF(F77="","","B") | F77: =IF(G77<>"",IF(G77<=3,"Đơn giản",IF(G77<=7,"Trung bình","Phức tạp")),"") | G77: =IF(AND(A77<>"",B77<>"",C77<>""),COUNTIF($H77:H$1439,A77),"") | H77: =IF(A77<>"","",IF(H76<>"",H76,A76)) -> 15
A78: =IF(D78="", MAX($A$1:A77)+1, "") -> 16 | B78: Xem biểu đồ thống kê chương trình dự án | C78: Công dân, tổ chức ngoài/chuyên viên nhập liệu/chuyên viên khai thác/lãnh đạo/Quản trị hệ thống | E78: =IF(F78="","","B") -> B | F78: =IF(G78<>"",IF(G78<=3,"Đơn giản",IF(G78<=7,"Trung bình","Phức tạp")),"") -> Đơn giản | G78: =IF(AND(A78<>"",B78<>"",C78<>""),COUNTIF($H78:H$1439,A78),"") -> 3 | H78: =IF(A78<>"","",IF(H77<>"",H77,A77))
A79: =IF(D79="", MAX($A$1:A78)+1, "") | D79: Công dân, tổ chức ngoài/chuyên viên nhập liệu/chuyên viên khai thác/Lãnh đạo/Quản trị hệ thống truy cập vào dasboard. Hệ thống hiển thị biểu đồ thống kê chương trình dự án | E79: =IF(F79="","","B") | F79: =IF(G79<>"",IF(G79<=3,"Đơn giản",IF(G79<=7,"Trung bình","Phức tạp")),"") | G79: =IF(AND(A79<>"",B79<>"",C79<>""),COUNTIF($H79:H$1439,A79),"") | H79: =IF(A79<>"","",IF(H78<>"",H78,A78)) -> 16
A80: =IF(D80="", MAX($A$1:A79)+1, "") | D80: Công dân, tổ chức ngoài/chuyên viên nhập liệu/chuyên viên khai thác/Lãnh đạo/Quản trị hệ thống thực hiện lọc dữ liệu. Hệ thống xử lý yêu cầu lọc của người dùng và hiển thị thông tin thống kê chương trình dự án với dữ liệu mới. | E80: =IF(F80="","","B") | F80: =IF(G80<>"",IF(G80<=3,"Đơn giản",IF(G80<=7,"Trung bình","Phức tạp")),"") | G80: =IF(AND(A80<>"",B80<>"",C80<>""),COUNTIF($H80:H$1439,A80),"") | H80: =IF(A80<>"","",IF(H79<>"",H79,A79)) -> 16
A81: =IF(D81="", MAX($A$1:A80)+1, "") | D81: Công dân, tổ chức ngoài/chuyên viên nhập liệu/chuyên viên khai thác/Lãnh đạo/Quản trị hệ thống yêu cầu xem chi tiết các đối tượng trong một phần của biểu đồ. Hệ thống trả về thông tin chi tiết chương trình dự án tương ứng. | E81: =IF(F81="","","B") | F81: =IF(G81<>"",IF(G81<=3,"Đơn giản",IF(G81<=7,"Trung bình","Phức tạp")),"") | G81: =IF(AND(A81<>"",B81<>"",C81<>""),COUNTIF($H81:H$1439,A81),"") | H81: =IF(A81<>"","",IF(H80<>"",H80,A80)) -> 16
A82: =IF(D82="", MAX($A$1:A81)+1, "") -> 17 | B82: Thống kê danh sách hội thảo | C82: Công dân, tổ chức ngoài/chuyên viên nhập liệu/chuyên viên khai thác/lãnh đạo/Quản trị hệ thống | E82: =IF(F82="","","B") -> B | F82: =IF(G82<>"",IF(G82<=3,"Đơn giản",IF(G82<=7,"Trung bình","Phức tạp")),"") -> Đơn giản | G82: =IF(AND(A82<>"",B82<>"",C82<>""),COUNTIF($H82:H$1439,A82),"") -> 3 | H82: =IF(A82<>"","",IF(H81<>"",H81,A81))
A83: =IF(D83="", MAX($A$1:A82)+1, "") | D83: Công dân, tổ chức ngoài/chuyên viên nhập liệu/chuyên viên khai thác/Lãnh đạo/Quản trị hệ thống thực hiện xem danh sách hội thảo. Hệ thống hiển thị danh sách hội thảo. | E83: =IF(F83="","","B") | F83: =IF(G83<>"",IF(G83<=3,"Đơn giản",IF(G83<=7,"Trung bình","Phức tạp")),"") | G83: =IF(AND(A83<>"",B83<>"",C83<>""),COUNTIF($H83:H$1439,A83),"") | H83: =IF(A83<>"","",IF(H82<>"",H82,A82)) -> 17
A84: =IF(D84="", MAX($A$1:A83)+1, "") | D84: Công dân, tổ chức ngoài/chuyên viên nhập liệu/chuyên viên khai thác/Lãnh đạo/Quản trị hệ thống nhập điều kiện tìm kiếm nhanh hội thảo và chọn tìm kiếm. Hệ thống hiển thị kết quả danh sách hội thảo theo các tiêu chí đã nhập. | E84: =IF(F84="","","B") | F84: =IF(G84<>"",IF(G84<=3,"Đơn giản",IF(G84<=7,"Trung bình","Phức tạp")),"") | G84: =IF(AND(A84<>"",B84<>"",C84<>""),COUNTIF($H84:H$1439,A84),"") | H84: =IF(A84<>"","",IF(H83<>"",H83,A83)) -> 17
A85: =IF(D85="", MAX($A$1:A84)+1, "") | D85: Công dân, tổ chức ngoài/chuyên viên nhập liệu/chuyên viên khai thác/Lãnh đạo/Quản trị hệ thống chọn xem chi tiết thông tin hội thảo. Hệ thống hiển thị chi tiết thông tin hội thảo. | E85: =IF(F85="","","B") | F85: =IF(G85<>"",IF(G85<=3,"Đơn giản",IF(G85<=7,"Trung bình","Phức tạp")),"") | G85: =IF(AND(A85<>"",B85<>"",C85<>""),COUNTIF($H85:H$1439,A85),"") | H85: =IF(A85<>"","",IF(H84<>"",H84,A84)) -> 17
A86: =IF(D86="", MAX($A$1:A85)+1, "") -> 18 | B86: Xem thông báo | C86: Chuyên viên nhập liệu/chuyên viên khai thác/lãnh đạo/Quản trị hệ thống | E86: =IF(F86="","","B") -> B | F86: =IF(G86<>"",IF(G86<=3,"Đơn giản",IF(G86<=7,"Trung bình","Phức tạp")),"") -> Đơn giản | G86: =IF(AND(A86<>"",B86<>"",C86<>""),COUNTIF($H86:H$1439,A86),"") -> 2 | H86: =IF(A86<>"","",IF(H85<>"",H85,A85))
A87: =IF(D87="", MAX($A$1:A86)+1, "") | D87: Chuyên viên nhập liệu/chuyên viên khai thác/lãnh đạo/quản trị hệ thống truy cập hệ thống để xem thông báo. Hệ thống hiển thị số lượng và danh sách thông báo tại màn hình trang chủ | E87: =IF(F87="","","B") | F87: =IF(G87<>"",IF(G87<=3,"Đơn giản",IF(G87<=7,"Trung bình","Phức tạp")),"") | G87: =IF(AND(A87<>"",B87<>"",C87<>""),COUNTIF($H87:H$1439,A87),"") | H87: =IF(A87<>"","",IF(H86<>"",H86,A86)) -> 18
A88: =IF(D88="", MAX($A$1:A87)+1, "") | D88: Chuyên viên nhập liệu/chuyên viên khai thác/lãnh đạo/Quản trị hệ thống xem chi tiết thông báo. Hệ thống hiển thị màn hình chi tiết thông báo | E88: =IF(F88="","","B") | F88: =IF(G88<>"",IF(G88<=3,"Đơn giản",IF(G88<=7,"Trung bình","Phức tạp")),"") | G88: =IF(AND(A88<>"",B88<>"",C88<>""),COUNTIF($H88:H$1439,A88),"") | H88: =IF(A88<>"","",IF(H87<>"",H87,A87)) -> 18
A89: II. | B89: Quản lý dữ liệu hợp tác quốc tế | E89: =IF(F89="","","B") | F89: =IF(G89<>"",IF(G89<=3,"Đơn giản",IF(G89<=7,"Trung bình","Phức tạp")),"") | G89: =IF(AND(A89<>"",B89<>"",C89<>""),COUNTIF($H89:H$1439,A89),"") | H89: =IF(A89<>"","",IF(H88<>"",H88,A88))
A90: II.1 | B90: Quản lý điều ước quốc tế, thỏa thuận quốc tế, thỏa thuận khác | E90: =IF(F90="","","B") | F90: =IF(G90<>"",IF(G90<=3,"Đơn giản",IF(G90<=7,"Trung bình","Phức tạp")),"") | G90: =IF(AND(A90<>"",B90<>"",C90<>""),COUNTIF($H90:H$1439,A90),"") | H90: =IF(A90<>"","",IF(H89<>"",H89,A89))
A91: =IF(D91="", MAX($A$1:A90)+1, "") -> 19 | B91: Quản lý điều ước quốc tế | C91: Công dân, tổ chức ngoài/chuyên viên nhập liệu/chuyên viên khai thác/lãnh đạo | E91: =IF(F91="","","B") -> B | F91: =IF(G91<>"",IF(G91<=3,"Đơn giản",IF(G91<=7,"Trung bình","Phức tạp")),"") -> Trung bình | G91: =IF(AND(A91<>"",B91<>"",C91<>""),COUNTIF($H91:H$1439,A91),"") -> 7 | H91: =IF(A91<>"","",IF(H90<>"",H90,A90))
A92: =IF(D92="", MAX($A$1:A91)+1, "") | D92: Công dân, tổ chức ngoài/chuyên viên nhập liệu/chuyên viên khai thác/Lãnh đạo nhập điều kiện tìm kiếm điều ước quốc tế và chọn tìm kiếm. Hệ thống hiển thị kết quả danh sách điều ước quốc tế theo các tiêu chí đã nhập. | E92: =IF(F92="","","B") | F92: =IF(G92<>"",IF(G92<=3,"Đơn giản",IF(G92<=7,"Trung bình","Phức tạp")),"") | G92: =IF(AND(A92<>"",B92<>"",C92<>""),COUNTIF($H92:H$1439,A92),"") | H92: =IF(A92<>"","",IF(H91<>"",H91,A91)) -> 19
A93: =IF(D93="", MAX($A$1:A92)+1, "") | D93: Công dân, tổ chức ngoài/chuyên viên nhập liệu/chuyên viên khai thác/Lãnh đạo chọn xem chi tiết điều ước quốc tế. Hệ thống hiển thị đầy đủ thông tin chi tiết của điều ước quốc tế được chọn. | E93: =IF(F93="","","B") | F93: =IF(G93<>"",IF(G93<=3,"Đơn giản",IF(G93<=7,"Trung bình","Phức tạp")),"") | G93: =IF(AND(A93<>"",B93<>"",C93<>""),COUNTIF($H93:H$1439,A93),"") | H93: =IF(A93<>"","",IF(H92<>"",H92,A92)) -> 19
A94: =IF(D94="", MAX($A$1:A93)+1, "") | D94: Công dân, tổ chức ngoài/chuyên viên nhập liệu/chuyên viên khai thác/Lãnh đạo chọn xem chi tiết file đính kèm về điều ước quốc tế. Hệ thống thực hiện mở/tải về file đính kèm . | E94: =IF(F94="","","B") | F94: =IF(G94<>"",IF(G94<=3,"Đơn giản",IF(G94<=7,"Trung bình","Phức tạp")),"") | G94: =IF(AND(A94<>"",B94<>"",C94<>""),COUNTIF($H94:H$1439,A94),"") | H94: =IF(A94<>"","",IF(H93<>"",H93,A93)) -> 19
A95: =IF(D95="", MAX($A$1:A94)+1, "") | D95: Chuyên viên nhập liệu/lãnh đạo thực hiện thêm mới điều ước quốc tế. Hệ thống kiểm tra tính hợp lệ của dữ liệu, nếu hợp lệ thì lưu vào CSDL và hiển thị kết quả, nếu không hợp lệ báo lỗi cụ thể. | E95: =IF(F95="","","B") | F95: =IF(G95<>"",IF(G95<=3,"Đơn giản",IF(G95<=7,"Trung bình","Phức tạp")),"") | G95: =IF(AND(A95<>"",B95<>"",C95<>""),COUNTIF($H95:H$1439,A95),"") | H95: =IF(A95<>"","",IF(H94<>"",H94,A94)) -> 19
A96: =IF(D96="", MAX($A$1:A95)+1, "") | D96: Chuyên viên nhập liệu/lãnh đạo thực hiện chỉnh sửa điều ước quốc tế. Hệ thống kiểm tra tính hợp lệ của dữ liệu, nếu hợp lệ thì cập nhật vào CSDL và hiển thị kết quả, nếu không hợp lệ báo lỗi cụ thể. | E96: =IF(F96="","","B") | F96: =IF(G96<>"",IF(G96<=3,"Đơn giản",IF(G96<=7,"Trung bình","Phức tạp")),"") | G96: =IF(AND(A96<>"",B96<>"",C96<>""),COUNTIF($H96:H$1439,A96),"") | H96: =IF(A96<>"","",IF(H95<>"",H95,A95)) -> 19
A97: =IF(D97="", MAX($A$1:A96)+1, "") | D97: Chuyên viên nhập liệu/lãnh đạo thực hiện xóa điều ước quốc tế. Hệ thống kiểm tra tính hợp lệ của dữ liệu, nếu hợp lệ thì thực hiện xóa và hiển thị kết quả, nếu không hợp lệ báo lỗi cụ thể. | E97: =IF(F97="","","B") | F97: =IF(G97<>"",IF(G97<=3,"Đơn giản",IF(G97<=7,"Trung bình","Phức tạp")),"") | G97: =IF(AND(A97<>"",B97<>"",C97<>""),COUNTIF($H97:H$1439,A97),"") | H97: =IF(A97<>"","",IF(H96<>"",H96,A96)) -> 19
A98: =IF(D98="", MAX($A$1:A97)+1, "") | D98: Công dân, tổ chức ngoài/chuyên viên nhập liệu/chuyên viên khai thác/Lãnh đạo thực hiện xuất file danh sách điều ước quốc tế. Hệ thống thực hiện xuất dữ liệu danh sách điều ước quốc tế theo định dạng được chọn. | E98: =IF(F98="","","B") | F98: =IF(G98<>"",IF(G98<=3,"Đơn giản",IF(G98<=7,"Trung bình","Phức tạp")),"") | G98: =IF(AND(A98<>"",B98<>"",C98<>""),COUNTIF($H98:H$1439,A98),"") | H98: =IF(A98<>"","",IF(H97<>"",H97,A97)) -> 19
A99: =IF(D99="", MAX($A$1:A98)+1, "") -> 20 | B99: Quản lý thỏa thuận quốc tế | C99: Công dân, tổ chức ngoài/chuyên viên nhập liệu/chuyên viên khai thác/lãnh đạo | E99: =IF(F99="","","B") -> B | F99: =IF(G99<>"",IF(G99<=3,"Đơn giản",IF(G99<=7,"Trung bình","Phức tạp")),"") -> Trung bình | G99: =IF(AND(A99<>"",B99<>"",C99<>""),COUNTIF($H99:H$1439,A99),"") -> 7 | H99: =IF(A99<>"","",IF(H98<>"",H98,A98))
A100: =IF(D100="", MAX($A$1:A99)+1, "") | D100: Công dân, tổ chức ngoài/chuyên viên nhập liệu/chuyên viên khai thác/Lãnh đạo nhập điều kiện tìm kiếm thỏa thuận quốc tế và chọn tìm kiếm. Hệ thống hiển thị kết quả danh sách thỏa thuận quốc tế theo các tiêu chí đã nhập. | E100: =IF(F100="","","B") | F100: =IF(G100<>"",IF(G100<=3,"Đơn giản",IF(G100<=7,"Trung bình","Phức tạp")),"") | G100: =IF(AND(A100<>"",B100<>"",C100<>""),COUNTIF($H100:H$1439,A100),"") | H100: =IF(A100<>"","",IF(H99<>"",H99,A99)) -> 20
...

Sheet Sheet2
A1: STT | B1: Tên chức năng | C1: Mô tả
A2: A | B2: ỨNG DỤNG WEB DÀNH CHO QUẢN TRỊ HỆ THỐNG
A3: I | B3: Quản trị hệ thống
A4: =IF(C4="", MAX($A$1:A3)+1, "") -> 1 | B4: Quản lý vai trò
B5: Quản trị hệ thống nhập điều kiện tìm kiếm vai trò và chọn tìm kiếm. Hệ thống hiển thị kết quả danh sách vai trò theo các tiêu chí đã nhập. | C5: Yêu cầu truy vấn
B6: Quản trị hệ thống thực hiện thêm mới thông tin vai trò. Hệ thống kiểm tra tính hợp lệ của dữ liệu, nếu hợp lệ thì lưu vào CSDL và hiển thị kết quả, nếu không hợp lệ báo lỗi cụ thể. | C6: Dữ liệu đầu vào
B7: Quản trị hệ thống thực hiện chỉnh sửa thông tin vai trò. Hệ thống kiểm tra tính hợp lệ của dữ liệu, nếu hợp lệ thì cập nhật vào CSDL và hiển thị kết quả, nếu không hợp lệ báo lỗi cụ thể. | C7: Dữ liệu đầu vào
B8: Quản trị hệ thống thực hiện thiết lập quyền cho vai trò. Hệ thống lưu thiết lập quyền và hiển thị kết quả. | C8: Dữ liệu đầu vào
B9: Quản trị hệ thống thực hiện xóa vai trò. Hệ thống kiểm tra tính hợp lệ và nếu hợp lệ thực hiện xóa, nếu không hợp lệ hiển thị lỗi cụ thể. | C9: Dữ liệu đầu vào
B10: Quản trị hệ thống chọn chức năng khóa/mở khóa vai trò. Hệ thống thực hiện khóa vai trò và hiển thị kết quả. | C10: Dữ liệu đầu vào
B11: Quản trị hệ thống thực hiện import danh sách vai trò. Hệ thống kiểm tra tính hợp lệ của dữ liệu, nếu hợp lệ thì cập nhật vào CSDL và hiển thị kết quả, nếu không hợp lệ báo lỗi cụ thể. | C11: Dữ liệu đầu vào
A12: =IF(C12="", MAX($A$1:A11)+1, "") -> 2 | B12: Quản lý phân quyền
B13: Quản trị hệ thống nhập điều kiện tìm kiếm quyền và chọn tìm kiếm. Hệ thống hiển thị kết quả thông tin quyền theo các tiêu chí đã nhập. | C13: Yêu cầu truy vấn
B14: Quản trị hệ thống thực hiện thêm mới thông tin quyền. Hệ thống kiểm tra tính hợp lệ của dữ liệu, nếu hợp lệ thì lưu vào CSDL và hiển thị kết quả, nếu không hợp lệ báo lỗi cụ thể. | C14: Dữ liệu đầu vào
B15: Quản trị hệ thống thực hiện chỉnh sửa thông tin quyền. Hệ thống kiểm tra tính hợp lệ của dữ liệu, nếu hợp lệ thì cập nhật vào CSDL và hiển thị kết quả, nếu không hợp lệ báo lỗi cụ thể. | C15: Dữ liệu đầu vào
B16: Quản trị hệ thống thực hiện xóa thông tin quyền. Hệ thống kiểm tra tính hợp lệ và nếu hợp lệ thực hiện xóa, nếu không hợp lệ hiển thị lỗi cụ thể. | C16: Dữ liệu đầu vào
B17: Quản trị hệ thống chọn chức năng khóa./mở khóa quyền. Hệ thống thực hiện khóa quyền và hiển thị kết quả. | C17: Dữ liệu đầu vào
B18: Quản trị hệ thống thực hiện import danh sách quyền. Hệ thống kiểm tra tính hợp lệ của dữ liệu, nếu hợp lệ thì cập nhật vào CSDL và hiển thị kết quả, nếu không hợp lệ báo lỗi cụ thể. | C18: Dữ liệu đầu vào
A19: =IF(C19="", MAX($A$1:A18)+1, "") -> 3 | B19: Quản lý người dùng
B20: Quản trị hệ thống nhập điều kiện tìm kiếm người dùng và chọn tìm kiếm. Hệ thống hiển thị kết quả danh sách người dùng theo các tiêu chí đã nhập. | C20: Yêu cầu truy vấn
B21: Quản trị hệ thống chọn xem chi tiết thông tin người dùng. Hệ thống hiển thị chi tiết thông tin người dùng. | C21: Dữ liệu đầu ra
B22: Quản trị hệ thống thực hiện gán/bỏ gán vai trò cho người dùng. Hệ thống cập nhật thông tin và hiển thị kết quả. | C22: Dữ liệu đầu vào
A23: =IF(C23="", MAX($A$1:A22)+1, "") -> 4 | B23: Quản lý đơn vị
B24: Quản trị hệ thống xem danh sách đơn vị; Hệ thống hiển thị thông tin danh sách đơn vị | C24: Dữ liệu đầu ra
B25: Quản trị hệ thống tìm kiếm đơn vị; Hệ thống truy vấn dữ liệu và hiển thị kết quả thông tin đơn vị tương ứng với điều kiện tìm kiếm | C25: Yêu cầu truy vấn
B26: Quản trị hệ thống xem chi tiết nội dung một đơn vị; Hệ thống hiển thị thông tin chi tiết của đơn vị | C26: Dữ liệu đầu ra
A27: II | B27: Quản lý cấu hình chung
A28: =IF(C28="", MAX($A$1:A27)+1, "") -> 5 | B28: Quản lý cấu hình thông báo
B29: Quản trị hệ thống tìm kiếm cấu hình thông báo. Hệ thống hiển thị kết quả theo tiêu chí đã chọn | C29: Yêu cầu truy vấn
B30: Quản trị hệ thống thêm mới cấu hình thông báo. Hệ thống kiểm tra thông tin, nếu hợp lệ thì lưu vào CSDL, nếu không hợp lệ thì thông báo lỗi | C30: Dữ liệu đầu vào
B31: Quản trị hệ thống chỉnh sửa cấu hình thông báo. Hệ thống kiểm tra thông tin, nếu hợp lệ thì lưu vào CSDL, nếu không hợp lệ thì thông báo lỗi | C31: Dữ liệu đầu vào
B32: Quản trị hệ thống xoá cấu hình thông báo. Hệ thống kiểm tra thông tin, nếu hợp lệ thì lưu vào CSDL, nếu không hợp lệ thì thông báo lỗi | C32: Dữ liệu đầu vào
B33: Quản trị hệ thống khoá/mở khóa cấu hình thông báo. Hệ thống kiểm tra thông tin, nếu hợp lệ thì lưu vào CSDL, nếu không hợp lệ thì thông báo lỗi | C33: Dữ liệu đầu vào
A34: =IF(C34="", MAX($A$1:A33)+1, "") -> 6 | B34: Quản lý lịch sử tác động
B35: Quản trị hệ thống thực hiện tìm kiếm lịch sử tác động. Hệ thống hiển thị kết quả theo tiêu chí đã nhập | C35: Yêu cầu truy vấn
B36: Quản trị hệ thống xem chi tiết lịch sử tác động. Hệ thống hiển thị chi tiết thông tin | C36: Dữ liệu đầu ra
B37: Quản trị hệ thống xuất file danh sách lịch sử tác động. Hệ thống xuất file lịch sử tác động và cho phép người dùng lưu về máy. | C37: Dữ liệu đầu ra
A38: =IF(C38="", MAX($A$1:A37)+1, "") -> 7 | B38: Quản lý lịch sử lỗi phát sinh
B39: Quản trị hệ thống thực hiện tìm kiếm lỗi phát sinh. Hệ thống hiển thị kết quả theo tiêu chí đã nhập | C39: Yêu cầu truy vấn
B40: Quản trị hệ thống xem chi tiết lịch sử lỗi phát sinh. Hệ thống hiển thị chi tiết thông tin | C40: Dữ liệu đầu ra
B41: Quản trị hệ thống xuất file danh sách lịch sử lỗi phát sinh. Hệ thống xuất file lịch sử lỗi phát sinh và cho phép Quản trị hệ thống lưu về máy. | C41: Dữ liệu đầu ra
A42: =IF(C42="", MAX($A$1:A41)+1, "") -> 8 | B42: Quản lý chính sách lưu trữ nhật ký tác động hệ thống
B43: Quản trị hệ thống thực hiện tìm kiếm chính sách. Hệ thống trả về kết quả tìm kiếm theo các tiêu chí Quản trị hệ thống đã chọn. | C43: Yêu cầu truy vấn
B44: Quản trị hệ thống thực hiện thêm mới chính sách lưu trữ nhật ký tác động hệ thống. Hệ thống kiểm tra thông tin, nếu hợp lệ thì lưu vào CSDL, nếu không hợp lệ thì thông báo lỗi cho Quản trị hệ thống. | C44: Dữ liệu đầu vào
B45: Quản trị hệ thống thực hiện chỉnh sửa chính sách lưu trữ nhật ký tác động hệ thống. Hệ thống kiểm tra thông tin, nếu hợp lệ thì lưu vào CSDL, nếu không hợp lệ thì thông báo lỗi cho Quản trị hệ thống. | C45: Dữ liệu đầu vào
B46: Quản trị hệ thống thực hiện xóa chính sách lưu trữ nhật ký tác động hệ thống. Hệ thống kiểm tra thông tin, nếu hợp lệ thì lưu vào CSDL, nếu không hợp lệ thì thông báo lỗi cho Quản trị hệ thống. | C46: Dữ liệu đầu vào
B47: Quản trị hệ thống chọn chính sách cần khóa/mở khóa và nhấn Khóa chính sách. Hệ thống thực hiện khóa chính sách đã chọn. | C47: Dữ liệu đầu vào
A48: =IF(C48="", MAX($A$1:A47)+1, "") -> 9 | B48: Lưu log hệ thống
B49: Người dùng truy cập phần mềm. Hệ thống thực hiện kiểm tra chính sách lưu trữ nhật ký tác động hệ thống, nếu tác động của người dùng nằm trong danh sách các tác động cần lưu nhật ký hệ thống theo chính sách đã thiết lập, hệ thống thực hiện lưu nhật ký tác động. | C49: Dữ liệu đầu vào
B50: Quản trị hệ thống đăng nhập khi quản trị Phần mềm. Hệ thống thực hiện kiểm tra chính sách lưu trữ nhật ký tác động hệ thống, nếu tác động của người dùng nằm trong danh sách các tác động cần lưu nhật ký hệ thống theo chính sách đã thiết lập, hệ thống thực hiện lưu nhật ký tác động. | C50: Dữ liệu đầu vào
B51: Người dùng thực hiện các thao tác tác động vào hệ thống. Hệ thống thực hiện kiểm tra chính sách lưu trữ nhật ký tác động hệ thống, nếu tác động của người dùng nằm trong danh sách các tác động cần lưu nhật ký hệ thống theo chính sách đã thiết lập, hệ thống thực hiện lưu nhật ký tác động. | C51: Dữ liệu đầu vào
B52: Người dùng thực hiện các chức năng quản lý tài khoản. Hệ thống thực hiện kiểm tra chính sách lưu trữ nhật ký tác động hệ thống, nếu tác động của người dùng nằm trong danh sách các tác động cần lưu nhật ký hệ thống theo chính sách đã thiết lập, hệ thống thực hiện lưu nhật ký tác động. | C52: Dữ liệu đầu vào
B53: Quản trị hệ thống thực hiện thay đổi cấu hình Phần mềm. Hệ thống thực hiện kiểm tra chính sách lưu trữ nhật ký tác động hệ thống, nếu tác động của người dùng nằm trong danh sách các tác động cần lưu nhật ký hệ thống theo chính sách đã thiết lập, hệ thống thực hiện lưu nhật ký tác động. | C53: Dữ liệu đầu vào
A54: 10 | B54: Gửi thông tin log tác động/log lỗi phát sinh
B55: Nền tảng LGSP kiểm tra kết nối gửi thông tin log tác động/log lỗi phát sinh. Hệ thống nhận kết quả kiểm tra kết nối nếu hợp lệ thì cho phép kết nối, nếu không hợp lệ thì thông báo lại cho nền tảng LGSP | C55: Dữ liệu đầu vào
B56: Nền tảng LGSP thực hiện kết nối với API gửi thông tin log tác động/log lỗi phát sinh. Hệ thống nhận thông báo kết quả kết nối . | C56: Dữ liệu đầu vào
A57: =IF(C57="", MAX($A$1:A56)+1, "") -> 11 | B57: Thiết lập chính sách sao lưu dự phòng
B58: Quản trị hệ thống truy cập chức năng thiết lập chính sách sao lưu dự phòng. Hệ thống hiển thị màn hình tương ứng | C58: Dữ liệu đầu ra
B59: Quản trị hệ thống nhập các tham số thiết lập chính sách và thực hiện lưu. Hệ thống kiểm tra, nếu hợp lệ thì lưu dữ liệu và thông báo thiết lập thành công, nếu không hợp lệ báo lỗi cụ thể | C59: Dữ liệu đầu vào
B60: Quản trị hệ thống cấu hình khôi phục dữ liệu. Hệ thống kiểm tra thông tin, nếu hợp lệ thì lưu vào CSDL, nếu không hợp lệ thì thông báo cho người dùng | C60: Dữ liệu đầu vào
A61: B | B61: TRUY CẬP VÀ QUẢN LÝ TÀI KHOẢN
A62: =IF(C62="", MAX($A$1:A61)+1, "") -> 12 | B62: Đăng xuất
B63: Chuyên viên nhập liệu/chuyên viên khai thác/lãnh đạo/Quản trị hệ thống chọn đăng xuất khỏi hệ thống. Hệ thống gửi yêu cầu đăng nhập sang Nền tảng định danh và xác thực điện tử | C63: Yêu cầu truy vấn
B64: Nền tảng định danh và xác thực điện tử kiểm tra yêu cầu, nếu hợp lệ thì thực hiện đăng xuất khỏi hệ thống, nếu không hợp lệ thì thông báo lỗi | C64: Yêu cầu truy vấn
A65: =IF(C65="", MAX($A$1:A64)+1, "") -> 13 | B65: Xem thông tin cá nhân
B66: Chuyên viên nhập liệu/chuyên viên khai thác/lãnh đạo/Quản trị hệ thống vào xem thông tin cá nhân, hệ thống hiển thị màn hình thông tin cơ bản | C66: Dữ liệu đầu ra
B67: Chuyên viên nhập liệu/chuyên viên khai thác/lãnh đạo/Quản trị hệ thống yêu cầu xem chi tiết thông tin cá nhân. Hệ thống hiển thị chi tiết thông tin cá nhân | C67: Dữ liệu đầu ra
A68: =IF(C68="", MAX($A$1:A67)+1, "") -> 14 | B68: Xem tài liệu hướng dẫn sử dụng
B69: Chuyên viên nhập liệu/chuyên viên khai thác/lãnh đạo chọn xem chi tiết file hướng dẫn sử dụng. Hệ thống thực hiện mở file hướng dẫn. | C69: Dữ liệu đầu ra
B70: Chuyên viên nhập liệu/chuyên viên khai thác/Lãnh đạo thực hiện tải xuống file hướng dẫn sử dụng. Hệ thống thực hiện tải xuống file hướng dẫn. | C70: Dữ liệu đầu ra
A71: C | B71: ỨNG DỤNG WEB DÀNH CHO CÔNG DÂN, TỔ CHỨC NGOÀI/CHUYÊN VIÊN NHẬP LIỆU/ CHUYÊN VIÊN KHAI THÁC/LÃNH ĐẠO
A72: I | B72: Quản lý dashboard
A73: =IF(C73="", MAX($A$1:A72)+1, "") -> 15 | B73: Xem biểu đồ thống kê điều ước quốc tế, thỏa thuận quốc tế
B74: Công dân, tổ chức ngoài/chuyên viên nhập liệu/chuyên viên khai thác/Lãnh đạo/Quản trị hệ thống truy cập vào dasboard. Hệ thống hiển thị biểu đồ thống kê điều ước quốc tế, thỏa thuận quốc tế | C74: Dữ liệu đầu ra
B75: Công dân, tổ chức ngoài/chuyên viên nhập liệu/chuyên viên khai thác/Lãnh đạo/Quản trị hệ thống thực hiện lọc dữ liệu. Hệ thống xử lý yêu cầu lọc của người dùng và hiển thị thông tin thống kê điều ước quốc tế, thỏa thuận quốc tế với dữ liệu mới. | C75: Yêu cầu truy vấn
B76: Công dân, tổ chức ngoài/chuyên viên nhập liệu/chuyên viên khai thác/Lãnh đạo/Quản trị hệ thống yêu cầu xem chi tiết các đối tượng trong một phần của biểu đồ. Hệ thống trả về thông tin chi tiết điều ước quốc tế, thỏa thuận quốc tế tương ứng. | C76: Dữ liệu đầu ra
A77: =IF(C77="", MAX($A$1:A76)+1, "") -> 16 | B77: Xem biểu đồ thống kê chương trình dự án
B78: Công dân, tổ chức ngoài/chuyên viên nhập liệu/chuyên viên khai thác/Lãnh đạo/Quản trị hệ thống truy cập vào dasboard. Hệ thống hiển thị biểu đồ thống kê chương trình dự án | C78: Dữ liệu đầu ra
B79: Công dân, tổ chức ngoài/chuyên viên nhập liệu/chuyên viên khai thác/Lãnh đạo/Quản trị hệ thống thực hiện lọc dữ liệu. Hệ thống xử lý yêu cầu lọc của người dùng và hiển thị thông tin thống kê chương trình dự án với dữ liệu mới. | C79: Yêu cầu truy vấn
B80: Công dân, tổ chức ngoài/chuyên viên nhập liệu/chuyên viên khai thác/Lãnh đạo/Quản trị hệ thống yêu cầu xem chi tiết các đối tượng trong một phần của biểu đồ. Hệ thống trả về thông tin chi tiết chương trình dự án tương ứng. | C80: Dữ liệu đầu ra
A81: =IF(C81="", MAX($A$1:A80)+1, "") -> 17 | B81: Thống kê danh sách hội thảo
B82: Công dân, tổ chức ngoài/chuyên viên nhập liệu/chuyên viên khai thác/Lãnh đạo/Quản trị hệ thống thực hiện xem danh sách hội thảo. Hệ thống hiển thị danh sách hội thảo. | C82: Dữ liệu đầu ra
B83: Công dân, tổ chức ngoài/chuyên viên nhập liệu/chuyên viên khai thác/Lãnh đạo/Quản trị hệ thống nhập điều kiện tìm kiếm nhanh hội thảo và chọn tìm kiếm. Hệ thống hiển thị kết quả danh sách hội thảo theo các tiêu chí đã nhập. | C83: Yêu cầu truy vấn
B84: Công dân, tổ chức ngoài/chuyên viên nhập liệu/chuyên viên khai thác/Lãnh đạo/Quản trị hệ thống chọn xem chi tiết thông tin hội thảo. Hệ thống hiển thị chi tiết thông tin hội thảo. | C84: Dữ liệu đầu ra
A85: =IF(C85="", MAX($A$1:A84)+1, "") -> 18 | B85: Xem thông báo
B86: Chuyên viên nhập liệu/chuyên viên khai thác/lãnh đạo/quản trị hệ thống truy cập hệ thống để xem thông báo. Hệ thống hiển thị số lượng và danh sách thông báo tại màn hình trang chủ | C86: Dữ liệu đầu ra
B87: Chuyên viên nhập liệu/chuyên viên khai thác/lãnh đạo/Quản trị hệ thống xem chi tiết thông báo. Hệ thống hiển thị màn hình chi tiết thông báo | C87: Dữ liệu đầu ra
A88: II. | B88: Quản lý dữ liệu hợp tác quốc tế
A89: II.1 | B89: Quản lý điều ước quốc tế, thỏa thuận quốc tế, thỏa thuận khác
A90: =IF(C90="", MAX($A$1:A89)+1, "") -> 19 | B90: Quản lý điều ước quốc tế
B91: Công dân, tổ chức ngoài/chuyên viên nhập liệu/chuyên viên khai thác/Lãnh đạo nhập điều kiện tìm kiếm điều ước quốc tế và chọn tìm kiếm. Hệ thống hiển thị kết quả danh sách điều ước quốc tế theo các tiêu chí đã nhập. | C91: Yêu cầu truy vấn
B92: Công dân, tổ chức ngoài/chuyên viên nhập liệu/chuyên viên khai thác/Lãnh đạo chọn xem chi tiết điều ước quốc tế. Hệ thống hiển thị đầy đủ thông tin chi tiết của điều ước quốc tế được chọn. | C92: Dữ liệu đầu ra
B93: Công dân, tổ chức ngoài/chuyên viên nhập liệu/chuyên viên khai thác/Lãnh đạo chọn xem chi tiết file đính kèm về điều ước quốc tế. Hệ thống thực hiện mở/tải về file đính kèm . | C93: Dữ liệu đầu ra
B94: Chuyên viên nhập liệu/lãnh đạo thực hiện thêm mới điều ước quốc tế. Hệ thống kiểm tra tính hợp lệ của dữ liệu, nếu hợp lệ thì lưu vào CSDL và hiển thị kết quả, nếu không hợp lệ báo lỗi cụ thể. | C94: Dữ liệu đầu vào
B95: Chuyên viên nhập liệu/lãnh đạo thực hiện chỉnh sửa điều ước quốc tế. Hệ thống kiểm tra tính hợp lệ của dữ liệu, nếu hợp lệ thì cập nhật vào CSDL và hiển thị kết quả, nếu không hợp lệ báo lỗi cụ thể. | C95: Dữ liệu đầu vào
B96: Chuyên viên nhập liệu/lãnh đạo thực hiện xóa điều ước quốc tế. Hệ thống kiểm tra tính hợp lệ của dữ liệu, nếu hợp lệ thì thực hiện xóa và hiển thị kết quả, nếu không hợp lệ báo lỗi cụ thể. | C96: Dữ liệu đầu vào
B97: Công dân, tổ chức ngoài/chuyên viên nhập liệu/chuyên viên khai thác/Lãnh đạo thực hiện xuất file danh sách điều ước quốc tế. Hệ thống thực hiện xuất dữ liệu danh sách điều ước quốc tế theo định dạng được chọn. | C97: Dữ liệu đầu ra
A98: =IF(C98="", MAX($A$1:A97)+1, "") -> 20 | B98: Quản lý thỏa thuận quốc tế
B99: Công dân, tổ chức ngoài/chuyên viên nhập liệu/chuyên viên khai thác/Lãnh đạo nhập điều kiện tìm kiếm thỏa thuận quốc tế và chọn tìm kiếm. Hệ thống hiển thị kết quả danh sách thỏa thuận quốc tế theo các tiêu chí đã nhập. | C99: Yêu cầu truy vấn
B100: Công dân, tổ chức ngoài/chuyên viên nhập liệu/chuyên viên khai thác/Lãnh đạo chọn xem chi tiết thỏa thuận quốc tế. Hệ thống hiển thị đầy đủ thông tin chi tiết của thỏa thuận quốc tế được chọn. | C100: Dữ liệu đầu ra
...

Sheet Sheet3
A1: STT | B1: Tên chức năng | C1: Mô tả
A2: A | B2: ỨNG DỤNG WEB DÀNH CHO QUẢN TRỊ HỆ THỐNG
A3: I | B3: Quản trị hệ thống
A4: 1 | B4: Quản lý vai trò
B5: Quản trị hệ thống nhập điều kiện tìm kiếm vai trò và chọn tìm kiếm. Hệ thống hiển thị kết quả danh sách vai trò theo các tiêu chí đã nhập. | C5: Yêu cầu truy vấn
B6: Quản trị hệ thống thực hiện thêm mới thông tin vai trò. Hệ thống kiểm tra tính hợp lệ của dữ liệu, nếu hợp lệ thì lưu vào CSDL và hiển thị kết quả, nếu không hợp lệ báo lỗi cụ thể. | C6: Dữ liệu đầu vào
B7: Quản trị hệ thống thực hiện chỉnh sửa thông tin vai trò. Hệ thống kiểm tra tính hợp lệ của dữ liệu, nếu hợp lệ thì cập nhật vào CSDL và hiển thị kết quả, nếu không hợp lệ báo lỗi cụ thể. | C7: Dữ liệu đầu vào
B8: Quản trị hệ thống thực hiện thiết lập quyền cho vai trò. Hệ thống lưu thiết lập quyền và hiển thị kết quả. | C8: Dữ liệu đầu vào
B9: Quản trị hệ thống thực hiện xóa vai trò. Hệ thống kiểm tra tính hợp lệ và nếu hợp lệ thực hiện xóa, nếu không hợp lệ hiển thị lỗi cụ thể. | C9: Dữ liệu đầu vào
B10: Quản trị hệ thống chọn chức năng khóa/mở khóa vai trò. Hệ thống thực hiện khóa vai trò và hiển thị kết quả. | C10: Dữ liệu đầu vào
B11: Quản trị hệ thống thực hiện import danh sách vai trò. Hệ thống kiểm tra tính hợp lệ của dữ liệu, nếu hợp lệ thì cập nhật vào CSDL và hiển thị kết quả, nếu không hợp lệ báo lỗi cụ thể. | C11: Dữ liệu đầu vào
A12: 2 | B12: Quản lý phân quyền
B13: Quản trị hệ thống nhập điều kiện tìm kiếm quyền và chọn tìm kiếm. Hệ thống hiển thị kết quả thông tin quyền theo các tiêu chí đã nhập. | C13: Yêu cầu truy vấn
B14: Quản trị hệ thống thực hiện thêm mới thông tin quyền. Hệ thống kiểm tra tính hợp lệ của dữ liệu, nếu hợp lệ thì lưu vào CSDL và hiển thị kết quả, nếu không hợp lệ báo lỗi cụ thể. | C14: Dữ liệu đầu vào
B15: Quản trị hệ thống thực hiện chỉnh sửa thông tin quyền. Hệ thống kiểm tra tính hợp lệ của dữ liệu, nếu hợp lệ thì cập nhật vào CSDL và hiển thị kết quả, nếu không hợp lệ báo lỗi cụ thể. | C15: Dữ liệu đầu vào
B16: Quản trị hệ thống thực hiện xóa thông tin quyền. Hệ thống kiểm tra tính hợp lệ và nếu hợp lệ thực hiện xóa, nếu không hợp lệ hiển thị lỗi cụ thể. | C16: Dữ liệu đầu vào
B17: Quản trị hệ thống chọn chức năng khóa./mở khóa quyền. Hệ thống thực hiện khóa quyền và hiển thị kết quả. | C17: Dữ liệu đầu vào
B18: Quản trị hệ thống thực hiện import danh sách quyền. Hệ thống kiểm tra tính hợp lệ của dữ liệu, nếu hợp lệ thì cập nhật vào CSDL và hiển thị kết quả, nếu không hợp lệ báo lỗi cụ thể. | C18: Dữ liệu đầu vào
A19: 3 | B19: Quản lý người dùng
B20: Quản trị hệ thống nhập điều kiện tìm kiếm người dùng và chọn tìm kiếm. Hệ thống hiển thị kết quả danh sách người dùng theo các tiêu chí đã nhập. | C20: Yêu cầu truy vấn
B21: Quản trị hệ thống chọn xem chi tiết thông tin người dùng. Hệ thống hiển thị chi tiết thông tin người dùng. | C21: Dữ liệu đầu ra
B22: Quản trị hệ thống thực hiện gán/bỏ gán vai trò cho người dùng. Hệ thống cập nhật thông tin và hiển thị kết quả. | C22: Dữ liệu đầu vào
A23: 4 | B23: Quản lý đơn vị
B24: Quản trị hệ thống xem danh sách đơn vị; Hệ thống hiển thị thông tin danh sách đơn vị | C24: Dữ liệu đầu ra
B25: Quản trị hệ thống tìm kiếm đơn vị; Hệ thống truy vấn dữ liệu và hiển thị kết quả thông tin đơn vị tương ứng với điều kiện tìm kiếm | C25: Yêu cầu truy vấn
B26: Quản trị hệ thống xem chi tiết nội dung một đơn vị; Hệ thống hiển thị thông tin chi tiết của đơn vị | C26: Dữ liệu đầu ra
A27: II | B27: Quản lý cấu hình chung
A28: 5 | B28: Quản lý cấu hình thông báo
B29: Quản trị hệ thống tìm kiếm cấu hình thông báo. Hệ thống hiển thị kết quả theo tiêu chí đã chọn | C29: Yêu cầu truy vấn
B30: Quản trị hệ thống thêm mới cấu hình thông báo. Hệ thống kiểm tra thông tin, nếu hợp lệ thì lưu vào CSDL, nếu không hợp lệ thì thông báo lỗi | C30: Dữ liệu đầu vào
B31: Quản trị hệ thống chỉnh sửa cấu hình thông báo. Hệ thống kiểm tra thông tin, nếu hợp lệ thì lưu vào CSDL, nếu không hợp lệ thì thông báo lỗi | C31: Dữ liệu đầu vào
B32: Quản trị hệ thống xoá cấu hình thông báo. Hệ thống kiểm tra thông tin, nếu hợp lệ thì lưu vào CSDL, nếu không hợp lệ thì thông báo lỗi | C32: Dữ liệu đầu vào
B33: Quản trị hệ thống khoá/mở khóa cấu hình thông báo. Hệ thống kiểm tra thông tin, nếu hợp lệ thì lưu vào CSDL, nếu không hợp lệ thì thông báo lỗi | C33: Dữ liệu đầu vào
A34: 6 | B34: Quản lý lịch sử tác động
B35: Quản trị hệ thống thực hiện tìm kiếm lịch sử tác động. Hệ thống hiển thị kết quả theo tiêu chí đã nhập | C35: Yêu cầu truy vấn
B36: Quản trị hệ thống xem chi tiết lịch sử tác động. Hệ thống hiển thị chi tiết thông tin | C36: Dữ liệu đầu ra
B37: Quản trị hệ thống xuất file danh sách lịch sử tác động. Hệ thống xuất file lịch sử tác động và cho phép người dùng lưu về máy. | C37: Dữ liệu đầu ra
A38: 7 | B38: Quản lý lịch sử lỗi phát sinh
B39: Quản trị hệ thống thực hiện tìm kiếm lỗi phát sinh. Hệ thống hiển thị kết quả theo tiêu chí đã nhập | C39: Yêu cầu truy vấn
B40: Quản trị hệ thống xem chi tiết lịch sử lỗi phát sinh. Hệ thống hiển thị chi tiết thông tin | C40: Dữ liệu đầu ra
B41: Quản trị hệ thống xuất file danh sách lịch sử lỗi phát sinh. Hệ thống xuất file lịch sử lỗi phát sinh và cho phép Quản trị hệ thống lưu về máy. | C41: Dữ liệu đầu ra
A42: 8 | B42: Quản lý chính sách lưu trữ nhật ký tác động hệ thống
B43: Quản trị hệ thống thực hiện tìm kiếm chính sách. Hệ thống trả về kết quả tìm kiếm theo các tiêu chí Quản trị hệ thống đã chọn. | C43: Yêu cầu truy vấn
B44: Quản trị hệ thống thực hiện thêm mới chính sách lưu trữ nhật ký tác động hệ thống. Hệ thống kiểm tra thông tin, nếu hợp lệ thì lưu vào CSDL, nếu không hợp lệ thì thông báo lỗi cho Quản trị hệ thống. | C44: Dữ liệu đầu vào
B45: Quản trị hệ thống thực hiện chỉnh sửa chính sách lưu trữ nhật ký tác động hệ thống. Hệ thống kiểm tra thông tin, nếu hợp lệ thì lưu vào CSDL, nếu không hợp lệ thì thông báo lỗi cho Quản trị hệ thống. | C45: Dữ liệu đầu vào
B46: Quản trị hệ thống thực hiện xóa chính sách lưu trữ nhật ký tác động hệ thống. Hệ thống kiểm tra thông tin, nếu hợp lệ thì lưu vào CSDL, nếu không hợp lệ thì thông báo lỗi cho Quản trị hệ thống. | C46: Dữ liệu đầu vào
B47: Quản trị hệ thống chọn chính sách cần khóa/mở khóa và nhấn Khóa chính sách. Hệ thống thực hiện khóa chính sách đã chọn. | C47: Dữ liệu đầu vào
A48: 9 | B48: Lưu log hệ thống
B49: Người dùng truy cập phần mềm. Hệ thống thực hiện kiểm tra chính sách lưu trữ nhật ký tác động hệ thống, nếu tác động của người dùng nằm trong danh sách các tác động cần lưu nhật ký hệ thống theo chính sách đã thiết lập, hệ thống thực hiện lưu nhật ký tác động. | C49: Dữ liệu đầu vào
B50: Quản trị hệ thống đăng nhập khi quản trị Phần mềm. Hệ thống thực hiện kiểm tra chính sách lưu trữ nhật ký tác động hệ thống, nếu tác động của người dùng nằm trong danh sách các tác động cần lưu nhật ký hệ thống theo chính sách đã thiết lập, hệ thống thực hiện lưu nhật ký tác động. | C50: Dữ liệu đầu vào
B51: Người dùng thực hiện các thao tác tác động vào hệ thống. Hệ thống thực hiện kiểm tra chính sách lưu trữ nhật ký tác động hệ thống, nếu tác động của người dùng nằm trong danh sách các tác động cần lưu nhật ký hệ thống theo chính sách đã thiết lập, hệ thống thực hiện lưu nhật ký tác động. | C51: Dữ liệu đầu vào
B52: Người dùng thực hiện các chức năng quản lý tài khoản. Hệ thống thực hiện kiểm tra chính sách lưu trữ nhật ký tác động hệ thống, nếu tác động của người dùng nằm trong danh sách các tác động cần lưu nhật ký hệ thống theo chính sách đã thiết lập, hệ thống thực hiện lưu nhật ký tác động. | C52: Dữ liệu đầu vào
B53: Quản trị hệ thống thực hiện thay đổi cấu hình Phần mềm. Hệ thống thực hiện kiểm tra chính sách lưu trữ nhật ký tác động hệ thống, nếu tác động của người dùng nằm trong danh sách các tác động cần lưu nhật ký hệ thống theo chính sách đã thiết lập, hệ thống thực hiện lưu nhật ký tác động. | C53: Dữ liệu đầu vào
A54: 10 | B54: Thiết lập cấu hình gửi thông tin log tác động/log lỗi phát sinh về hệ thống lưu log tập trung
B55: Quản trị hệ thống cấu hình gửi thông tin log tác động/log lỗi phát sinh thủ công về hệ thống lưu log tập trung. Hệ thống kiểm tra thông tin, nếu hợp lệ thì lưu vào CSDL, nếu không hợp lệ thì thông báo cho người dùng | C55: Dữ liệu đầu vào
B56: Quản trị hệ thống cấu hình gửi thông tin log tác động/log lỗi phát sinh tự động về hệ thống lưu log tập trung. Hệ thống kiểm tra thông tin, nếu hợp lệ thì lưu vào CSDL, nếu không hợp lệ thì thông báo cho người dùng | C56: Dữ liệu đầu vào
A57: 11 | B57: Thiết lập chính sách sao lưu dự phòng
B58: Quản trị hệ thống truy cập chức năng thiết lập chính sách sao lưu dự phòng. Hệ thống hiển thị màn hình tương ứng | C58: Dữ liệu đầu ra
B59: Quản trị hệ thống nhập các tham số thiết lập chính sách và thực hiện lưu. Hệ thống kiểm tra, nếu hợp lệ thì lưu dữ liệu và thông báo thiết lập thành công, nếu không hợp lệ báo lỗi cụ thể | C59: Dữ liệu đầu vào
B60: Quản trị hệ thống cấu hình khôi phục dữ liệu. Hệ thống kiểm tra thông tin, nếu hợp lệ thì lưu vào CSDL, nếu không hợp lệ thì thông báo cho người dùng | C60: Dữ liệu đầu vào
A61: B | B61: TRUY CẬP VÀ QUẢN LÝ TÀI KHOẢN
A62: 12 | B62: Đăng xuất
B63: Chuyên viên nhập liệu/chuyên viên khai thác/lãnh đạo/Quản trị hệ thống chọn đăng xuất khỏi hệ thống. Hệ thống gửi yêu cầu đăng nhập sang hệ thống định danh và xác thực điện tử | C63: Yêu cầu truy vấn
B64: Hệ thống định danh và xác thực điện tử kiểm tra yêu cầu, nếu hợp lệ thì thực hiện đăng xuất khỏi hệ thống, nếu không hợp lệ thì thông báo lỗi | C64: Yêu cầu truy vấn
A65: 13 | B65: Xem thông tin cá nhân
B66: Chuyên viên nhập liệu/chuyên viên khai thác/lãnh đạo/Quản trị hệ thống vào xem thông tin cá nhân, hệ thống hiển thị màn hình thông tin cơ bản | C66: Dữ liệu đầu ra
B67: Chuyên viên nhập liệu/chuyên viên khai thác/lãnh đạo/Quản trị hệ thống yêu cầu xem chi tiết thông tin cá nhân. Hệ thống hiển thị chi tiết thông tin cá nhân | C67: Dữ liệu đầu ra
A68: 14 | B68: Xem tài liệu hướng dẫn sử dụng
B69: Chuyên viên nhập liệu/chuyên viên khai thác/lãnh đạo chọn xem chi tiết file hướng dẫn sử dụng. Hệ thống thực hiện mở file hướng dẫn. | C69: Dữ liệu đầu ra
B70: Chuyên viên nhập liệu/chuyên viên khai thác/Lãnh đạo thực hiện tải xuống file hướng dẫn sử dụng. Hệ thống thực hiện tải xuống file hướng dẫn. | C70: Dữ liệu đầu ra
A71: C | B71: ỨNG DỤNG WEB DÀNH CHO CÔNG DÂN, TỔ CHỨC NGOÀI/CHUYÊN VIÊN NHẬP LIỆU/ CHUYÊN VIÊN KHAI THÁC/LÃNH ĐẠO
A72: I | B72: Quản lý dashboard
A73: 15 | B73: Xem biểu đồ thống kê điều ước quốc tế, thỏa thuận quốc tế
B74: Công dân, tổ chức ngoài/chuyên viên nhập liệu/chuyên viên khai thác/Lãnh đạo/Quản trị hệ thống truy cập vào dasboard. Hệ thống hiển thị biểu đồ thống kê điều ước quốc tế, thỏa thuận quốc tế | C74: Dữ liệu đầu ra
B75: Công dân, tổ chức ngoài/chuyên viên nhập liệu/chuyên viên khai thác/Lãnh đạo/Quản trị hệ thống thực hiện lọc dữ liệu. Hệ thống xử lý yêu cầu lọc của người dùng và hiển thị thông tin thống kê điều ước quốc tế, thỏa thuận quốc tế với dữ liệu mới. | C75: Yêu cầu truy vấn
B76: Công dân, tổ chức ngoài/chuyên viên nhập liệu/chuyên viên khai thác/Lãnh đạo/Quản trị hệ thống yêu cầu xem chi tiết các đối tượng trong một phần của biểu đồ. Hệ thống trả về thông tin chi tiết điều ước quốc tế, thỏa thuận quốc tế tương ứng. | C76: Dữ liệu đầu ra
A77: 16 | B77: Xem biểu đồ thống kê chương trình dự án
B78: Công dân, tổ chức ngoài/chuyên viên nhập liệu/chuyên viên khai thác/Lãnh đạo/Quản trị hệ thống truy cập vào dasboard. Hệ thống hiển thị biểu đồ thống kê chương trình dự án | C78: Dữ liệu đầu ra
B79: Công dân, tổ chức ngoài/chuyên viên nhập liệu/chuyên viên khai thác/Lãnh đạo/Quản trị hệ thống thực hiện lọc dữ liệu. Hệ thống xử lý yêu cầu lọc của người dùng và hiển thị thông tin thống kê chương trình dự án với dữ liệu mới. | C79: Yêu cầu truy vấn
B80: Công dân, tổ chức ngoài/chuyên viên nhập liệu/chuyên viên khai thác/Lãnh đạo/Quản trị hệ thống yêu cầu xem chi tiết các đối tượng trong một phần của biểu đồ. Hệ thống trả về thông tin chi tiết chương trình dự án tương ứng. | C80: Dữ liệu đầu ra
A81: 17 | B81: Tổng hợp danh sách hội thảo
B82: Công dân, tổ chức ngoài/chuyên viên nhập liệu/chuyên viên khai thác/Lãnh đạo/Quản trị hệ thống thực hiện xem danh sách hội thảo. Hệ thống hiển thị danh sách hội thảo. | C82: Dữ liệu đầu ra
B83: Công dân, tổ chức ngoài/chuyên viên nhập liệu/chuyên viên khai thác/Lãnh đạo/Quản trị hệ thống nhập điều kiện tìm kiếm nhanh hội thảo và chọn tìm kiếm. Hệ thống hiển thị kết quả danh sách hội thảo theo các tiêu chí đã nhập. | C83: Yêu cầu truy vấn
B84: Công dân, tổ chức ngoài/chuyên viên nhập liệu/chuyên viên khai thác/Lãnh đạo/Quản trị hệ thống chọn xem chi tiết thông tin hội thảo. Hệ thống hiển thị chi tiết thông tin hội thảo. | C84: Dữ liệu đầu ra
A85: 18 | B85: Xem thông báo
B86: Chuyên viên nhập liệu/chuyên viên khai thác/lãnh đạo/quản trị hệ thống truy cập hệ thống để xem thông báo. Hệ thống hiển thị số lượng và danh sách thông báo tại màn hình trang chủ | C86: Dữ liệu đầu ra
B87: Chuyên viên nhập liệu/chuyên viên khai thác/lãnh đạo/Quản trị hệ thống xem chi tiết thông báo. Hệ thống hiển thị màn hình chi tiết thông báo | C87: Dữ liệu đầu ra
A88: II. | B88: Quản lý dữ liệu hợp tác quốc tế
A89: II.1 | B89: Quản lý điều ước quốc tế, thỏa thuận quốc tế, thỏa thuận khác
A90: 19 | B90: Quản lý điều ước quốc tế
B91: Công dân, tổ chức ngoài/chuyên viên nhập liệu/chuyên viên khai thác/Lãnh đạo nhập điều kiện tìm kiếm điều ước quốc tế và chọn tìm kiếm. Hệ thống hiển thị kết quả danh sách điều ước quốc tế theo các tiêu chí đã nhập. | C91: Yêu cầu truy vấn
B92: Công dân, tổ chức ngoài/chuyên viên nhập liệu/chuyên viên khai thác/Lãnh đạo chọn xem chi tiết điều ước quốc tế. Hệ thống hiển thị đầy đủ thông tin chi tiết của điều ước quốc tế được chọn. | C92: Dữ liệu đầu ra
B93: Công dân, tổ chức ngoài/chuyên viên nhập liệu/chuyên viên khai thác/Lãnh đạo chọn xem chi tiết file đính kèm về điều ước quốc tế. Hệ thống thực hiện mở/tải về file đính kèm . | C93: Dữ liệu đầu ra
B94: Chuyên viên nhập liệu/lãnh đạo thực hiện thêm mới điều ước quốc tế. Hệ thống kiểm tra tính hợp lệ của dữ liệu, nếu hợp lệ thì lưu vào CSDL và hiển thị kết quả, nếu không hợp lệ báo lỗi cụ thể. | C94: Dữ liệu đầu vào
B95: Chuyên viên nhập liệu/lãnh đạo thực hiện chỉnh sửa điều ước quốc tế. Hệ thống kiểm tra tính hợp lệ của dữ liệu, nếu hợp lệ thì cập nhật vào CSDL và hiển thị kết quả, nếu không hợp lệ báo lỗi cụ thể. | C95: Dữ liệu đầu vào
B96: Chuyên viên nhập liệu/lãnh đạo thực hiện xóa điều ước quốc tế. Hệ thống kiểm tra tính hợp lệ của dữ liệu, nếu hợp lệ thì thực hiện xóa và hiển thị kết quả, nếu không hợp lệ báo lỗi cụ thể. | C96: Dữ liệu đầu vào
B97: Công dân, tổ chức ngoài/chuyên viên nhập liệu/chuyên viên khai thác/Lãnh đạo thực hiện xuất file danh sách điều ước quốc tế. Hệ thống thực hiện xuất dữ liệu danh sách điều ước quốc tế theo định dạng được chọn. | C97: Dữ liệu đầu ra
A98: 20 | B98: Quản lý thỏa thuận quốc tế
B99: Công dân, tổ chức ngoài/chuyên viên nhập liệu/chuyên viên khai thác/Lãnh đạo nhập điều kiện tìm kiếm thỏa thuận quốc tế và chọn tìm kiếm. Hệ thống hiển thị kết quả danh sách thỏa thuận quốc tế theo các tiêu chí đã nhập. | C99: Yêu cầu truy vấn
B100: Công dân, tổ chức ngoài/chuyên viên nhập liệu/chuyên viên khai thác/Lãnh đạo chọn xem chi tiết thỏa thuận quốc tế. Hệ thống hiển thị đầy đủ thông tin chi tiết của thỏa thuận quốc tế được chọn. | C100: Dữ liệu đầu ra
...

Sheet B4. Định mức QLDA & TV
A2: DỰ ÁN ĐẦU TƯ THIẾT KẾ 2 BƯỚC
B3: Bảng tổng hợp chi phí xây lắp
C4: Chưa VAT | D4: VAT | E4: Thành tiền
B5: Hạng mục hạ tầng kỹ thuật CNTT | C5: 0 | D5: #REF! | E5: #REF!
B6: Bảng tổng hợp chi phí thiết bị
C7: Chưa VAT | D7: VAT | E7: Thành tiền
B8: Hạng mục hạ tầng kỹ thuật CNTT | C8: ='B1.TMĐT_DV CNTT'!D26 -> 0 | D8: ='B1.TMĐT_DV CNTT'!F25 -> 0 | E8: =C8+D8 -> 0 | F8: Chi tiết các hạng mục thuộc Hạng mục hạ tầng kỹ thuật tham chiếu tại Điểm a, Khoản 5, Mục I, QĐ số 1688/QĐ-BTTTT ngày 11/10/2019
B9: Hạng mục phần mềm nội bộ, CSDL | C9: ='B1.TMĐT_DV CNTT'!D18 -> 3.0377475e+09 | D9: ='B1.TMĐT_DV CNTT'!F18 -> 295254000 | E9: =C9+D9 -> 3.3330015e+09 | F9: Chi tiết các hạng mục thuộc Hạng mục hạ tầng kỹ thuật tham chiếu tại Điểm b, Khoản 5, Mục I, QĐ số 1688/QĐ-BTTTT ngày 11/10/2019
B11: Tổng mức đầu tư (chưa dự phòng) | E11: ='B1.TMĐT_DV CNTT'!G43 -> 3.9448595e+09 | F11: Ô E11 cần điền tay giá trị bằng ô H11, do lỗi vòng lặp
B12: Dự phòng | E12: ='B1.TMĐT_DV CNTT'!G42 -> 1.9724297e+08 | F12: Tham chiếu bảng Tổng mức đầu tư
B13: Tổng mức đầu tư (bao gồm dự phòng) | E13: =E11+E12 -> 4.1421025e+09 | F13: Tham chiếu bảng Tổng mức đầu tư
A15: BẢNG 2 - ĐỊNH MỨC CHI PHÍ QUẢN LÝ DỰ ÁN VÀ TƯ VẤN
I16: Đơn vị: đồng
A17: STT | B17: Các hạng mục chi phí (theo Quyết định số 1688/QĐ-BTTTT) | C17: Gt | D17: Ga | E17: Gb | F17: Na | G17: Nb | H17: Nt | I17: Giá trị (Ct=Gt*Nt*Kđc) | K17: Cách tính | M17: Ghi chú
A18: 1 | B18: Chi phí thực hiện quản lý dự án (Bảng 1) | I18: =I19+I20 -> 56350216 | K18: Gthqlda = Gthqlda_ht + Gqlda_pmnb | M18: + Mặc định Kđc=1 + Thực hiện tại vùng hải đảo, tại vùng biên giới: Kđc=1.35 + Triển khai ở các khu vực hoặc địa bàn nhiều tỉnh khác nhau: Kđc=1.25 + Mua sắm dự phòng/Thay thế 1 phần thiết bị thuộc hạ tầng hiện có/Mua sắm thiết bị không cần lắp đặt, phần mềm thương mại chiếm tỷ trọng >=50% tổng chi phí xây lắp và thiết bị: Kđc=0.8
B19: Hạng mục hạ tầng kỹ thuật CNTT | C19: =$C$8 -> 0 | D19: =LOOKUP(C19/10^9,$F$62:$P$62)*10^9 -> 0 | E19: {=INDEX($F$62:$P$62, MATCH(C19/10^9,$F$62:$P$62)+1)*10^9} -> 7000000000 | F19: =LOOKUP(D19/10^9,$F$62:$P$62,$F$63:$P$63)/10^2 -> 0.02644 | G19: =LOOKUP(E19/10^9,$F$62:$P$62,$F$63:$P$63)/10^2 -> 0.02644 | H19: =G19-((G19-F19)/(D19-E19)*(C19-E19)) -> 0.02644 | I19: =ROUND(H19*C19,0) -> 0 | K19: Gthqlda_ht
B20: Hạng mục phần mềm nội bộ, CSDL | C20: =$C$9 -> 3.0377475e+09 | D20: =LOOKUP(C20/10^9,$F$62:$N$62)*10^9 -> 0 | E20: {=INDEX($F$62:$P$62, MATCH(C20/10^9,$F$62:$P$62)+1)*10^9} -> 7000000000 | F20: =LOOKUP(D20/10^9,$F$62:$N$62,$F$64:$N$64)/10^2 -> 0.01855 | G20: =LOOKUP(E20/10^9,$F$62:$N$62,$F$64:$N$64)/10^2 -> 0.01855 | H20: =G20-((G20-F20)/(D20-E20)*(C20-E20)) -> 0.01855 | I20: =ROUND(C20*H20,0) -> 56350216 | K20: Gthqlda_pmnb
A21: 2 | B21: Chi phí lập kế hoạch thuê (Bảng 2) | I21: =I22+I23 -> 110574009 | K21: Gtvbckt = Gtvbckt_ht + Gtvbckt_pmnb | M21: + Mặc định Kđc=1 + Triển khai ở các khu vực hoặc địa bàn nhiều tỉnh khác nhau: Kđc=1.3 + Cải tạo, sửa chữa, mở rộng, nâng cấp có tính toán kết nối với hạ tầng, công nghệ của dự án hiện có: Kđc=1.2 + Mua sắm dự phòng/Thay thế 1 phần thiết bị thuộc hạ tầng hiện có/Mua sắm thiết bị không cần lắp đặt, phần mềm thương mại chiếm tỷ trọng >=50% tổng chi phí xây lắp và thiết bị: Kđc=0.7
B22: Hạng mục hạ tầng kỹ thuật CNTT | C22: =$C$8 -> 0 | D22: =LOOKUP(C22/10^9,$F$62:$P$62)*10^9 -> 0 | E22: =E19 -> 7000000000 | F22: =LOOKUP(D22/10^9,$F$69:$P$69,$F$70:$P$70)/10^2 -> 0.00992 | G22: =LOOKUP(E22/10^9,$F$69:$P$69,$F$70:$P$70)/10^2 -> 0.00992 | H22: =G22-((G22-F22)/(D22-E22)*(C22-E22)) -> 0.00992 | I22: =ROUND(H22*C22,0) -> 0 | K22: Gtvbckt_ht
B23: Hạng mục phần mềm nội bộ, CSDL | C23: =$C$9 -> 3.0377475e+09 | D23: =LOOKUP(C23/10^9,$F$62:$N$62)*10^9 -> 0 | E23: {=INDEX($F$62:$P$62, MATCH(C23/10^9,$F$62:$P$62)+1)*10^9} -> 7000000000 | F23: =LOOKUP(D23/10^9,$F$69:$P$69,$F$71:$N$71)/10^2 -> 0.0364 | G23: =LOOKUP(E23/10^9,$F$69:$P$69,$F$71:$N$71)/10^2 -> 0.0364 | H23: =G23-((G23-F23)/(D23-E23)*(C23-E23)) -> 0.0364 | I23: =ROUND(C23*H23,0) -> 110574009 | K23: Gtvbckt_pmnb
A24: 3 | B24: Chi phí lập Thiết kế chi tiết và dự toán (Bảng 3) | I24: =I25+I26 -> 1.2306523e+08 | K24: Gtvtkct = Gtvtkct_ht + Gtvtkct_pmnb | M24: + Mặc định Kđc=1 + Thiết kế ứng dụng công nghệ thông tin xây lắp ở hải đảo, biên giới; Thiết kế trong dự án triển khai ở các khu vực hoặc địa bàn nhiều tỉnh khác nhau: Kđc=1.2 + Thiết kế mở rộng, nâng cấp có tính toán kết nối với hạ tầng, kỹ thuật công nghệ của hệ thống hiện có: Kđc=1.15
B25: Hạng mục hạ tầng kỹ thuật CNTT | C25: =$C$8 -> 0 | D25: =LOOKUP(C25/10^9,$F$62:$P$62)*10^9 -> 0 | E25: =E19 -> 7000000000 | F25: =LOOKUP(D25/10^9,$F$76:$P$76,$F$77:$P$77)/10^2 -> 0.01499 | G25: =LOOKUP(E25/10^9,$F$76:$P$76,$F$77:$P$77)/10^2 -> 0.01499 | H25: =G25-((G25-F25)/(D25-E25)*(C25-E25)) -> 0.01499 | I25: =ROUND(H25*C25*1.2,0) -> 0 | K25: Gtvtkct_ht
B26: Hạng mục phần mềm nội bộ, CSDL | C26: =$C$9 -> 3.0377475e+09 | D26: =LOOKUP(C26/10^9,$F$62:$N$62)*10^9 -> 0 | E26: {=INDEX($F$62:$P$62, MATCH(C26/10^9,$F$62:$P$62)+1)*10^9} -> 7000000000 | F26: =LOOKUP(D26/10^9,$F$76:$P$76,$F$78:$N$78)/10^2 -> 0.03376 | G26: =LOOKUP(E26/10^9,$F$76:$P$76,$F$78:$N$78)/10^2 -> 0.03376 | H26: =G26-((G26-F26)/(D26-E26)*(C26-E26)) -> 0.03376 | I26: =ROUND(C26*H26,0)*1.2 -> 1.2306523e+08 | K26: Gtvtkct_pmnb
A27: 4 | B27: Chi phí thẩm tra tính hiệu quả và tính khả thi (Bảng 4) | I27: =I28+I29 -> 3827562 | K27: Gtvhqda = Gtvhqda_ht + Gtvhqda_pmnb | M27: Không nhỏ hơn 2.000.000 đồng (chưa bao gồm Thuế GTGT)
B28: Hạng mục hạ tầng kỹ thuật CNTT | C28: =$C$8 -> 0 | D28: =LOOKUP(C28/10^9,$F$62:$P$62)*10^9 -> 0 | E28: =E19 -> 7000000000 | F28: =LOOKUP(D28/10^9,$F$84:$P$84,$F$85:$P$85)/10^2 -> 0.00105 | G28: =LOOKUP(E28/10^9,$F$84:$P$84,$F$85:$P$85)/10^2 -> 0.00105 | H28: =G28-((G28-F28)/(D28-E28)*(C28-E28)) -> 0.00105 | I28: =ROUND(H28*C28,0) -> 0 | K28: Gtvhqda_ht
B29: Hạng mục phần mềm nội bộ, CSDL | C29: =$C$9 -> 3.0377475e+09 | D29: =LOOKUP(C29/10^9,$F$62:$N$62)*10^9 -> 0 | E29: {=INDEX($F$62:$P$62, MATCH(C29/10^9,$F$62:$P$62)+1)*10^9} -> 7000000000 | F29: =LOOKUP(D29/10^9,$F$84:$P$84,$F$86:$N$86)/10^2 -> 0.00126 | G29: =LOOKUP(E29/10^9,$F$84:$P$84,$F$86:$N$86)/10^2 -> 0.00126 | H29: =G29-((G29-F29)/(D29-E29)*(C29-E29)) -> 0.00126 | I29: =ROUND(C29*H29,0) -> 3827562 | K29: Gtvhqda_pmnb
A30: 5 | B30: Chi phí thẩm tra thiết kế chi tiết (Bảng 5) | I30: =I31+I32 -> 2885860 | K30: Gtttkct = Gtttkct_ht + Gtttkct_pmnb
B31: Hạng mục hạ tầng kỹ thuật CNTT | C31: =$C$8 -> 0 | D31: =LOOKUP(C31/10^9,$F$62:$P$62)*10^9 -> 0 | E31: =E19 -> 7000000000 | F31: =LOOKUP(D31/10^9,$F$92:$P$92,$F$93:$P$93)/10^2 -> 0.00087 | G31: =LOOKUP(E31/10^9,$F$92:$P$92,$F$93:$P$93)/10^2 -> 0.00087 | H31: =G31-((G31-F31)/(D31-E31)*(C31-E31)) -> 0.00087 | I31: =ROUND(H31*C31,0) -> 0 | K31: Gtttkct_ht
B32: Hạng mục phần mềm nội bộ, CSDL | C32: =$C$9 -> 3.0377475e+09 | D32: =LOOKUP(C32/10^9,$F$62:$N$62)*10^9 -> 0 | E32: {=INDEX($F$62:$P$62, MATCH(C32/10^9,$F$62:$P$62)+1)*10^9} -> 7000000000 | F32: =LOOKUP(D32/10^9,$F$92:$P$92,$F$94:$N$94)/10^2 -> 0.00095 | G32: =LOOKUP(E32/10^9,$F$92:$P$92,$F$94:$N$94)/10^2 -> 0.00095 | H32: =G32-((G32-F32)/(D32-E32)*(C32-E32)) -> 0.00095 | I32: =ROUND(C32*H32,0) -> 2885860 | K32: Gtttkct_pmnb
A33: 6 | B33: Chi phí thẩm tra dự toán (Bảng 6) | I33: =I34+I35 -> 2582085 | K33: Gttdt = Gttdt_ht + Gttdt_pmnb
B34: Hạng mục hạ tầng kỹ thuật CNTT | C34: =$C$8 -> 0 | D34: =LOOKUP(C34/10^9,$F$62:$P$62)*10^9 -> 0 | E34: =E19 -> 7000000000 | F34: =LOOKUP(D34/10^9,$F$100:$P$100,$F$101:$P$101)/10^2 -> 0.00078 | G34: =LOOKUP(E34/10^9,$F$100:$P$100,$F$101:$P$101)/10^2 -> 0.00078 | H34: =G34-((G34-F34)/(D34-E34)*(C34-E34)) -> 0.00078 | I34: =ROUND(H34*C34,0) -> 0 | K34: Gttdt_ht
B35: Hạng mục phần mềm nội bộ, CSDL | C35: =$C$9 -> 3.0377475e+09 | D35: =LOOKUP(C35/10^9,$F$62:$N$62)*10^9 -> 0 | E35: {=INDEX($F$62:$P$62, MATCH(C35/10^9,$F$62:$P$62)+1)*10^9} -> 7000000000 | F35: =LOOKUP(D35/10^9,$F$100:$P$100,$F$102:$N$102)/10^2 -> 0.00085 | G35: =LOOKUP(E35/10^9,$F$100:$P$100,$F$102:$N$102)/10^2 -> 0.00085 | H35: =G35-((G35-F35)/(D35-E35)*(C35-E35)) -> 0.00085 | I35: =ROUND(C35*H35,0) -> 2582085 | K35: Gttdt_pmnb
A36: 7 | B36: Định mức chi phí lập hồ sơ mời thầu, đánh giá hồ sơ dự thầu xây lắp (Bảng số 7) | I36: =I37 -> 0 | K36: Ggstc = Ggstc_ht + Ggstc_pmnb | M36: 1. Hệ số điều chỉnh Kđc: + Mặc định Kđc=1 + Dự án đầu tư có tổng giá trị mua sắm dự phòng, thay thế một phần các thiết bị phần cứng thuộc hệ thống hạ tầng kỹ thuật hiện có, mua sắm thiết bị không cần lắp đặt, phần mềm thương mại chiếm tỷ trọng ≥ 50% tổng chi phí xây lắp và thiết bị: Kđc=0.67 2. Tối thiểu không nhỏ hơn 10,000,000 đ (chưa gồm VAT)
B37: Hạng mục hạ tầng kỹ thuật CNTT | C37: =C5 -> 0 | D37: =LOOKUP(C37/10^9,$F$108:$P$108)*10^9 -> 0 | E37: {=INDEX($F$108:$P$108, MATCH(C37/10^9,$F$108:$P$108)+1)*10^9} -> 7000000000 | F37: =LOOKUP(D37/10^9,$F$108:$P$108,$F$109:$P$109)/10^2 -> 0.00362 | G37: =LOOKUP(E37/10^9,$F$108:$P$108,$F$109:$P$109)/10^2 -> 0.00362 | H37: =G37-((G37-F37)/(D37-E37)*(C37-E37)) -> 0.00362 | I37: =ROUND(H37*C37,0) -> 0 | K37: Ggstc_ht
K38: Ggstc_pmnb
A39: 8 | B39: Chi phí lập hồ sơ mời thầu, đánh giá gồ sơ dự thầu mua sắm thiết bị (Bảng 8) | I39: =I40+I41 -> 12302877 | K39: Gtvlhsmt = Gtvlhsmt_ht + Gtvlhsmt_pmnb | M39: 1. Tỷ lệ: - Lập HSMT: 40% - Phân tích đánh giá HSDT: 60% 2. Tối thiểu không nhỏ hơn 5.000.000 đồng (chưa bao gồm VAT)
B40: Hạng mục hạ tầng kỹ thuật CNTT | C40: =$C$8 -> 0 | D40: =LOOKUP(C40/10^9,$F$115:$P$115)*10^9 -> 0 | E40: {=INDEX($F$115:$P$115, MATCH(C40/10^9,$F$115:$P$115)+1)*10^9} -> 7000000000 | F40: =LOOKUP(D40/10^9,$F$115:$P$115,$F$116:$P$116)/10^2 -> 0.00283 | G40: =LOOKUP(E40/10^9,$F$115:$P$115,$F$116:$P$116)/10^2 -> 0.00283 | H40: =G40-((G40-F40)/(D40-E40)*(C40-E40)) -> 0.00283 | I40: =ROUND(H40*C40,0) -> 0 | K40: Gtvlhsmt_ht
B41: Hạng mục phần mềm nội bộ, CSDL | C41: =$C$9 -> 3.0377475e+09 | D41: =LOOKUP(C41/10^9,$F$115:$P$115)*10^9 -> 0 | E41: {=INDEX($F$115:$P$115, MATCH(C41/10^9,$F$115:$P$115)+1)*10^9} -> 7000000000 | F41: =LOOKUP(D41/10^9,$F$115:$P$115,$F$117:$P$117)/10^2 -> 0.00405 | G41: =LOOKUP(E41/10^9,$F$115:$P$115,$F$117:$P$117)/10^2 -> 0.00405 | H41: =G41-((G41-F41)/(D41-E41)*(C41-E41)) -> 0.00405 | I41: =ROUND(C41*H41,0) -> 12302877 | K41: Gtvlhsmt_pmnb
A42: 9 | B42: Chi phí giám sát thi công lắp đặt phần cứng, cài đặt phần mềm (Bảng 9) | I42: =I43+I44 -> 0
B43: Hạng mục hạ tầng kỹ thuật CNTT | C43: 0 | D43: =LOOKUP(C43/10^9,$F$123:$P$123)*10^9 -> 0 | E43: {=INDEX($F$123:$P$123, MATCH(C43/10^9,$F$123:$P$123)+1)*10^9} -> 7000000000 | F43: =LOOKUP(D43/10^9,$F$123:$P$123,$F$124:$P$124)/10^2 -> 0.00718 | G43: =LOOKUP(E43/10^9,$F$123:$P$123,$F$124:$P$124)/10^2 -> 0.00718 | H43: =G43-((G43-F43)/(D43-E43)*(C43-E43)) -> 0.00718 | I43: =ROUND(H43*C43,0) -> 0
B44: Hạng mục phần mềm nội bộ, CSDL | C44: 0 | D44: =LOOKUP(C44/10^9,$F$123:$N$123)*10^9 -> 0 | E44: {=INDEX($F$123:$N$123, MATCH(C44/10^9,$F$123:$N$123)+1)*10^9} -> 7000000000 | F44: =LOOKUP(D44/10^9,$F$123:$P$123,$F$125:$N$125)/10^2 -> 0.02063 | G44: =LOOKUP(E44/10^9,$F$123:$P$123,$F$125:$N$125)/10^2 -> 0.02063 | H44: =G44-((G44-F44)/(D44-E44)*(C44-E44)) -> 0.02063 | I44: =ROUND(C44*H44,0) -> 0
A46: CÁC CHI PHÍ KHÁC
A47: STT | B47: Các hạng mục chi phí (Nghị định số 99/2021/NĐ-CP) | C47: Gi | D47: Ga | E47: Gb | F47: Ka | G47: Kb | H47: Ki | I47: Giá trị | K47: Cách tính | M47: Ghi chú
A48: 1 | B48: Chi phí thẩm tra, phê duyệt quyết toán | C48: =E11 -> 3.9448595e+09 | D48: =LOOKUP(C48/10^9,$F$137:$P$137)*10^9 -> 0 | E48: {=INDEX($F$137:$P$137, MATCH(C48/10^9,$F$137:$P$137)+1)*10^9} -> 5000000000 | F48: =LOOKUP(D48/10^9,$F$137:$P$137,$F$138:$P$138)/10^2 -> 0.0057 | G48: =LOOKUP(E48/10^9,$F$137:$P$137,$F$138:$P$138)/10^2 -> 0.0057 | H48: =G48-((G48-F48)/(D48-E48)*(C48-E48)) -> 0.0057 | I48: =ROUND(H48*C48*70%*50%,0) -> 7869995 | K48: TMĐT (không bao gồm dự phòng) x Ki x 0,5 x 0,7 | M48: 1. Dự án được nhà thầu kiểm toán độc lập thực hiện kiểm toán báo cáo quyết toán hoặc cơ quan Kiểm toán nhà nước, cơ quan thanh tra thực hiện kiểm toán, thanh tra đầy đủ các nội dung theo quy định. Định mức chi phí thẩm tra, phê duyệt quyết toán được tính bằng 50% định mức quy định 2. Dự án có chi phí thiết bị chiếm tỷ trọng ≥ 50% tổng mức đầu tư được duyệt: Định mức chi phí chi phí thẩm tra, phê duyệt quyết toán được tính bằng 70% định mức quy định 3. Quy định tối thiểu là 500.000 đồng
A49: 2 | B49: Chi phí kiểm toán độc lập | C49: =C48 -> 3.9448595e+09 | D49: =LOOKUP(C49/10^9,$F$137:$P$137)*10^9 -> 0 | E49: {=INDEX($F$137:$P$137, MATCH(C49/10^9,$F$137:$P$137)+1)*10^9} -> 5000000000 | F49: =LOOKUP(D49/10^9,$F$137:$P$137,$F$139:$P$139)/10^2 -> 0.0096 | G49: =LOOKUP(E49/10^9,$F$137:$P$137,$F$139:$P$139)/10^2 -> 0.0096 | H49: =G49-((G49-F49)/(D49-E49)*(C49-E49)) -> 0.0096 | I49: =ROUND(H49*C49*70%,0) -> 26509456 | K49: TMĐT (không bao gồm dự phòng) x Ki x 0,7 | M49: 1. Dự án có chi phí thiết bị chiếm tỷ trọng ≥ 50% tổng mức đầu tư được duyệt: Định mức chi phí kiểm toán độc lập được tính bằng 70% định mức quy định 2. Quy định tối thiểu là 1.000.000 đồng và cộng với VAT
A51: STT | B51: Hạng mục chi phí (Thông tư số 28/2023/TT-BTC) | C51: Gi | D51: Ga | E51: Gb | F51: Na | G51: Nb | H51: Ni | I51: Giá trị | K51: Cách tính | M51: Ghi chú
A52: 1 | B52: Lệ phí thẩm định Dự án đầu tư (Báo cáo nghiên cứu khả thi) | C52: =E11 -> 3.9448595e+09 | D52: =LOOKUP(C52/10^9,$F$137:$P$137)*10^9 -> 0 | E52: {=INDEX($F$137:$P$137, MATCH(C52/10^9,$F$137:$P$137)+1)*10^9} -> 5000000000 | F52: =LOOKUP(D52/10^9,$F$130:$P$130,$F$131:$P$131)/10^2 -> 0.00019 | G52: =LOOKUP(E52/10^9,$F$130:$P$130,$F$131:$P$131)/10^2 -> 0.00019 | H52: =G52-((G52-F52)/(D52-E52)*(C52-E52)) -> 0.00019 | I52: =ROUND(H52*C52,0) -> 749523 | K52: TMĐT x Ki | M52: TMĐT bao gồm cả dự phòng
A56: BẢNG CẤU HÌNH CHẠY TỰ ĐỘNG ĐỂ ĐIỀN THÔNG TIN LÊN BẢNG BÊN TRÊN => KHÔNG CẦN QUAN TÂM
A58: ĐỊNH MỨC THEO QUYẾT ĐỊNH 1688/QĐ-BTTTT
B59: Bảng số 1: Định mức chi phí quản lý dự án
A61: STT | B61: Loại dự án | C61: Giá trị | D61: Định mức áp dụng | E61: Ghi chú | F61: Bảng định mức (chưa có thuế GTGT) (tỷ đồng)
F62: 0 | G62: 7 | H62: 15 | I62: 20 | J62: 30 | K62: 50 | L62: 100 | M62: 150 | N62: 200 | O62: 500 | P62: 2000
A63: 1 | B63: Dự án hạ tầng kỹ thuật công nghệ thông tin | C63: =C8 -> 0 | D63: {=IF(C63/1000000000=INDEX($F$62:$P$62,1,MATCH(C63/1000000000,$F$62:$P$62)),HLOOKUP(C63/1000000000,$F$62:$P$64,2),ROUND(HLOOKUP(C63/1000000000,$F$62:$P$64,2)-((HLOOKUP(C63/1000000000,$F$62:$P$64,2)-INDEX($F$62:$P$64,2,MATCH(C63/1000000000,$F$62:$P$62)+1))/((INDEX($F$62:$P$64,1,MATCH(C63/1000000000,$F$62:$P$62)+1)-INDEX($F$62:$P$64,1,MATCH(C63/1000000000,$F$62:$P$62)))*1000000000) * (C63-INDEX($F$62:$P$64,1,MATCH(C63/1000000000,$F$62:$P$62))*1000000000)),4))} -> 2.644 | E63: =C63*D63/100 -> 0 | F63: 2.644 | G63: 2.644 | H63: 2.184 | I63: 1.913 | J63: 1.747 | K63: 1.324 | L63: 1.045 | M63: 1.007 | N63: 0.975 | O63: 0.841 | P63: 0.696
A64: 2 | B64: Dự án phần mềm nội bộ, cơ sở dữ liệu | C64: =C9 -> 3.0377475e+09 | D64: {=IF(C64/1000000000=INDEX($F$62:$P$62,1,MATCH(C64/1000000000,$F$62:$P$62)),HLOOKUP(C64/1000000000,$F$62:$P$64,3),ROUND(HLOOKUP(C64/1000000000,$F$62:$P$64,3)-((HLOOKUP(C64/1000000000,$F$62:$P$64,3)-INDEX($F$62:$P$64,3,MATCH(C64/1000000000,$F$62:$P$62)+1))/((INDEX($F$62:$P$64,1,MATCH(C64/1000000000,$F$62:$P$62)+1)-INDEX($F$62:$P$64,1,MATCH(C64/1000000000,$F$62:$P$62)))*1000000000) * (C64-INDEX($F$62:$P$64,1,MATCH(C64/1000000000,$F$62:$P$62))*1000000000)),4))} -> 1.855 | E64: =C64*D64/100 -> 56350216 | F64: 1.855 | G64: 1.855 | H64: 1.532
B66: Bảng số 2: Định mức chi phí lập dự án đầu tư
A68: STT | B68: Loại dự án | C68: Giá trị | D68: Định mức áp dụng | E68: Ghi chú | F68: Bảng định mức (chưa có thuế GTGT) (tỷ đồng)
F69: 0 | G69: 7 | H69: 15 | I69: 20 | J69: 30 | K69: 50 | L69: 100 | M69: 150 | N69: 200 | O69: 500 | P69: 2000
A70: 1 | B70: Dự án hạ tầng kỹ thuật công nghệ thông tin | C70: =C63 -> 0 | D70: {=IF(C70/1000000000=INDEX($F$69:$P$69,1,MATCH(C70/1000000000,$F$69:$P$69)),HLOOKUP(C70/1000000000,$F$69:$P$71,2),ROUND(HLOOKUP(C70/1000000000,$F$69:$P$71,2)-((HLOOKUP(C70/1000000000,$F$69:$P$71,2)-INDEX($F$69:$P$71,2,MATCH(C70/1000000000,$F$69:$P$69)+1))/((INDEX($F$69:$P$71,1,MATCH(C70/1000000000,$F$69:$P$69)+1)-INDEX($F$69:$P$71,1,MATCH(C70/1000000000,$F$69:$P$69)))*1000000000) * (C70-INDEX($F$69:$P$71,1,MATCH(C70/1000000000,$F$69:$P$69))*1000000000)),4))} -> 0.992 | E70: =C70*D70/100 -> 0 | F70: 0.992 | G70: 0.992 | H70: 0.739 | I70: 0.652 | J70: 0.533 | K70: 0.42 | L70: 0.31 | M70: 0.253 | N70: 0.205 | O70: 0.164 | P70: 0.144
A71: 2 | B71: Dự án phần mềm nội bộ, cơ sở dữ liệu | C71: =C64 -> 3.0377475e+09 | D71: {=IF(C71/1000000000=INDEX($F$69:$P$69,1,MATCH(C71/1000000000,$F$69:$P$69)),HLOOKUP(C71/1000000000,$F$69:$P$71,3),ROUND(HLOOKUP(C71/1000000000,$F$69:$P$71,3)-((HLOOKUP(C71/1000000000,$F$69:$P$71,3)-INDEX($F$69:$P$71,3,MATCH(C71/1000000000,$F$69:$P$69)+1))/((INDEX($F$69:$P$71,1,MATCH(C71/1000000000,$F$69:$P$69)+1)-INDEX($F$69:$P$71,1,MATCH(C71/1000000000,$F$69:$P$69)))*1000000000) * (C71-INDEX($F$69:$P$71,1,MATCH(C71/1000000000,$F$69:$P$69))*1000000000)),4))} -> 3.64 | E71: =C71*D71/100 -> 1.1057401e+08 | F71: 3.64 | G71: 3.64 | H71: 3.24
B73: Bảng số 3: Định mức chi phí lập thiết kế thi công và dự toán
A75: STT | B75: Loại dự án | C75: Giá trị | D75: Định mức áp dụng | E75: Ghi chú | F75: Bảng định mức (chưa có thuế GTGT) (tỷ đồng)
F76: 0 | G76: 7 | H76: 15 | I76: 20 | J76: 30 | K76: 50 | L76: 100 | M76: 150 | N76: 200 | O76: 500 | P76: 2000
A77: 1 | B77: Dự án hạ tầng kỹ thuật công nghệ thông tin | C77: =C63 -> 0 | D77: {=IF(C77/1000000000=INDEX($F$76:$O$76,1,MATCH(C77/1000000000,$F$76:$O$76)),HLOOKUP(C77/1000000000,$F$76:$O$78,2),ROUND(HLOOKUP(C77/1000000000,$F$76:$O$78,2)-((HLOOKUP(C77/1000000000,$F$76:$O$78,2)-INDEX($F$76:$O$78,2,MATCH(C77/1000000000,$F$76:$O$76)+1))/((INDEX($F$76:$O$78,1,MATCH(C77/1000000000,$F$76:$O$76)+1)-INDEX($F$76:$O$78,1,MATCH(C77/1000000000,$F$76:$O$76)))*1000000000) * (C77-INDEX($F$76:$O$78,1,MATCH(C77/1000000000,$F$76:$O$76))*1000000000)),4))} -> 1.499 | E77: =C77*D77/100 -> 0 | F77: 1.499 | G77: 1.499 | H77: 1.198 | I77: 0.991 | J77: 0.82 | K77: 0.646 | L77: 0.522 | M77: 0.461 | N77: 0.411 | O77: 0.321 | P77: 0.24
A78: 2 | B78: Dự án phần mềm nội bộ, cơ sở dữ liệu | C78: =C64 -> 3.0377475e+09 | D78: {=IF(C78/1000000000=INDEX($F$76:$O$76,1,MATCH(C78/1000000000,$F$76:$O$76)),HLOOKUP(C78/1000000000,$F$76:$O$78,3),ROUND(HLOOKUP(C78/1000000000,$F$76:$O$78,3)-((HLOOKUP(C78/1000000000,$F$76:$O$78,3)-INDEX($F$76:$O$78,3,MATCH(C78/1000000000,$F$76:$O$76)+1))/((INDEX($F$76:$O$78,1,MATCH(C78/1000000000,$F$76:$O$76)+1)-INDEX($F$76:$O$78,1,MATCH(C78/1000000000,$F$76:$O$76)))*1000000000) * (C78-INDEX($F$76:$O$78,1,MATCH(C78/1000000000,$F$76:$O$76))*1000000000)),4))} -> 3.376 | E78: =C78*D78/100 -> 1.0255436e+08 | F78: 3.376 | G78: 3.376 | H78: 3.155 | I78: 3.023 | J78: 2.847 | K78: 2.506 | L78: 2.211 | M78: 2.091 | N78: 1.975 | O78: 1.975 | P78: 1.975
B81: Bảng số 4: Định mức chi phí thẩm tra tính hiệu quả và tính khả thi của dự án đầu tư
A83: STT | B83: Loại dự án | C83: Giá trị | D83: Định mức áp dụng | E83: Ghi chú | F83: Bảng định mức (chưa có thuế GTGT) (tỷ đồng)
F84: 0 | G84: 7 | H84: 15 | I84: 20 | J84: 30 | K84: 50 | L84: 100 | M84: 150 | N84: 200 | O84: 500 | P84: 2000
A85: 1 | B85: Dự án hạ tầng kỹ thuật công nghệ thông tin | C85: =C63 -> 0 | D85: {=IF(C85/1000000000=INDEX($F$84:$P$84,1,MATCH(C85/1000000000,$F$84:$P$84)),HLOOKUP(C85/1000000000,$F$84:$P$86,2),ROUND(HLOOKUP(C85/1000000000,$F$84:$P$86,2)-((HLOOKUP(C85/1000000000,$F$84:$P$86,2)-INDEX($F$84:$P$86,2,MATCH(C85/1000000000,$F$84:$P$84)+1))/((INDEX($F$84:$P$86,1,MATCH(C85/1000000000,$F$84:$P$84)+1)-INDEX($F$84:$P$86,1,MATCH(C85/1000000000,$F$84:$P$84)))*1000000000) * (C85-INDEX($F$84:$P$86,1,MATCH(C85/1000000000,$F$84:$P$84))*1000000000)),4))} -> 0.105 | E85: =D85%*C85 -> 0 | F85: 0.105 | G85: 0.105 | H85: 0.074 | I85: 0.066 | J85: 0.059 | K85: 0.047 | L85: 0.035 | M85: 0.03 | N85: 0.026 | O85: 0.0152 | P85: 0.0142
A86: 2 | B86: Dự án phần mềm nội bộ, cơ sở dữ liệu | C86: =C64 -> 3.0377475e+09 | D86: {=IF(C86/1000000000=INDEX($F$84:$P$84,1,MATCH(C86/1000000000,$F$84:$P$84)),HLOOKUP(C86/1000000000,$F$84:$P$86,3),ROUND(HLOOKUP(C86/1000000000,$F$84:$P$86,3)-((HLOOKUP(C86/1000000000,$F$84:$P$86,3)-INDEX($F$84:$P$86,3,MATCH(C86/1000000000,$F$84:$P$84)+1))/((INDEX($F$84:$P$86,1,MATCH(C86/1000000000,$F$84:$P$84)+1)-INDEX($F$84:$P$86,1,MATCH(C86/1000000000,$F$84:$P$84)))*1000000000) * (C86-INDEX($F$84:$P$86,1,MATCH(C86/1000000000,$F$84:$P$84))*1000000000)),4))} -> 0.126 | E86: =D86%*C86 -> 3827561.9 | F86: 0.126 | G86: 0.126 | H86: 0.088 | I86: 0.085 | J86: 0.077 | K86: 0.065 | L86: 0.051 | M86: 0.042 | N86: 0.036 | O86: 0.036 | P86: 0.036
B89: Bảng số 5: Định mức chi phí thẩm tra thiết kế thi công
A91: STT | B91: Loại dự án | C91: Giá trị | D91: Định mức áp dụng | E91: Ghi chú | F91: Bảng định mức (chưa có thuế GTGT) (tỷ đồng)
F92: 0 | G92: 7 | H92: 15 | I92: 20 | J92: 30 | K92: 50 | L92: 100 | M92: 150 | N92: 200 | O92: 500 | P92: 2000
A93: 1 | B93: Dự án hạ tầng kỹ thuật công nghệ thông tin | C93: =C63 -> 0 | D93: {=IF(C93/1000000000=INDEX($F$92:$P$92,1,MATCH(C93/1000000000,$F$92:$P$92)),HLOOKUP(C93/1000000000,$F$92:$P$94,2),ROUND(HLOOKUP(C93/1000000000,$F$92:$P$94,2)-((HLOOKUP(C93/1000000000,$F$92:$P$94,2)-INDEX($F$92:$P$94,2,MATCH(C93/1000000000,$F$92:$P$92)+1))/((INDEX($F$92:$P$94,1,MATCH(C93/1000000000,$F$92:$P$92)+1)-INDEX($F$92:$P$94,1,MATCH(C93/1000000000,$F$92:$P$92)))*1000000000) * (C93-INDEX($F$92:$P$94,1,MATCH(C93/1000000000,$F$92:$P$92))*1000000000)),4))} -> 0.087 | E93: =C93*D93/100 -> 0 | F93: 0.087 | G93: 0.087 | H93: 0.061 | I93: 0.054 | J93: 0.043 | K93: 0.03 | L93: 0.022 | M93: 0.019 | N93: 0.016 | O93: 0.011 | P93: 0.008
A94: 2 | B94: Dự án phần mềm nội bộ, cơ sở dữ liệu | C94: =C64 -> 3.0377475e+09 | D94: {=IF(C94/1000000000=INDEX($F$92:$P$92,1,MATCH(C94/1000000000,$F$92:$P$92)),HLOOKUP(C94/1000000000,$F$92:$P$94,3),ROUND(HLOOKUP(C94/1000000000,$F$92:$P$94,3)-((HLOOKUP(C94/1000000000,$F$92:$P$94,3)-INDEX($F$92:$P$94,3,MATCH(C94/1000000000,$F$92:$P$92)+1))/((INDEX($F$92:$P$94,1,MATCH(C94/1000000000,$F$92:$P$92)+1)-INDEX($F$92:$P$94,1,MATCH(C94/1000000000,$F$92:$P$92)))*1000000000) * (C94-INDEX($F$92:$P$94,1,MATCH(C94/1000000000,$F$92:$P$92))*1000000000)),4))} -> 0.095 | E94: =C94*D94/100 -> 2885860.1 | F94: 0.095 | G94: 0.095 | H94: 0.066 | I94: 0.059 | J94: 0.047 | K94: 0.032 | L94: 0.024 | M94: 0.02 | N94: 0.017 | O94: 0.017 | P94: 0.017
B97: Bảng số 6: Định mức chi phí thẩm tra dự toán
A99: STT | B99: Loại dự án | C99: Giá trị | D99: Định mức áp dụng | E99: Ghi chú | F99: Bảng định mức (chưa có thuế GTGT) (tỷ đồng)
F100: 0 | G100: 7 | H100: 15 | I100: 20 | J100: 30 | K100: 50 | L100: 100 | M100: 150 | N100: 200 | O100: 500 | P100: 2000
A101: 1 | B101: Dự án hạ tầng kỹ thuật công nghệ thông tin | C101: =C63 -> 0 | D101: {=IF(C101/1000000000=INDEX($F$100:$P$100,1,MATCH(C101/1000000000,$F$100:$P$100)),HLOOKUP(C101/1000000000,$F$100:$P$102,2),ROUND(HLOOKUP(C101/1000000000,$F$100:$P$102,2)-((HLOOKUP(C101/1000000000,$F$100:$P$102,2)-INDEX($F$100:$P$102,2,MATCH(C101/1000000000,$F$100:$P$100)+1))/((INDEX($F$100:$P$102,1,MATCH(C101/1000000000,$F$100:$P$100)+1)-INDEX($F$100:$P$102,1,MATCH(C101/1000000000,$F$100:$P$100)))*1000000000) * (C101-INDEX($F$100:$P$102,1,MATCH(C101/1000000000,$F$100:$P$100))*1000000000)),4))} -> 0.078 | E101: =C101*D101/100 -> 0 | F101: 0.078 | G101: 0.078 | H101: 0.05 | I101: 0.044 | J101: 0.034 | K101: 0.026 | L101: 0.018 | M101: 0.015 | N101: 0.013 | O101: 0.01 | P101: 0.007
A102: 2 | B102: Dự án phần mềm nội bộ, cơ sở dữ liệu | C102: =C64 -> 3.0377475e+09 | D102: {=IF(C102/1000000000=INDEX($F$100:$P$100,1,MATCH(C102/1000000000,$F$100:$P$100)),HLOOKUP(C102/1000000000,$F$100:$P$102,3),ROUND(HLOOKUP(C102/1000000000,$F$100:$P$102,3)-((HLOOKUP(C102/1000000000,$F$100:$P$102,3)-INDEX($F$100:$P$102,3,MATCH(C102/1000000000,$F$100:$P$100)+1))/((INDEX($F$100:$P$102,1,MATCH(C102/1000000000,$F$100:$P$100)+1)-INDEX($F$100:$P$102,1,MATCH(C102/1000000000,$F$100:$P$100)))*1000000000) * (C102-INDEX($F$100:$P$102,1,MATCH(C102/1000000000,$F$100:$P$100))*1000000000)),4))} -> 0.085 | E102: =C102*D102/100 -> 2582085.4 | F102: 0.085 | G102: 0.085 | H102: 0.054 | I102: 0.048 | J102: 0.037 | K102: 0.028 | L102: 0.019 | M102: 0.016 | N102: 0.014 | O102: 0.014 | P102: 0.014
B105: Bảng số 7: Định mức chi phí lập hồ sơ mời thầu, đánh giá hồ sơ dự thầu xây lắp
A107: STT | B107: Loại dự án | C107: Giá trị | D107: Định mức áp dụng | E107: Ghi chú | F107: Bảng định mức (chưa có thuế GTGT) (tỷ đồng)
F108: 0 | G108: 7 | H108: 15 | I108: 20 | J108: 30 | K108: 50 | L108: 100 | M108: 150 | N108: 200 | O108: 500 | P108: 2000
A109: 1 | B109: Dự án hạ tầng kỹ thuật công nghệ thông tin | C109: =C5 -> 0 | D109: {=IF(C109/1000000000=INDEX($F$108:$P$108,1,MATCH(C109/1000000000,$F$108:$P$108)),HLOOKUP(C109/1000000000,$F$108:$P$109,2),ROUND(HLOOKUP(C109/1000000000,$F$108:$P$109,2)-((HLOOKUP(C109/1000000000,$F$108:$P$109,2)-INDEX($F$108:$P$109,2,MATCH(C109/1000000000,$F$108:$P$108)+1))/((INDEX($F$108:$P$109,1,MATCH(C109/1000000000,$F$108:$P$108)+1)-INDEX($F$108:$P$109,1,MATCH(C109/1000000000,$F$108:$P$108)))*1000000000) * (C109-INDEX($F$108:$P$109,1,MATCH(C109/1000000000,$F$108:$P$108))*1000000000)),4))} -> 0.362 | E109: =D109%*C109 -> 0 | F109: 0.362 | G109: 0.362 | H109: 0.339 | I109: 0.305 | J109: 0.255 | K109: 0.164 | L109: 0.099 | M109: 0.079 | N109: 0.063 | O109: 0.047 | P109: 0.028
B112: Bảng số 8: Định mức chi phí lập hồ sơ mời thầu, đánh giá hồ sơ dự thầu mua sắm thiết bị
A114: STT | B114: Loại dự án | C114: Giá trị | D114: Định mức áp dụng | E114: Ghi chú | F114: Bảng định mức (chưa có thuế GTGT) (tỷ đồng)
F115: 0 | G115: 7 | H115: 15 | I115: 20 | J115: 30 | K115: 50 | L115: 100 | M115: 150 | N115: 200 | O115: 500 | P115: 2000
A116: 1 | B116: Dự án hạ tầng kỹ thuật công nghệ thông tin | C116: =C63 -> 0 | D116: {=IF(C116/1000000000=INDEX($F$115:$P$115,1,MATCH(C116/1000000000,$F$115:$P$115)),HLOOKUP(C116/1000000000,$F$115:$P$117,2),ROUND(HLOOKUP(C116/1000000000,$F$115:$P$117,2)-((HLOOKUP(C116/1000000000,$F$115:$P$117,2)-INDEX($F$115:$P$117,2,MATCH(C116/1000000000,$F$115:$P$115)+1))/((INDEX($F$115:$P$117,1,MATCH(C116/1000000000,$F$115:$P$115)+1)-INDEX($F$115:$P$117,1,MATCH(C116/1000000000,$F$115:$P$115)))*1000000000) * (C116-INDEX($F$115:$P$117,1,MATCH(C116/1000000000,$F$115:$P$115))*1000000000)),4))} -> 0.283 | E116: =C116*D116/100 -> 0 | F116: 0.283 | G116: 0.283 | H116: 0.228 | I116: 0.206 | J116: 0.172 | K116: 0.12 | L116: 0.078 | M116: 0.072 | N116: 0.064 | O116: 0.053 | P116: 0.041
A117: 2 | B117: Dự án phần mềm nội bộ, cơ sở dữ liệu | C117: =C64 -> 3.0377475e+09 | D117: {=IF(C117/1000000000=INDEX($F$115:$P$115,1,MATCH(C117/1000000000,$F$115:$P$115)),HLOOKUP(C117/1000000000,$F$115:$P$117,3),ROUND(HLOOKUP(C117/1000000000,$F$115:$P$117,3)-((HLOOKUP(C117/1000000000,$F$115:$P$117,3)-INDEX($F$115:$P$117,3,MATCH(C117/1000000000,$F$115:$P$115)+1))/((INDEX($F$115:$P$117,1,MATCH(C117/1000000000,$F$115:$P$115)+1)-INDEX($F$115:$P$117,1,MATCH(C117/1000000000,$F$115:$P$115)))*1000000000) * (C117-INDEX($F$115:$P$117,1,MATCH(C117/1000000000,$F$115:$P$115))*1000000000)),4))} -> 0.405 | E117: =C117*D117/100 -> 12302877 | F117: 0.405 | G117: 0.405 | H117: 0.336 | I117: 0.311 | J117: 0.265 | K117: 0.182 | L117: 0.119 | M117: 0.109 | N117: 0.102 | O117: 0.102 | P117: 0.102
B120: Bảng số 9: Định mức chi phí giám sát thi công lắp đặt phần cứng, cài đặt phần mềm
A122: STT | B122: Loại dự án | C122: Giá trị | D122: Định mức áp dụng | E122: Ghi chú | F122: Bảng định mức (chưa có thuế GTGT) (tỷ đồng)
F123: 0 | G123: 7 | H123: 15 | I123: 20 | J123: 30 | K123: 50 | L123: 100 | M123: 150 | N123: 200 | O123: 500 | P123: 2000
A124: 1 | B124: Dự án hạ tầng kỹ thuật công nghệ thông tin | C124: =C63 -> 0 | D124: {=IF(C124/1000000000=INDEX($F$123:$P$123,1,MATCH(C124/1000000000,$F$123:$P$123)),HLOOKUP(C124/1000000000,$F$123:$P$125,2),ROUND(HLOOKUP(C124/1000000000,$F$123:$P$125,2)-((HLOOKUP(C124/1000000000,$F$123:$P$125,2)-INDEX($F$123:$P$125,2,MATCH(C124/1000000000,$F$123:$P$123)+1))/((INDEX($F$123:$P$125,1,MATCH(C124/1000000000,$F$123:$P$123)+1)-INDEX($F$123:$P$125,1,MATCH(C124/1000000000,$F$123:$P$123)))*1000000000) * (C124-INDEX($F$123:$P$125,1,MATCH(C124/1000000000,$F$123:$P$123))*1000000000)),4))} -> 0.718 | E124: =D124%*C124 -> 0 | F124: 0.718 | G124: 0.718 | H124: 0.602 | I124: 0.583 | J124: 0.523 | K124: 0.468 | L124: 0.311 | M124: 0.278 | N124: 0.25 | O124: 0.217 | P124: 0.143
A125: 2 | B125: Dự án phần mềm nội bộ, cơ sở dữ liệu | C125: =C64 -> 3.0377475e+09 | D125: {=IF(C125/1000000000=INDEX($F$123:$P$123,1,MATCH(C125/1000000000,$F$123:$P$123)),HLOOKUP(C125/1000000000,$F$123:$P$125,3),ROUND(HLOOKUP(C125/1000000000,$F$123:$P$125,3)-((HLOOKUP(C125/1000000000,$F$123:$P$125,3)-INDEX($F$123:$P$125,3,MATCH(C125/1000000000,$F$123:$P$123)+1))/((INDEX($F$123:$P$125,1,MATCH(C125/1000000000,$F$123:$P$123)+1)-INDEX($F$123:$P$125,1,MATCH(C125/1000000000,$F$123:$P$123)))*1000000000) * (C125-INDEX($F$123:$P$125,1,MATCH(C125/1000000000,$F$123:$P$123))*1000000000)),4))} -> 2.063 | E125: =D125%*C125 -> 62668731 | F125: 2.063 | G125: 2.063 | H125: 1.931 | I125: 1.833 | J125: 1.736 | K125: 1.595 | L125: 1.22 | M125: 1.091 | N125: 0.956 | O125: 0.956 | P125: 0.956
B127: Bảng số 10: Lệ phí thẩm định dự án đầu tư (Thông tư số 28/2023/TT-BTC)
A129: STT | B129: Tổng mức đầu tư dự án (tỷ đồng) | C129: Giá trị | D129: Định mức áp dụng | E129: Ghi chú | F129: Bảng định mức (chưa có thuế GTGT) (tỷ đồng)
F130: 0 | G130: 15 | H130: 25 | I130: 50 | J130: 100 | K130: 200 | L130: 500 | M130: 1000 | N130: 2000 | O130: 5000 | P130: 10000
A131: 1 | B131: Tỷ lệ % | C131: =E13 -> 4.1421025e+09 | D131: {=IF(C131/1000000000=INDEX($F$130:$Q$130,1,MATCH(C131/1000000000,$F$130:$Q$130)),HLOOKUP(C131/1000000000,$F$130:$Q$131,2),ROUND(HLOOKUP(C131/1000000000,$F$130:$Q$131,2)-((HLOOKUP(C131/1000000000,$F$130:$Q$131,2)-INDEX($F$130:$Q$131,2,MATCH(C131/1000000000,$F$130:$Q$130)+1))/((INDEX($F$130:$Q$131,1,MATCH(C131/1000000000,$F$130:$Q$130)+1)-INDEX($F$130:$Q$131,1,MATCH(C131/1000000000,$F$130:$Q$130)))*1000000000) * (C131-INDEX($F$130:$Q$131,1,MATCH(C131/1000000000,$F$130:$Q$130))*1000000000)),4))} -> 0.019 | E131: =D131%*C131 -> 786999.47 | F131: 0.019 | G131: 0.019 | H131: 0.017 | I131: 0.015 | J131: 0.0125 | K131: 0.01 | L131: 0.0075 | M131: 0.0047 | N131: 0.0025 | O131: 0.002 | P131: 0.001
B134: Bảng số 11: Chi phí thẩm tra, phê duyệt quyết toán, kiểm toán độc lập (Nghị định số 99/2021/NĐ-CP))
A136: STT | B136: Tổng mức đầu tư dự án (tỷ đồng) | C136: Giá trị | D136: Định mức áp dụng | E136: Ghi chú | F136: Bảng định mức (chưa có thuế GTGT) (tỷ đồng)
F137: 0 | G137: 5 | H137: 10 | I137: 50 | J137: 100 | K137: 500 | L137: 1000 | M137: 10000 | N137: 300000 | O137: > | Q137: 100
...
