Workbook
Name ___b3: #REF!
Name ___B7: #REF!
Name __b3: #REF!
Name __B7: #REF!
Name __CON1: #REF!
Name __CON2: #REF!
Name __cpd1: #REF!
Name __cpd2: #REF!
Name __ddn400: #REF!
Name __ddn600: #REF!
Name __EXC1: #REF!
Name __EXC2: #REF!
Name __FIL2: #REF!
Name __HTD1: #REF!
Name __HTN1: #REF!
Name __lap1: #REF!
Name __lap2: #REF!
Name __LCB1: #REF!
Name __MAC12: #REF!
Name __MAC46: #REF!
Name __NCL100: #REF!
Name __NCL200: #REF!
Name __NCL250: #REF!
Name __nin190: #REF!
Name __NO1: #REF!
Name __Ph30: #REF!
Name __PXB80: #REF!
Name __pZ1: #REF!
Name __pZ2: #REF!
Name __pZ3: #REF!
Name __RFZ3: #REF!
Name __ro1: #REF!
Name __rp95: #REF!
Name __sc1: #REF!
Name __SC2: #REF!
Name __sc3: #REF!
Name __SHR1: #REF!
Name __SHR2: #REF!
Name __SN3: #REF!
Name __tax1: #REF!
Name __tax2: #REF!
Name __tax3: #REF!
Name __tax4: #REF!
Name __TB1: #REF!
Name __tg427: #REF!
Name __TL1: #REF!
Name __TL2: #REF!
Name __TL3: #REF!
Name __TLA120: #REF!
Name __TLA35: #REF!
Name __TLA50: #REF!
Name __TLA70: #REF!
Name __TLA95: #REF!
Name __TX1: #REF!
Name __tz593: #REF!
Name __vl1: #REF!
Name __VL100: #REF!
Name __VL250: #REF!
Name __xb80: #REF!
Name __xo1: #REF!

Sheet Yêu cầu
B2: 1 | C2: Cấu trúc lại các nhóm chức năng theo Công văn 631
B3: 2 | C3: Cập nhật lại tên UC, các trường hợp sử dụng phù hợp với Công văn 631
B4: 3 | C4: Liệt kê (hoặc commment trực tiếp vào từng UC) các sửa đổi so với UC cũ

Sheet CongVan 631
A1: LGSP: Nền tảng chia sẻ, tích hợp dùng chung | I1: LDOP: Nền tảng chia sẻ, điều phối dữ liệu ngành/khối cơ quan - Là hạ tầng kết nối, tích hợp, chia sẻ và điều phối dữ liệu - Là phương thức kết nối, chia sẻ dữ liệu bắt buộc - Máy chủ bảo mật điểm kết nối (Agent Node) là thành phần của Nền tảng chia sẻ, điều phối dữ liệu có chức năng bảo mật điểm kết nối phục vụ trao đổi, chia sẻ dữ liệu giữa các cơ sở dữ liệu, hệ thống thông tin
C2: 1. Yêu cầu với phần mềm nền tảng
C4: TT | D4: Thành phần | E4: Yêu cầu | F4: Chức năng | G4: Yêu cầu kỹ thuật
C5: 1 | D5: Trục tích hợp | E5: Bắt buộc | F5: Các chức năng liên quan đến kết nối | G5: - Bộ thích ứng kết nối (Adapters): Cung cấp các bộ Adapter được xây dựng sẵn để kết nối đến các hệ thống đang được vận hành và khai thác khác nhau như Hệ thống thanh toán, Cổng dịch vụ công, Hệ thống báo cáo quốc gia…. Các Adapter có thể dễ dàng được phát triển mới và tích hợp vào trục tích hợp khi cần thiết. | I5: Nền tảng chia sẻ, điều phối dữ liệu quốc gia NDOP cung cấp các thành phần chính:
G6: - Truyền tải (Transports): Hỗ trợ nhiều giao thức truyền tải như HTTP, HTTPS, WebSocket, POP, IMAP, SMTP, JMS 1.1, JMS 2.0, AMQP, RabbitMQ, FIX, TCP, UDP, FTPS, SFTP, MLLP , SMS, MQTT, Apache Kafka. | I6: - Thành phần Tích hợp dữ liệu quốc gia: thực hiện chức năng thu thập, tích hợp dữ liệu từ các cơ quan chủ quản dữ liệu về Cơ sở dữ liệu tổng hợp quốc gia theo thời gian thực hoặc định kỳ.
G7: - Định dạng dữ liệu (Formats): Hỗ trợ nhiều chuẩn dữ liệu như JSON, XML, SOAP 1.1, SOAP 1.2, WS-*, HTML, EDI, HL7, OAGIS, Hessian, Text, JPEG, MP4, CORBA/IIOP và các định dạng phổ biến khác. | I7: - Thành phần Phân phối dữ liệu quốc gia: thực hiện chức năng phân phối dữ liệu từ Cơ sở dữ liệu tổng hợp quốc gia tới cơ quan sử dụng dữ liệu theo yêu cầu hoặc chủ động.
F8: Các chức năng liên quan đến định tuyến, xử lý và chuyển đổi bản tin | G8: - Định tuyến (Routing): Định tuyến dựa vào Header hoặc body của gói tin; định tuyến dựa vào luật (Rule). | I8: - Thành phần Chia sẻ dữ liệu quốc gia: thực hiện chức năng kết nối, giám sát và trung gian cho phép các cơ quan trao đổi dữ liệu trực tiếp với nhau sau khi xác thực và đăng ký dữ liệu và dịch vụ trao đổi dữ liệu.
G9: - Xử lý nghiệp vụ (Mediator): Hỗ trợ sẵn các bộ chuyển đổi để xử lý các nghiệp vụ khác nhau như cache, kết nối CSDL, kết nối File, logging,… | I9: - Thành phần bảo mật điểm kết nối AGN (Agent Node) là thành phần của nền tảng NDOP được triển khai tại các cơ quan, tổ chức, bộ ngành, địa phương bảo đảm về an toàn bảo mật điểm kết nối và trao đổi dữ liệu giữa nền tảng LDOP với nền tảng NDOP tại Trung tâm dữ liệu quốc gia để thực hiện điều phối dữ liệu.
G10: - Chuyển đổi (Transformation): XSLT 1.0/2.0, XPath, XQuery và Smooks. | I10: Nền tảng LDOP bao gồm các thành phần cơ bản có chức năng tương tự như nền tảng NDOP (tích hợp dữ liệu; phân phối dữ liệu; chia sẻ dữ liệu) và trao đổi dữ liệu với Nền tảng NDOP thông qua thành phần bảo mật điểm kết nối AGN.
G11: - Công cụ ánh xạ dữ liệu (Data Mapping): Ánh xạ dữ liệu giữa đầu vào Input và đầu ra Output để chuyển đổi dữ liệu.
F12: Các chức năng như Gateway cho bản tin, API, bảo mật | G12: - Cho phép công khai các ứng dụng và dịch vụ đang có theo các định dạng bản tin và định dạng giao thức khác nhau để các hệ thống khác dễ dàng tích hợp: | I12: - Thành phần Phân phối dữ liệu quốc gia: thực hiện chức năng phân phối dữ liệu từ Cơ sở dữ liệu tổng hợp quốc gia tới cơ quan sử dụng dữ liệu theo yêu cầu hoặc chủ động.
G13: + Không làm ảnh hưởng tới các dịch vụ bên trong.
G14: + Tạo ra các dịch vụ theo chuẩn từ các dịch vụ không theo chuẩn hoặc các hệ thống đã tồn tại.
G15: + Công khai các dịch vụ và ứng dụng qua các giao thức thông dụng như SOAP, REST và XML-RPC.
G16: - Áp dụng các chính sách bảo mật tập trung, bao gồm nhận thực, phân quyền; hỗ trợ các tính năng bảo mật như: WS- Security, LDAP, Kerberos, OpenID, SAML, XACML, Oauth; Quản lý và ràng buộc chính sách thông qua dữ liệu cấu hình.
G17: - Hỗ trợ các cơ chế kiểm soát (audit), cơ chế logging, theo dõi hoạt động hệ thống thông qua SLA.
G18: - Hỗ trợ các tính năng về cân bằng tải, khả năng mở rộng nâng cấp hệ thống, khả năng failover để tăng khả năng HA cho hệ thống.
F19: Khả năng quản trị phát triển dễ dàng, thuận tiện cho người phát triển hệ thống | G19: - Các chế độ cấu hình sửa lỗi (Debug) và bắt lỗi quá trình xử lý bản tin (Message mediation). | I19: - Thành phần Chia sẻ dữ liệu quốc gia: thực hiện chức năng kết nối, giám sát và trung gian cho phép các cơ quan trao đổi dữ liệu trực tiếp với nhau sau khi xác thực và đăng ký dữ liệu và dịch vụ trao đổi dữ liệu.
G20: - Hỗ trợ giao diện cấu hình tham số hệ thống.
G21: - Cho phép cấu hình các bộ Mediator để điều khiển các lỗi trong quá trình vận hành.
G22: - Cho phép khả năng tùy biến toàn bộ các chức năng được triển khai trên máy chủ theo yêu cầu sử dụng.
G23: - Mở rộng ngôn ngữ cấu hình sử dụng DSL tùy chỉnh thông qua các mẫu được dựng sẵn.
G24: - Các bộ Mediator được tùy biến bằng cách sử dụng mã ngôn ngữ kịch bản nhúng trong Javascript, JRuby, Groovy,…
G25: - Xây dựng và triển khai thông qua tích hợp với SVN, Maven, Ant và các công cụ tiêu chuẩn khác.
G26: - Khả năng tích hợp với các công cụ lập trình phổ biến như: IDE Eclipse... | I26: - Thành phần bảo mật điểm kết nối AGN (Agent Node) là thành phần của nền tảng NDOP được triển khai tại các cơ quan, tổ chức, bộ ngành, địa phương bảo đảm về an toàn bảo mật điểm kết nối và trao đổi dữ liệu giữa nền tảng LDOP với nền tảng NDOP tại Trung tâm dữ liệu quốc gia để thực hiện điều phối dữ liệu.
F27: Các chức năng hỗ trợ khả năng quản lý và theo dõi | G27: - Đảm bảo quản lý toàn diện và giám sát qua giao diện Web. | I27: Nền tảng LDOP bao gồm các thành phần cơ bản có chức năng tương tự như nền tảng NDOP (tích hợp dữ liệu; phân phối dữ liệu; chia sẻ dữ liệu) và trao đổi dữ liệu với Nền tảng NDOP thông qua thành phần bảo mật điểm kết nối AGN.
G28: - Cho phép xây dựng các thành phần dùng chung và theo dõi truy cập và thống kê hiệu năng hệ thống.
G29: - Tích hợp với phần mềm giám sát để thực hiện kiểm soát, giám sát tình hình hoạt động hệ thống và đánh giá KPI hệ thống.
G30: - Hỗ trợ các chế độ cấu hình log theo nhiều cấp độ log.
G31: - Bảo đảm quản lý cấu hình tập trung trên các môi trường khác nhau với vòng đời và phiên bản.
F32: Giám sát | G32: - Công khai các thống kê báo cáo về Mediation bản tin qua các giao diện báo cáo, Dashboard.
G33: - Tạo ra các báo cáo Dashboard tùy biến và phân quyền cho người dùng.
G34: - Theo dõi các dữ liệu mang tính chất thống kê cho tất cả các kiểu tài nguyên (Artifact) và hiệu năng hệ thống.
G35: - Thiết lập khả năng trace bất kỳ luồng xử lý Mediation để xác định các điểm nghẽn cổ chai trong luồng xử lý.
C36: 2 | D36: Quản lý quy trình nghiệp vụ (BPM) | E36: Tùy chọn (BỎ) | F36: Quản lý quy trình nghiệp vụ | G36: Phần mềm quy trình nghiệp vụ cần có các tính năng kỹ thuật chính như sau:
G37: - Định nghĩa và chạy quy trình nghiệp vụ: Hỗ trợ BPMN 2.0, WS- BPEL 2.0, BPEL4WS 1.1.
G38: - Định nghĩa các luồng nghiệp vụ có tương tác với con người: Hỗ trợ User Task trong luồng quy trình BPMN.
G39: - Điều khiển truy cập dựa trên vai trò người dùng cho các bước trong quy trình.
G40: - Hỗ trợ tạo Form người dùng tương tác cho các bước cần xử lý bởi người dùng.
G41: - Công cụ hỗ trợ Thiết kế và triển khai quy trình động.
G42: - Công cụ theo dõi và giám sát quy trình trong thời gian thực.
C43: 3 | D43: Quản lý bảo mật và xác thực tập trung | E43: Bắt buộc | F43: Quản lý đăng nhập một lần và ủy quyền xác thực | G43: - Hỗ trợ Single Sign-On (SSO) thông qua SAML2, OpenID Connect và WS-Federation Passive.
G44: - Hỗ trợ SAML 2.0 được dựa trên Single Logout (SLO), Metadata Profile và Assertion Query/Request Profile.
G45: - Hỗ trợ chuẩn giao thức OpenID 2.0.
G46: - Ủy quyền xác thực SSO thông qua SAML2, OpenID Connect and WS-Federation Passive với các nhà cung cấp định danh bên ngoài.
G47: - Hỗ trợ khả năng sử dụng các định danh và thuộc tính từ các nhà cung cấp dịch vụ định danh thứ 3 (IDP) bằng cách chuyển đổi thuộc tính giữa các nhà cung cấp định danh khác nhau.
G48: - Cung cấp các giao diện đăng nhập/đăng ký người dùng.
G49: - Hỗ trợ nhận thực/phân quyền dựa vào vai trò.
G50: - Hỗ trợ Google ReCaptcha SSO.
F51: Cung cấp các cơ chế xác thực bảo mật | G51: - Hỗ trợ tiến trình xác thực nhiều bước.
G52: - Integrated Windows authentication (IWA) với Kerberos.
G53: - Xác thực sử dụng X.509.
G54: - Xác thực hai yếu tố dựa vào Fast IDentity Online (FIDO).
G55: - Xác thực dựa vào mật khẩu một lần (TOTP).
F56: Quản trị và quản lý định danh | G56: - Quản lý người dùng/nhóm người dùng:
G57: + Quản lý người dùng, nhóm người dùng.
G58: + Quản lý thông tin (Profile) người dùng.
G59: + Khả năng kết nối nhiều tài khoản người dùng đang thuộc về một người dùng duy nhất.
G60: + Hỗ trợ nhiều chuẩn User Store khác nhau được dựa vào giao thức LDAP, External LDAP, Microsoft Active Directory, hoặc bất kỳ cơ sở dữ liệu JDBC;
G61: + Khả năng hỗ trợ nhiều User Store.
G62: + Giao diện tự đăng ký người dùng, điều chỉnh thông tin profile người dùng.
G63: + Các chính sách bảo mật mật khẩu có khả năng cấu hình được.
G64: + Chính sách khóa tài khoản đăng nhập nếu nhập sai mật khẩu.
G65: + Khôi phục tài khoản qua Email hoặc câu hỏi bảo mật
G66: + Kiểm tra tính hợp lệ của mật khẩu.
G67: - Kiểm tra mật khẩu:
G68: + Cấu hình Password pattern.
... G75: - Workflows: Hỗ trợ workflow cho các hoạt động kiểm duyệt tài khoản người dùng/nhóm người dùng.
F76: Quyền và điều khiển truy cập | G76: - Quản lý quyền người dùng.
G77: - Điều khiển truy cập được dựa vào Role (RBAC).
G78: - Điều khiển các chính sách truy cập dựa vào tiêu chuẩn eXtensible Access Control Markup Language (XACML) 2.0/3.0.
G79: - Giao thức mạng hiệu năng cao (trên Apache Thrift) cho các tương tác Policy Enforcement Point/Policy Decision Point (PEP/PDP).
G80: - User-friendly Policy Administration Point (PAP) để chỉnh sửa các chính sách bảo mật XACML 2.0/3.0.
G81: - Quản lý đồng thời nhiều PDPs từ PAP đơn lẻ.
G82: - Quản lý các thông báo về cập nhật chính sách.
G83: - Nhiều Policy Information Points (PIP) để tập hợp các thuộc tính bổ sung để đánh giá chính sách.
G84: - Tích hợp với ESB cho XACML 3.0 dựa vào phân quyền cho các dịch vụ REST hoặc SOAP.
G85: - Hỗ trợ XACML REST profile.
F86: API Security | G86: - Điều khiển truy cập ủy quyền sử dụng OAuth2 và WS-Trust.
G87: - Hỗ trợ cho các kiểu bảo mật SAML2 bearer grant type, JWT assertion grant type and NTLM- IWA grant type.
G88: - Hỗ trợ OAuth2 token revocation- OAuth token introspection.
G89: - Hỗ trợ chế độ OAuth 2.0.
F90: Giám sát theo dõi hệ thống | G90: - Theo dõi các sự kiện đăng nhập và phiên làm việc.
G91: - Theo dõi nhật ký người dùng/phiên làm việc.
G92: - Ngắt phiên làm việc của người dùng qua giao diện quản trị.
G93: - Khôi phục mật khẩu từ nhà quản trị.
G94: - Cảnh báo bảo mật theo thời gian thực trong các trường hợp cụ thể như nghi ngờ về hành vi login hoặc các phiên làm việc không bình thường.
G95: - Kiểm soát các hoạt động được cấp phép sử dụng distributed auditing system (XDAS).
G96: - Theo dõi hiệu năng và lịch sử truy cập hệ thống.
C97: 4 | D97: Dịch vụ dữ liệu (Data services) | E97: Tùy chọn | F97: Dịch vụ dữ liệu | G97: - Có khả năng khai báo kết nối thu thập dữ liệu từ nhiều nguồn dữ liệu có cấu trúc và phi cấu trúc.
G98: - Hỗ trợ nhiều loại cơ sở dữ liệu quan hệ khác nhau.
G99: - Cung cấp các công cụ để truy vấn dữ liệu, công khai dịch vụ dữ liệu cho các dịch vụ và hệ thống thông tin khác theo chuẩn giao thức SOAP, REST, chuẩn dữ liệu XML, JSON.
G100: - Cung cấp tính năng quản lý cấu hình bảo mật dịch vụ dữ liệu trước khi công khai dữ liệu.
C101: 5 | D101: Quản trị ứng dụng truy cập tài nguyên API | E101: Bắt buộc | F101: Quản trị tài nguyên | G101: - Quản lý danh sách các API dịch vụ bao gồm các thông tin như: danh sách API, thông tin chi tiết kiểm thử API trên môi trường product và môi trường sandbox, API console, tài liệu.
G102: - Quản lý danh sách các ứng dụng sử dụng API. Thông tin chi tiết một ứng dụng bao gồm: product keys, sandbox keys, subscriptions (danh sách các API sử dụng).
C103: 6 | D103: Quản lý giao diện lập trình ứng dụng (API) | E103: Bắt buộc | F103: Thiết kế và Mô phỏng API | G103: - Thiết kế API trước khi thực hiện thực thi. Thiết kế được thực hiện thông qua giao diện Web hoặc thông qua Import định nghĩa Swagger 2.0 có sẵn.
G104: - Triển khai API mẫu, cung cấp truy cập tới APIs và đánh giá thiết kế API qua phản hồi từ người dùng.
G105: - Thực thi API sử dụng ngôn ngữ như Javascript.
G106: - Hỗ trợ công khai các dịch vụ với kiểu SOAP, REST, JSON, và XML thành các APIs.
F107: Công khai và quản lý API | G107: - Công khai API cho người dùng hoặc hệ thống thông tin liên quan sử dụng và khai thác API.
...

Sheet DinhMuc
A1: Định mức tỷ lệ chi phí quản lý dự án, tư vấn, chi khác
A2: Quyết định số 1688/QĐ-BTTTT ngày 11/10/2019 của Bộ Thông tin và Truyền thông, áp dụng tương tự Hạng mục phần mềm nội bộ, cơ sở dữ liệu trong Báo cáo kinh tế - kỹ thuật
A4: stt | B4: Tên hạng mục | C4: Ga (cận trên) (đồng) | D4: Gb (cận dưới) (đồng) | E4: Gt (đồng) | F4: Na (cận trên) | G4: Nb (cận dưới) | H4: Nt | I4: Ghi chú
A5: 1 | B5: Quản lý dự án
B6: Phần mềm thương mại | E6: 0 | F6: 2.184 | G6: 2.644 | H6: =G6*0.84 -> 2.22096 | I6: =Nb * 0,84
B7: Phần mềm nội bộ, tạo lập cơ sở dữ liệu và đào tạo chuyển giao | C7: 15000000000 | D7: 7000000000 | E7: =PM_LGSP.VIII!I10+'2.4.Khac'!F5 -> 7011370000 | F7: 1.532 | G7: 1.855 | H7: =G7-((G7-F7)/(C7-D7))*(E7-D7) -> 1.8545409
A8: 2 | B8: Tư vấn lập Kế hoạch thuê dịch vụ CNTT
B9: Phần mềm thương mại | E9: =E6 -> 0 | F9: 0.739 | G9: 0.992 | H9: =G9*1.65 -> 1.6368 | I9: =Nb*1,65
B10: Phần mềm nội bộ, tạo lập cơ sở dữ liệu và đào tạo chuyển giao | C10: 15000000000 | D10: 7000000000 | E10: =E7 -> 7011370000 | F10: 3.24 | G10: 3.64 | H10: =G10-((G10-F10)/(C10-D10))*(E10-D10) -> 3.6394315
A11: 3 | B11: ='[1]1Tonghop'!B18 -> Tư vấn thẩm tra tính hiệu quả và tính khả thi
B12: =B9 -> Phần mềm thương mại | E12: =E9 -> 0 | G12: 0.105 | H12: =G12*40/100 -> 0.042 | I12: =Nb*40%
B13: =B10 -> Phần mềm nội bộ, tạo lập cơ sở dữ liệu và đào tạo chuyển giao | C13: =C10 -> 15000000000 | D13: =D10 -> 7000000000 | E13: =E10 -> 7011370000 | F13: 0.088 | G13: 0.126 | H13: =(G13-((G13-F13)/(C13-D13))*(E13-D13))*40% -> 0.050378397 | I13: =Nb *40%
A14: 4 | B14: Tư vấn thẩm tra kế hoạch
B15: =B12 -> Phần mềm thương mại | E15: =E12 -> 0 | G15: 0.087 | H15: =G15*70/100 -> 0.0609 | I15: =Nb*70%
B16: =B13 -> Phần mềm nội bộ, tạo lập cơ sở dữ liệu và đào tạo chuyển giao | C16: =C13 -> 15000000000 | D16: =D13 -> 7000000000 | E16: =E13 -> 7011370000 | F16: 0.066 | G16: 0.095 | H16: =(G16-((G16-F16)/(C16-D16))*(E16-D16))*70% -> 0.066471149 | I16: =Nb*70%
A17: 5 | B17: ='[1]1Tonghop'!B20 -> Tư vấn thẩm tra dự toán
B18: =B15 -> Phần mềm thương mại | E18: =E15 -> 0 | G18: 0.078 | H18: =G18*70% -> 0.0546 | I18: '=Nb*70%
B19: =B16 -> Phần mềm nội bộ, tạo lập cơ sở dữ liệu và đào tạo chuyển giao | C19: =C16 -> 15000000000 | D19: =D16 -> 7000000000 | E19: =E16 -> 7011370000 | F19: 0.054 | G19: 0.085 | H19: =(G19-((G19-F19)/(C19-D19))*(E19-D19))*70% -> 0.059469159 | I19: =Nb*70%
A20: 6 | B20: ='[1]1Tonghop'!B21 -> Tư vấn lập hồ sơ mời thầu và đánh giá hồ sơ dự thầu
B21: =B18 -> Phần mềm thương mại | E21: =E18 -> 0 | G21: 0.283 | H21: =G21 -> 0.283
B22: =B19 -> Phần mềm nội bộ, tạo lập cơ sở dữ liệu và đào tạo chuyển giao | C22: =C19 -> 15000000000 | D22: =D19 -> 7000000000 | E22: =E19 -> 7011370000 | F22: 0.336 | G22: 0.405 | H22: =(G22-((G22-F22)/(C22-D22))*(E22-D22)) -> 0.40490193
A23: 7 | B23: ='[1]1Tonghop'!B23 -> Tư vấn giám sát
B24: =B21 -> Phần mềm thương mại | E24: =E21 -> 0 | G24: 0.718 | H24: =G24 -> 0.718
B25: Không giám sát hạng mục phần mềm nội bộ, chỉ giám sát hạng mục chuyển đổi dữ liệu và đào tạo chuyển giao | C25: =C22 -> 15000000000 | D25: =D22 -> 7000000000 | E25: ='[2]1Tonghop'!D9+'[2]1Tonghop'!D10 -> 54356565 | F25: 1.931 | G25: 2.063 | H25: 2.063
A28: ĐỊNH MỨC TỶ LỆ CHI PHÍ KIỂM TOÁN, THẨM TRA, PHÊ DUYỆT QUYẾT TOÁN (Căn cứ Nghị định 99/2021/NĐ-CP ngày 11/11/2021 của Chính phủ)
A30: stt | B30: Tên hạng mục | C30: Ga (cận trên) (đồng) | D30: Gb (cận dưới) (đồng) | E30: Gi (đồng) | F30: Ka (cận trên) | G30: Kb (cận dưới) | H30: Ki | I30: Ghi chú
A31: 1 | B31: Chi phí kiểm toán độc lập | C31: 50000000000 | D31: 10000000000 | E31: ='1.TongDT'!E32 -> 12901700000 | F31: 0.45 | G31: 0.645 | H31: =(G31-((G31-F31)/(C31-D31))*(E31-D31)) -> 0.63085421 | I31: NĐ số 99/2021/NĐ-CP
A32: 2 | B32: Chi phí thẩm tra, phê duyệt quyết toán | C32: 50000000000 | D32: 10000000000 | E32: ='1.TongDT'!E32 -> 12901700000 | F32: 0.285 | G32: 0.39 | H32: =(G32-((G32-F32)/(C32-D32))*(E32-D32)) -> 0.38238304

Sheet Luong
B2: Bảng lương nhân công kỹ sư công nghệ thông tin
B3: Đơn vị tính: đồng
B4: TT | C4: Tiêu chí xác định | L4: Ghi chú
B5: 1 | C5: Cấp bậc kỹ sư CNTT | D5: KS-B1 | E5: KS-B2 | F5: KS-B3 | G5: KS-B4 | H5: KS-B5 | I5: KS-B6 | J5: KS-B7 | K5: KS-B8
B6: 2 | C6: Hệ số lương (Hcb) | D6: 2.34 | E6: 2.65 | F6: 2.96 | G6: 3.27 | H6: 3.58 | I6: 3.89 | J6: 4.2 | K6: 4.51 | L6: Quyết định 129/QĐ-BTTTT ngày 3/2/2021 của Bộ TTTT
B7: 3 | C7: Hệ số phụ cấp (Hpc) | D7: 0 | E7: 0 | F7: 0 | G7: 0 | H7: 0 | I7: 0 | J7: 0 | K7: 0
B8: 4 | C8: Mức lương cơ sở (MLcs) | D8: 2340000 | E8: 2340000 | F8: 2340000 | G8: 2340000 | H8: 2340000 | I8: 2340000 | J8: 2340000 | K8: 2340000 | L8: Nghị định 73/2024/NĐ-CP ngày 30/6/2024 của Chính phủ
B9: 5 | C9: Mức lương cơ bản (MLcb) | D9: =D6*D8 -> 5475600 | E9: =E6*E8 -> 6201000 | F9: =F6*F8 -> 6926400 | G9: =G6*G8 -> 7651800 | H9: =H6*H8 -> 8377200 | I9: =I6*I8 -> 9102600 | J9: =J6*J8 -> 9828000 | K9: =K6*K8 -> 10553400
B10: 6 | C10: Điều chỉnh tăng thêm tiền lương (Hđc 1.2) | D10: =D9*1.2 -> 6570720 | E10: =E9*1.2 -> 7441200 | F10: =F9*1.2 -> 8311680 | G10: =G9*1.2 -> 9182160 | H10: =H9*1.2 -> 10052640 | I10: =I9*1.2 -> 10923120 | J10: =J9*1.2 -> 11793600 | K10: =K9*1.2 -> 12664080 | L10: Quyết định 129/QĐ-BTTTT ngày 3/2/2021 của Bộ TTTT
B11: 7 | C11: BHXH, BHYT, BHTN, kinh phí công đoàn (23,5%) | D11: =23.5%*D9 -> 1286766 | E11: =23.5%*E9 -> 1457235 | F11: =23.5%*F9 -> 1627704 | G11: =23.5%*G9 -> 1798173 | H11: =23.5%*H9 -> 1968642 | I11: =23.5%*I9 -> 2139111 | J11: =23.5%*J9 -> 2309580 | K11: =23.5%*K9 -> 2480049 | L11: Nghị định 58/2020/NĐ-CP, Nghị định 191/2013/NĐ-CP Quyết định 595/QĐ-BHXH.
B12: 8 | C12: Mức lương lao động/Tháng | D12: =D9+D10+D11 -> 13333086 | E12: =E9+E10+E11 -> 15099435 | F12: =F9+F10+F11 -> 16865784 | G12: =G9+G10+G11 -> 18632133 | H12: =H9+H10+H11 -> 20398482 | I12: =I9+I10+I11 -> 22164831 | J12: =J9+J10+J11 -> 23931180 | K12: =K9+K10+K11 -> 25697529
B13: 9 | C13: Mức lương lao động/Ngày | D13: =D12/26 -> 512811 | E13: =E12/26 -> 580747.5 | F13: =F12/26 -> 648684 | G13: =G12/26 -> 716620.5 | H13: =H12/26 -> 784557 | I13: =I12/26 -> 852493.5 | J13: =J12/26 -> 920430 | K13: =K12/26 -> 988366.5 | L13: Thời gian lao động để tính mức lương lao động bình quân tháng là 26 ngày
B14: 10 | C14: Mức lương lao động/Giờ | D14: =D13/8 -> 64101.375 | E14: =E13/8 -> 72593.438 | F14: =F13/8 -> 81085.5 | G14: =G13/8 -> 89577.562 | H14: =H13/8 -> 98069.625 | I14: =I13/8 -> 106561.69 | J14: =J13/8 -> 115053.75 | K14: =K13/8 -> 123545.81 | L14: Thời gian lao động 08 giờ/ngày
B15: 11 | C15: Mức lương lao động bình quân (H) | E15: =(D14+E14)/2 -> 68347.406 | L15: Tối thiểu kỹ sư bậc 1, 2

Sheet 1.TongDT
A1: Tổng hợp dự toán
C2: Đơn vị tính: Đồng
A3: Stt | B3: Nội dung chi phí | C3: Giá trị sau thuế
A4: 1 | B4: Chi phí thuê dịch vụ công nghệ thông tin | C4: =E17 -> 10697715600
A5: 2 | B5: Chi phí quản lý | C5: =E19 -> 180358000
A6: 3 | B6: Chi phí tư vấn | C6: =E20 -> 113921000
A7: 4 | B7: Chi phí khác | C7: =E25 -> 433043000
A8: 5 | B8: Chi phí dự phòng | C8: =C10-(C4+C5+C6+C7) -> 1476662400
B9: TỔNG CỘNG (1+2+3+4+5) | C9: =SUM(C4:C8) -> 12901700000
C10: 12901700000
B11: Chủ trương | C11: 12901700000
A13: Bảng tổng hợp dự toán thuê dịch vụ CNTT
A14: Thông tư số 04/2020/TT-BTTTT
F15: Đơn vị tính: Đồng
A16: Stt | B16: Nội dung chi phí | C16: Giá trị trước thuế | D16: Thuế GTGT | E16: Giá trị sau thuế | F16: Ghi chú
A17: I | B17: Chi phí thuê dịch vụ công nghệ thông tin | C17: =C18 -> 9725196000 | D17: =D18 -> 972519600 | E17: =C17+D17 -> 10697715600
A18: 1 | B18: Chi phí thuê dịch vụ theo yêu cầu riêng Nền tảng tích hợp, chia sẻ dữ liệu (LGSP) | C18: ='2.CP5nam'!C6+'2.CP5nam'!C7+'2.CP5nam'!C8+'2.CP5nam'!C9 -> 9725196000 | D18: =C18*10% -> 972519600 | E18: =C18+D18 -> 10697715600 | F18: 12/2020/TT-BTTTT
A19: II | B19: Chi phí quản lý kế hoạch | C19: =ROUND(DinhMuc!H7%*'1.TongDT'!C18,-3) -> 180358000 | D19: 0 | E19: =C19+D19 -> 180358000 | F19: 1688/QĐ-BTTTT
A20: III | B20: Chi phí tư vấn | C20: =ROUND(SUM(C21:C24),-3) -> 103564000 | D20: =SUM(D21:D24) -> 10357000 | E20: =SUM(E21:E24) -> 113921000
A21: 1 | B21: Chi phí lập Kế hoạch thuê DVCNTT | C21: 0 | D21: =C21*10% -> 0 | E21: =C21+D21 -> 0 | F21: Trung tâm Chuyển đổi số và Thống kê nông nghiệp tự thực hiện
A22: 2 | B22: Chi phí tư vấn lập HSMT và đánh giá HSDT | C22: =ROUND(DinhMuc!H22%*C18,-3) -> 39378000 | D22: =ROUND(C22*10%,-3) -> 3938000 | E22: =C22+D22 -> 43316000 | F22: 1688/QĐ-BTTTT
C23: =ROUND(2*0.2%*E17,-3) -> 42791000 | D23: =ROUND(C23*10%,-3) -> 4279000 | E23: =C23+D23 -> 47070000 | F23: 24/2024/NĐ-CP
A24: 3 | B24: Chi phí thẩm định HSMT và thẩm định KQLCNT | C24: =ROUND(2*0.1%*E17,-3) -> 21395000 | D24: =ROUND(C24*10%,-3) -> 2140000 | E24: =C24+D24 -> 23535000 | F24: 24/2024/NĐ-CP
A25: IV | B25: Chi phí khác | C25: =C26 -> 433043000 | D25: =D26 -> 0 | E25: =E26 -> 433043000
A26: 1 | B26: Chi phí kiểm thử | C26: =Kiemthu!D20 -> 433043000 | D26: 0 | E26: =C26+D26 -> 433043000 | F26: 3787/BTTTT-THH
A27: 2 | B27: Chi phí thẩm định | C27: =ROUND(0.019%*E31,-3) -> 2451000 | D27: 0 | E27: =C27+D27 -> 2451000 | F27: 28/2023/TT-BTC
A28: 3 | B28: Chi phí kiểm toán độc lập | C28: =ROUND(E32*DinhMuc!H31%,-3) -> 81391000 | D28: =ROUND(C28*10%,-3) -> 8139000 | E28: =C28+D28 -> 89530000 | F28: 99/2021/NĐ-CP
A29: 4 | B29: Chi phí thẩm tra, phê duyệt quyết toán | C29: =ROUND(E32*DinhMuc!H32%,-3) -> 49334000 | D29: 0 | E29: =C29+D29 -> 49334000 | F29: 99/2021/NĐ-CP
A30: V | B30: Chi phí dự phòng | E30: =E32-(E17+E19+E20+E25) -> 1476662400
B31: TỔNG CỘNG | E31: =E17+E19+E20+E25+E30 -> 12901700000
E32: 12901700000

Sheet 2.CP5nam
A1: Dự toán chi phí thuê dịch vụ công nghệ thông tin theo yêu cầu riêng
A2: Thông tư số 12/2020/TT-BTTTT
I3: Đơn vị tính: Đồng
A4: STT | B4: Hạng mục | C4: Tổng cộng | D4: KINH PHÍ THEO NĂM | I4: Ghi chú
D5: Năm 1-2025 | E5: Năm 2-2026 | F5: Năm 3-2027 | G5: Năm 4-2028 | H5: Năm 5-2029
A6: 1 | B6: Chi phí dịch vụ | C6: =SUM(D6:H6) -> 7909560000 | D6: ='2.1.DV_LGSP'!E16 -> 1581912000 | E6: ='2.1.DV_LGSP'!E16 -> 1581912000 | F6: ='2.1.DV_LGSP'!E16 -> 1581912000 | G6: ='2.1.DV_LGSP'!E16 -> 1581912000 | H6: ='2.1.DV_LGSP'!E16 -> 1581912000 | I6: Bảng 2.1
A7: 2 | B7: Chi phí quản trị, vận hành dịch vụ | C7: ='2.2.Qtri'!E10 -> 1636854000 | D7: =C7/5 -> 327370800 | E7: =C7/5 -> 327370800 | F7: =C7/5 -> 327370800 | G7: =C7/5 -> 327370800 | H7: =C7/5 -> 327370800 | I7: Bảng 2.2
A8: 3 | B8: Chi phí bảo trì dịch vụ | C8: ='2.3.Btri'!F10 -> 170412000 | D8: =C8/5 -> 34082400 | E8: =C8/5 -> 34082400 | F8: =C8/5 -> 34082400 | G8: =C8/5 -> 34082400 | H8: =C8/5 -> 34082400 | I8: Bảng 2.3
A9: 4 | B9: Chi phí khác liên quan đến cung cấp dịch vụ | C9: =SUM(D9:H9) -> 8370000 | D9: =D10 -> 8370000 | E9: 0 | F9: 0 | G9: 0 | H9: 0
B10: Chi phí đào tạo cho cán bộ quản trị hệ thống | C10: =SUM(D10:H10) -> 8370000 | D10: ='2.4.Khac'!F5 -> 8370000 | E10: 0 | F10: 0 | G10: 0 | H10: 0 | I10: Bảng 2.4
B11: Chi phí hạ tầng thiết bị máy chủ | C11: 0 | D11: 0 | E11: 0 | F11: 0 | G11: 0 | H11: 0 | I11: Sử dụng hạ tầng của Bộ NN&PTNT
A12: 5 | B12: Chi phí quản lý kế hoạch | C12: =SUM(D12:H12) -> 180358000 | D12: ='1.TongDT'!C19 -> 180358000 | E12: 0 | F12: 0 | G12: 0 | H12: 0
A13: 6 | B13: Chi phí tư vấn | C13: =SUM(D13:H13) -> 103564000 | D13: ='1.TongDT'!C20 -> 103564000 | E13: 0 | F13: 0 | G13: 0 | H13: 0
A14: 7 | B14: Chi phí kiểm thử | C14: =SUM(D14:H14) -> 433043000 | D14: ='1.TongDT'!E26 -> 433043000 | E14: 0 | F14: 0 | G14: 0 | H14: 0
A15: 8 | B15: Chi phí dự phòng | C15: =D15 -> 1476662400 | D15: ='1.TongDT'!E30 -> 1476662400 | E15: 0 | F15: 0 | G15: 0 | H15: 0
B16: Tổng (trước VAT) | C16: =C6+C7+C8+C9+C12+C13+C14+C15 -> 11918823400 | D16: =D6+D7+D8+D9+D12+D13+D14+D15 -> 4145362600 | E16: =E6+E7+E8+E9+E12+E13+E14+E15 -> 1943365200 | F16: =F6+F7+F8+F9+F12+F13+F14+F15 -> 1943365200 | G16: =G6+G7+G8+G9+G12+G13+G14+G15 -> 1943365200 | H16: =H6+H7+H8+H9+H12+H13+H14+H15 -> 1943365200
B17: Thuế VAT | C17: =ROUND((C6+C7+C8+C9+C13)*10%,-2) -> 982876000 | D17: =(D6+D7+D8+D9+D13)*10% -> 205529920 | E17: =(E6+E7+E8+E9+E13)*10% -> 194336520 | F17: =(F6+F7+F8+F9+F13)*10% -> 194336520 | G17: =(G6+G7+G8+G9+G13)*10% -> 194336520 | H17: =(H6+H7+H8+H9+H13)*10% -> 194336520
B18: TỔNG CỘNG | C18: =C16+C17 -> 12901699400 | D18: =D16+D17 -> 4350892520 | E18: =E16+E17 -> 2137701720 | F18: =F16+F17 -> 2137701720 | G18: =G16+G17 -> 2137701720 | H18: =H16+H17 -> 2137701720
B19: TỔNG CỘNG (làm tròn) | C19: =ROUND(C18,-3) -> 12901699000 | D19: =ROUND(D18,-3) -> 4350893000 | E19: =ROUND(E18,-3) -> 2137702000 | F19: =ROUND(F18,-3) -> 2137702000 | G19: =ROUND(G18,-3) -> 2137702000 | H19: =ROUND(H18,-3) -> 2137702000

Sheet 2.1.DV_LGSP
B1: Chi phí dịch vụ theo kỳ thanh toán (Gdv)
B2: Kỳ thanh toán: Thanh toán 12 tháng/lần
E3: Đơn vị tính: Đồng
B4: STT | C4: Nội dung | D4: Ký hiệu | E4: Giá trị
B5: 1 | C5: Chi phí xây dựng, phát triển hình thành dịch vụ (Nền tảng chia sẻ, tích hợp) | D5: Tđ | E5: =PM_LGSP.VIII!I10 -> 7003000000
B6: 2 | C6: Thời gian thuê dịch vụ (năm) | D6: tthuê | E6: 5
B7: 3 | C7: Mức lãi suất cho thuê theo kỳ thanh toán (%) | D7: r | E7: =E8/E12 -> 0.042
B8: 3.1 | C8: Bình quân lãi suất trung bình | D8: N | E8: =SUM(E9:E11)/3 -> 0.042
C9: Ngân hàng thương mại cổ phần Ngoại thương Việt Nam | E9: 0.042
C10: Ngân hàng thương mại cổ phần Đầu tư và Phát triển Việt Nam | E10: 0.042
C11: Ngân hàng thương mại cổ phần Công thương Việt Nam | E11: 0.042
B12: 3.2 | C12: Số kỳ thanh toán trong 01 năm thuê dịch vụ | D12: k | E12: 1
B13: 4 | C13: Giá trị còn lại của tài sản cấu thành dịch vụ của bên cho thuê tại thời điểm kết thúc thời gian thuê dịch vụ theo yêu cầu riêng sau khi trích khấu hao theo quy định (sử dụng phương pháp khấu hao theo đường thẳng) | D13: S | E13: 0
B14: 5 | C14: Số kỳ thanh toán trong thời gian thuê dịch vụ | D14: n | E14: =E6*E12 -> 5
B15: 6 | C15: Chi phí thuê dịch vụ công nghệ thông tin theo kỳ thanh toán 01 năm (thanh toán vào cuối kỳ) | E15: =ROUND((E5*E7*((1+E7)^E14)-(E13*E7))/(((1+E7)^E14)-1),-3) -> 1581912000 | F15: trước VAT
B16: 7 | C16: Chi phí thuê dịch vụ công nghệ thông tin trong 01 năm | E16: =E15 -> 1581912000
H20: =(#REF!+#REF!+#REF!)/3*100 -> #REF!

Sheet 2.2.Qtri
B2: Dự toán kinh phí quản trị, vận hành (Gv)
B3: Phụ lục 05 ban hành kèm theo Thông tư số 04/2020/TT-BTTTT
G4: Đơn vị tính: Đồng
B5: TT | C5: Nội dung | D5: Diễn giải | E5: Thành tiền | F5: Ký hiệu | G5: Ghi chú
B6: 1 | C6: Chi phí chuyên gia trực tiếp | E6: =H20 -> 935880000 | F6: Ccg
B7: 2 | C7: Chi phí quản lý | D7: 65%*Ccg | E7: =65%*E6 -> 608322000 | F7: Cql
B8: 3 | C8: Chi phí khác | E8: 0 | F8: Ck
B9: 4 | C9: Thu thập chịu thuế tính trước | D9: 6%*(Ccg+Cql+Ck) | E9: =ROUND(6%*(E6+E7+E8),-3) -> 92652000 | F9: TN
C10: Tổng cộng (trước VAT) | D10: Ccg+Cql+Ck+TN | E10: =ROUND(SUM(E6:E9),-3) -> 1636854000
B11: 5 | C11: Thuế giá trị gia tăng | D11: 10%*(Ccg+Cql+Ck+TN) | E11: =ROUND(10%*E10,-3) -> 163685000 | F11: VAT
C12: Tổng cộng | D12: Ccg+Cql+Ck+TN+VAT | E12: =E10+E11 -> 1800539000 | F12: Cv
B15: Chuyên gia quản trị, vận hành dịch vụ trực tiếp
B16: Phụ lục 02 ban hành kèm theo Công văn số 3127/BTTTT-CĐSQG
H17: Đơn vị tính: Đồng
B18: STT | C18: Nội dung công việc | D18: Số lượng nhân sự | E18: Số lượng ngày công 1 năm | F18: Đơn giá ngày công | G18: Chi phí 01 năm | H18: Chi phí 5 năm
D19: Bậc 1 | E19: Bậc 1 | F19: Bậc 1
B20: 1 | C20: Quản trị, vận hành dịch vụ định kỳ | D20: 1 | E20: 365 | F20: =Luong!D13 -> 512811 | G20: =ROUND(E20*F20,-3) -> 187176000 | H20: =G20*5 -> 935880000
C21: - Quản trị phần mềm - Quản trị hoạt động người sử dụng - Tiếp nhận, kiểm tra và hỗ trợ các yêu cầu không liên quan đến cập nhật dữ liệu - Tiếp nhận, kiểm tra và hỗ trợ các yêu cầu liên quan đến xử lý dữ liệu - Lập quy trình hướng dẫn xử lý các tình huống thường gặp

Sheet 2.3.Btri
B2: Dự toán chi phí bảo trì dịch vụ (Gbt)
B3: Phụ lục 05 ban hành kèm theo Thông tư số 04/2020/TT-BTTTT
H4: Đơn vị tính: Đồng
B5: TT | C5: Nội dung | D5: Diễn giải | F5: Thành tiền | G5: Ký hiệu | H5: Ghi chú
B6: 1 | C6: Chi phí chuyên gia trực tiếp | F6: =H20 -> 97434000 | G6: Ccg
B7: 2 | C7: Chi phí quản lý | D7: 65%*Ccg | F7: =65%*F6 -> 63332100 | G7: Cql
B8: 3 | C8: Chi phí khác | F8: 0 | G8: Ck
B9: 4 | C9: Thu thập chịu thuế tính trước | D9: 6%*(Ccg+Cql+Ck) | F9: =ROUND(6%*(F6+F7+F8),-3) -> 9646000 | G9: TN
C10: Tổng cộng (trước VAT) | D10: Ccg+Cql+Ck+TN | F10: =ROUND(SUM(F6:F9),-3) -> 170412000
B11: 5 | C11: Thuế giá trị gia tăng | D11: 10%*(Ccg+Cql+Ck+TN) | F11: =ROUND(10%*F10,-3) -> 17041000 | G11: VAT
C12: Tổng cộng | D12: Ccg+Cql+Ck+TN+VAT | F12: =F10+F11 -> 187453000 | G12: Cbt
B15: Chi phí chuyên gia bảo trì trực tiếp
B16: Phụ lục 02 ban hành kèm theo Công văn số 3127/BTTTT-CĐSQG
I17: Đơn vị tính: Đồng
B18: STT | C18: Nội dung công việc | D18: Số lượng nhân sự | E18: Số lượng ngày công 1 năm | F18: Đơn giá ngày công | G18: Chi phí 1 năm | H18: Chi phí 5 năm | I18: Ghi chú
D19: Bậc 1 | E19: Bậc 1 | F19: Bậc 1
C20: Tổng cộng | G20: =G21+G23 -> 19486800 | H20: =H21+H23 -> 97434000
B21: 1 | C21: Bảo trì định kỳ hàng tháng | D21: 1 | E21: 24 | F21: =Luong!D13 -> 512811 | G21: =ROUND(E21*F21,-2) -> 12307500 | H21: =G21*5 -> 61537500
C22: - Kiểm tra, theo dõi hiện trạng hoạt động của phần mềm nội bộ. - Sao lưu cơ sở dữ liệu, mã nguồn định kỳ hàng tháng hoặc khi xảy ra sự cố, nâng cấp phần mềm. - Sửa lỗi phần mềm trong phạm vi các chức năng đã có của phần mềm; hỗ trợ cập nhật các bản nâng cấp, vá lỗi. - Kiểm tra tính toàn vẹn các cơ sở dữ liệu sau khi sao lưu. - Kiểm tra hiệu suất và khả năng chịu tải của phần mềm. - Thiết lập tối ưu hóa hệ cơ sở dữ liệu của phần mềm. - Hỗ trợ trong việc cài đặt phần mềm. - Kiểm tra và cập nhật các bản vá lỗi, bản vá lỗ hổng An toàn thông tin đối với hệ điều hành, hệ quản trị cơ sở dữ liệu, máy chủ web (Webserver), ... và các thành phần cấu thành nên hệ thống phần mềm. | I22: Theo báo giá
B23: 2 | C23: Xử lý sự cố, khắc phục lỗi phát sinh | G23: =SUM(G24:G26) -> 7179300 | H23: =SUM(H24:H26) -> 35896500
C24: Cấp độ 1: Dịch vụ gián đoạn hoàn toàn hoặc bị gián đoạn trong phần lớn thời gian hoặc/và các chức năng quan trọng, thiết yếu không hoạt động hoặc hoạt động không ổn định (dự đoán trung bình 06 tháng xảy ra 01 lần, 02 ngày công cho mỗi lần xử lý) | E24: 4 | F24: =Luong!D13 -> 512811 | G24: =ROUND(E24*F24,-2) -> 2051200 | H24: =G24*5 -> 10256000 | I24: Theo báo giá
C25: Cấp độ 2: Dịch vụ bị gián đoạn đôi lúc hoặc/và các chức năng quan trọng vẫn hoạt động ở mức chấp nhận được khi tiến hành các giải pháp tạm thời (dự đoán trung bình 03 tháng xảy ra 01 lần, 01 ngày công cho mỗi lần xử lý) | E25: 4 | F25: =Luong!D13 -> 512811 | G25: =ROUND(E25*F25,-2) -> 2051200 | H25: =G25*5 -> 10256000
C26: Cấp độ 3: Dịch vụ bị ảnh hưởng nhẹ, không ổn định trong thời gian ngắn. Các chức năng quan trọng hoạt động bình thường mà không cần tiến hành các giải pháp tạm thời (dự đoán trung bình 01 tháng xảy ra 01 lần, 1/2 ngày công cho mỗi lần xử lý) | E26: 6 | F26: =Luong!D13 -> 512811 | G26: =ROUND(E26*F26,-2) -> 3076900 | H26: =G26*5 -> 15384500

Sheet 2.4.Khac
A1: Chi phí khác (ck)
A2: Phụ lục 02 ban hành kèm theo Công văn số 3127/BTTTT-CĐSQG
G3: Đơn vị tính: Đồng
A4: STT | B4: Nội dung chi phí | C4: ĐVT | D4: Số lượng | E4: Đơn giá | F4: Thành tiền | G4: Ghi chú
A5: I | B5: Chi khác (Gk) | F5: =F6 -> 8370000
A6: 1 | B6: Đào tạo cho cán bộ quản trị hệ thống | D6: 1 | F6: =SUM(F10:F13) -> 8370000
B7: Số lượng học viên | C7: Người | D7: 3
B8: Thời gian đào tạo 1 lớp | C8: Ngày | D8: 2
B9: Số lượng giảng viên | C9: Người | D9: 1
B10: Chi thù lao giảng viên | C10: Người x ngày | D10: 2 | E10: 4000000 | F10: =D10*E10 -> 8000000 | G10: TT 36/2018/TTBTC
B11: Chi phí nước uống cho học viên và giảng viên | C11: Người x ngày | D11: 4 | E11: 40000 | F11: =D11*E11 -> 160000
B12: Chi phí in tài liệu cho học viên | C12: Quyển | D12: 3 | E12: 50000 | F12: =D12*E12 -> 150000
B13: Chi văn phòng phẩm | C13: Bộ | D13: 3 | E13: 20000 | F13: =D13*E13 -> 60000

Sheet PM_LGSP.VIII
A2: Bảng tính toán chi phí trực tiếp xây dựng phần mềm | F2: Chi phí phần mềm nội bộ
A3: Phụ lục VIII ban hành kèm theo Quyết định số 671/QĐ-BTTTT | F3: Phụ lục 03 ban hành kèm theo Thông tư số 18/2024/TT-BTTTT
C4: Đơn vị tính: Đồng | I4: Đơn vị tính: Đồng
A5: TT | B5: Hạng mục | C5: Diễn giải | D5: Giá trị | F5: TT | G5: Khoản mục chi phí | H5: Cách tính | I5: Giá trị | J5: Ký hiệu
A6: I | B6: Tính điểm trường hợp sử dụng (Use-case) | F6: 1 | G6: Giá trị phần mềm | H6: 1,4 x E x P x H | I6: =D16 -> 4004148000 | J6: G
A7: 1 | B7: Điểm Actor (TAW) | C7: TAW | D7: =Actors.I.IV!G8 -> 8 | F7: 2 | G7: Chi phí chung | H7: G x 65% | I7: =ROUND(I6*0.65,-3) -> 2602696000 | J7: C
A8: 2 | B8: Điểm Use-case (TBF) | C8: TBF | D8: =TH.UC.V!G18 -> 1673 | F8: 3 | G8: Thu nhập chịu thuế tính trước | H8: (G+C) x 06% | I8: =ROUND((I6+I7)*0.06,-3) -> 396411000 | J8: TL
A9: 3 | B9: Tính điểm UUCP | C9: UUCP = TAW +TBF | D9: =SUM(D7:D8) -> 1681 | F9: 4 | G9: Chi phí phần mềm | H9: G + C + TL | I9: =ROUND(SUM(I6:I8),-6) -> 7003000000 | J9: Gpm
A10: 4 | B10: Hệ số phức tạp về KT-CN (TCF) | C10: TCF = 0,6 + (0,01 x TFW) | D10: ='TCF-3.7.EF.VI.VII'!E19 -> 1.06 | G10: TỔNG CỘNG | H10: Gpm (làm tròn) | I10: =I9 -> 7003000000
A11: 5 | B11: Hệ số phức tạp về môi trường (EF) | C11: EF = 1,4 + (-0,03 x EFW) | D11: ='TCF-3.7.EF.VI.VII'!L14 -> 0.62
A12: 6 | B12: Tính điểm AUCP | C12: AUCP = UUCP x TCF x EF | D12: =ROUND(D9*D10*D11,2) -> 1104.75
A13: II | B13: Nội suy thời gian lao động (P) | C13: P : người/giờ/AUCP | D13: ='TCF-3.7.EF.VI.VII'!M16 -> 22.727273
A14: III | B14: Giá trị nỗ lực thực tế (E) | C14: E = 10/6 x AUCP | D14: =ROUND(10/6*D12,2) -> 1841.25 | I14: 7000000000
A15: IV | B15: Mức lương lao động bình quân (H) | C15: H: người/giờ | D15: =Luong!E15 -> 68347.406
A16: V | B16: Giá trị phần mềm nội bộ (G) | C16: G = 1,4 x E x P x H | D16: =ROUND(ROUND(1.4*D14*D13*D15,0),-3) -> 4004148000

Sheet Actors.I.IV
A2: Bảng tính toán điểm các tác nhân (actors) tương tác, trao đổi thông tin với phần mềm
A3: Phụ lục IV ban hành kèm theo Quyết định số 671/QĐ-BTTTT
B4: TT | C4: Loại Actor | D4: Mô tả | E4: Trọng số | F4: Số tác nhân | G4: Điểm của từng loại tác nhân
B5: 1 | C5: Đơn giản | D5: Giao diện lập trình ứng dụng (API) | E5: 1 | F5: 5 | G5: =E5*F5 -> 5
B6: 2 | C6: Trung bình | D6: Giao diện dòng lệnh (CLI) hoặc giao diện thông qua một giao thức nào đó nhưng không phải giao diện lập trình ứng dụng (API) | E6: 2 | F6: 0 | G6: =E6*F6 -> 0
B7: 3 | C7: Phức tạp | D7: Giao diện đồ họa người dùng (GUI) | E7: 3 | F7: 1 | G7: =E7*F7 -> 3
C8: Cộng (1+2+3) | D8: TAW | G8: =SUM(G5:G7) -> 8
B10: Bảng danh sách các tác nhân tham gia vào hệ thống (actors)
B11: Phụ lục I ban hành kèm theo Quyết định số 671/QĐ-BTTTT
B13: STT | C13: Tên tác nhân | D13: Mô tả tác nhân | E13: Phân loại tác nhân | F13: Ghi chú
B14: 1 | C14: Quản trị hệ thống | D14: Giao diện đồ họa người dùng (GUI) | E14: Phức tạp
B15: 2 | C15: HTTT&CSDL chuyên ngành | D15: Giao diện lập trình ứng dụng (API) | E15: Đơn giản
B16: 3 | C16: CSDL dùng chung | D16: Giao diện lập trình ứng dụng (API) | E16: Đơn giản
B17: 4 | C17: CSDL Tổng hợp, phân tích | D17: Giao diện lập trình ứng dụng (API) | E17: Đơn giản
B18: 5 | C18: NDOP | D18: Giao diện lập trình ứng dụng (API) | E18: Đơn giản
B19: 6 | C19: NDXP | D19: Giao diện lập trình ứng dụng (API) | E19: Đơn giản
D22: HTTT&CSDL chuyên ngành | E22: (nhận dữ liệu)
D23: HTTT&CSDL chuyên ngành | E23: (gửi dữ liệu)
D24: NDOP, NDXP | E24: (gửi dữ liệu)
D25: NDOP, NDXP | E25: (nhận dữ liệu)
D26: CSDL Dùng chung | E26: (gửi dữ liệu)
D27: CSDL Dùng chung | E27: (nhận dữ liệu)
D28: CSDL Tổng hợp, phân tích
D29: LGSP

Sheet Funtion.II_15.11
B2: Bảng danh sách các yêu cầu chức năng của phần mềm
B3: Phụ lục II ban hành kèm theo Quyết định số 671/QĐ-BTTTT
B4: STT | C4: Mô tả yêu cầu | E4: Phân loại | F4: Ghi chú
B5: I | C5: Quản trị người dùng, danh tính số
B6: =IF(E6="","",SUBTOTAL(3,$E$6:E6)) -> 1 | C6: Quản lý tài khoản người dùng | E6: Dữ liệu đầu vào
B7: =IF(E7="","",SUBTOTAL(3,$E$6:E7)) -> 2 | C7: Phân quyền người dùng theo vai trò | E7: Dữ liệu đầu vào
B8: =IF(E8="","",SUBTOTAL(3,$E$6:E8)) -> 3 | C8: Quản lý nhóm người dùng | E8: Dữ liệu đầu vào
B9: =IF(E9="","",SUBTOTAL(3,$E$6:E9)) -> 4 | C9: Quản lý vai trò hệ thống | E9: Dữ liệu đầu vào
B10: =IF(E10="","",SUBTOTAL(3,$E$6:E10)) -> 5 | C10: Đăng nhập/đăng xuất (SSO) | E10: Dữ liệu đầu vào
B11: =IF(E11="","",SUBTOTAL(3,$E$6:E11)) -> 6 | C11: Quản lý phiên làm việc | E11: Dữ liệu đầu vào
B12: II | C12: Quản lý hệ thống & cấu hình động
B13: =IF(E13="","",SUBTOTAL(3,$E$6:E13)) -> 7 | C13: Cấu hình tham số hệ thống động | D13: Khi admin thay đổi cấu hình → các microservice nhận bản cập nhật ngay lập tức. Không cần build code, không restart. | E13: Dữ liệu đầu vào
C14: Quản lý phiên bản cấu hình | D14: Mọi thay đổi được lưu lại, có thể rollback cấu hình cũ
B15: =IF(E15="","",SUBTOTAL(3,$E$6:E15)) -> 8 | C15: Quản lý nhật ký hệ thống, nhật ký bảo mật, nhật ký API | E15: Dữ liệu đầu vào
C16: Quản trị tài nguyên hệ thống | D16: Quản trị tài nguyên: CPU, RAM, Storage, Queue, API Gateway
B17: =IF(E17="","",SUBTOTAL(3,$E$6:E17)) -> 9 | C17: Giám sát trạng thái hệ thống | D17: Tạo phân hệ giám sát riêng | E17: Dữ liệu đầu vào
B18: =IF(E18="","",SUBTOTAL(3,$E$6:E18)) -> 10 | C18: Giám sát hoạt động các dịch vụ | E18: Dữ liệu đầu vào
B19: =IF(E19="","",SUBTOTAL(3,$E$6:E19)) -> 11 | C19: Thiết lập cảnh báo sự cố | E19: Dữ liệu đầu vào
C20: Quản lý phần mềm, đơn vị tích hợp
B21: =IF(E21="","",SUBTOTAL(3,$E$6:E21)) -> 12 | C21: Danh mục mã định danh phần mềm tích hợp | E21: Dữ liệu đầu vào
B22: =IF(E22="","",SUBTOTAL(3,$E$6:E22)) -> 13 | C22: Danh mục mã định danh đơn vị tích hợp | E22: Dữ liệu đầu vào
C23: thay tên mới:
C24: Quản lý đơn vị tích hợp | D24: Tên đơn vị, mã định danh, địa chỉ. Người phụ trách kỹ thuật. Thông tin liên hệ (email, số điện thoại). Trạng thái hoạt động: đang hoạt động / tạm dừng / thu hồi.
C25: Quản lý phần mềm tích hợp | D25: Thông tin phần mềm Mục đích tích hợp. Hình thức kết nối (REST/SOAP/File/Batch).
C26: Đăng ký API được phép sử dụng | D26: Liệt kê danh sách API mà phần mềm được sử dụng. Phân quyền theo loại dữ liệu.
C27: Giám sát sử dụng dịch vụ | D27: Danh sách các dịch vụ sử dụng, tần xuất sử dụng, Lịch sử thành công / lỗi.
C28: Nhật ký truy vết | D28: Theo dõi mọi thay đổi thông tin đăng ký phần mềm, đơn vị tích hợp
C30: Quản lý API, Cổng API
B31: =IF(E31="","",SUBTOTAL(3,$E$6:E31)) -> 14 | C31: Danh mục loại dữ liệu | E31: Dữ liệu đầu vào
B32: =IF(E32="","",SUBTOTAL(3,$E$6:E32)) -> 15 | C32: Danh mục lược đồ XML dữ liệu | D32: XML/JSON Schema Governance | E32: Dữ liệu đầu vào
B33: =IF(E33="","",SUBTOTAL(3,$E$6:E33)) -> 16 | C33: Danh mục dịch vụ chia sẻ | E33: Dữ liệu đầu vào
B34: =IF(E34="","",SUBTOTAL(3,$E$6:E34)) -> 17 | C34: Danh mục API chia sẻ | E34: Dữ liệu đầu vào
C35: Danh mục phân loại API | D35: Gắn nhãn, phân loại API theo nhóm dịch vụ.
C36: Đăng ký thông tin API | D36: Đăng ký thông tin API: URL, phương thức, giao thức. Hỗ trợ đa giao thức kết nối: REST/JSON; SOAP/XML; File/batch (CSV, XML, JSON); Upload/download file (SFTP/FTPS nếu cần). Mô tả API: input, output, tham số, schema.
C37: Quản lý vòng đời API | D37: Tạo mới – Cập nhật – Ngưng hoạt động Phiên bản API (API Versioning).
C38: Ghép chuỗi xử lý nhiều API (workflow).
C39: Quản lý lỗi & phản hồi API | D39: Chuẩn hóa mã lỗi, Ghi log lỗi cơ bản, Response chuẩn
B40: II | C40: Tích hợp dữ liệu
C41: Tích hợp dữ liệu theo thời gian thực
B42: =IF(E42="","",SUBTOTAL(3,$E$6:E42)) -> 18 | C42: Thiết lập kết nối dữ liệu thời gian thực | E42: Dữ liệu đầu vào
B43: =IF(E43="","",SUBTOTAL(3,$E$6:E43)) -> 19 | C43: Kiểm tra trạng thái kết nối dữ liệu | E43: Dữ liệu đầu vào
B44: =IF(E44="","",SUBTOTAL(3,$E$6:E44)) -> 20 | C44: Thu thập dữ liệu từ cơ quan chủ quản | E44: Dữ liệu đầu vào
B45: =IF(E45="","",SUBTOTAL(3,$E$6:E45)) -> 21 | C45: Xác thực dữ liệu nguồn | E45: Dữ liệu đầu vào
C46: Xử lý dữ liệu | D46: Đảm bảo dữ liệu tích hợp thời gian thực được xếp hàng (queue), truyền liên tục (streaming), không bị mất khi hệ thống đích tạm dừng hoặc quá tải.
B47: =IF(E47="","",SUBTOTAL(3,$E$6:E47)) -> 22 | C47: Tích hợp dữ liệu vào CSDL tổng hợp | E47: Dữ liệu đầu vào
B48: =IF(E48="","",SUBTOTAL(3,$E$6:E48)) -> 23 | C48: Ghi nhật ký quá trình tích hợp | E48: Dữ liệu đầu vào
B49: =IF(E49="","",SUBTOTAL(3,$E$6:E49)) -> 24 | C49: Cảnh báo khi tích hợp thất bại | E49: Dữ liệu đầu vào
C50: Tích hợp dữ liệu định kỳ
B51: =IF(E51="","",SUBTOTAL(3,$E$6:E51)) -> 25 | C51: Thiết lập lịch trình tích hợp định kỳ | E51: Dữ liệu đầu vào
B52: =IF(E52="","",SUBTOTAL(3,$E$6:E52)) -> 26 | C52: Thu thập dữ liệu theo lịch định kỳ | E52: Dữ liệu đầu vào
B53: =IF(E53="","",SUBTOTAL(3,$E$6:E53)) -> 27 | C53: Tích hợp dữ liệu vào CSDL tổng hợp | E53: Dữ liệu đầu vào
B54: =IF(E54="","",SUBTOTAL(3,$E$6:E54)) -> 28 | C54: Xác nhận kết quả tích hợp thành công | E54: Dữ liệu đầu ra
B55: =IF(E55="","",SUBTOTAL(3,$E$6:E55)) -> 29 | C55: Thông báo lỗi tích hợp dữ liệu định kỳ | E55: Dữ liệu đầu ra
B56: =IF(E56="","",SUBTOTAL(3,$E$6:E56)) -> 30 | C56: Báo cáo tình trạng tích hợp định kỳ | E56: Dữ liệu đầu ra
B57: III | C57: Phân phối dữ liệu
C58: Phân phối dữ liệu theo yêu cầu
B59: =IF(E59="","",SUBTOTAL(3,$E$6:E59)) -> 31 | C59: Nhận yêu cầu phân phối dữ liệu | E59: Dữ liệu đầu vào
B60: =IF(E60="","",SUBTOTAL(3,$E$6:E60)) -> 32 | C60: Xác thực quyền truy cập dữ liệu | E60: Dữ liệu đầu vào
B61: =IF(E61="","",SUBTOTAL(3,$E$6:E61)) -> 33 | C61: Kiểm tra sẵn sàng dữ liệu phân phối | E61: Dữ liệu đầu vào
B62: =IF(E62="","",SUBTOTAL(3,$E$6:E62)) -> 34 | C62: Lấy dữ liệu từ CSDL | E62: Dữ liệu đầu vào
B63: =IF(E63="","",SUBTOTAL(3,$E$6:E63)) -> 35 | C63: Gửi dữ liệu tới hệ thống sử dụng dữ liệu yêu cầu | E63: Dữ liệu đầu vào
B64: =IF(E64="","",SUBTOTAL(3,$E$6:E64)) -> 36 | C64: Ghi nhật ký phân phối theo yêu cầu | E64: Dữ liệu đầu vào
B65: =IF(E65="","",SUBTOTAL(3,$E$6:E65)) -> 37 | C65: Xác nhận từ Hệ thống sử dụng dữ liệu | E65: Dữ liệu đầu vào
B66: =IF(E66="","",SUBTOTAL(3,$E$6:E66)) -> 38 | C66: Thông báo lỗi khi phân phối thất bại | E66: Dữ liệu đầu ra
B67: =IF(E67="","",SUBTOTAL(3,$E$6:E67)) -> 39 | C67: Báo cáo thống kê yêu cầu phân phối | E67: Dữ liệu đầu ra
C68: Phân phối dữ liệu chủ động
B69: =IF(E69="","",SUBTOTAL(3,$E$6:E69)) -> 40 | C69: Giám sát dữ liệu phân phối mới phát sinh | E69: Dữ liệu đầu ra
B70: =IF(E70="","",SUBTOTAL(3,$E$6:E70)) -> 41 | C70: Phân phối dữ liệu mới | E70: Dữ liệu đầu vào
B71: =IF(E71="","",SUBTOTAL(3,$E$6:E71)) -> 42 | C71: Kiểm tra quyền truy cập dữ liệu | E71: Dữ liệu đầu vào
B72: =IF(E72="","",SUBTOTAL(3,$E$6:E72)) -> 43 | C72: Nhật ký phân phối chủ động | E72: Dữ liệu đầu ra
B73: =IF(E73="","",SUBTOTAL(3,$E$6:E73)) -> 44 | C73: Thông báo phân phối dữ liệu mới | E73: Dữ liệu đầu ra
B74: =IF(E74="","",SUBTOTAL(3,$E$6:E74)) -> 45 | C74: Cảnh báo khi phân phối thất bại | E74: Dữ liệu đầu ra
B75: =IF(E75="","",SUBTOTAL(3,$E$6:E75)) -> 46 | C75: Lưu trữ bản sao dữ liệu phân phối | E75: Dữ liệu đầu ra
B76: =IF(E76="","",SUBTOTAL(3,$E$6:E76)) -> 47 | C76: Báo cáo tình trạng phân phối chủ động | E76: Dữ liệu đầu ra
B77: IV | C77: Chia sẻ dữ liệu
B78: =IF(E78="","",SUBTOTAL(3,$E$6:E78)) -> 48 | C78: Xác thực cơ quan tham gia chia sẻ | E78: Dữ liệu đầu vào
B79: =IF(E79="","",SUBTOTAL(3,$E$6:E79)) -> 49 | C79: Xác thực người dùng | E79: Dữ liệu đầu vào
B80: =IF(E80="","",SUBTOTAL(3,$E$6:E80)) -> 50 | C80: Quản lý danh sách hệ thống được phép chia sẻ | E80: Dữ liệu đầu vào
B81: =IF(E81="","",SUBTOTAL(3,$E$6:E81)) -> 51 | C81: Đăng ký dữ liệu chia sẻ | E81: Dữ liệu đầu vào
B82: =IF(E82="","",SUBTOTAL(3,$E$6:E82)) -> 52 | C82: Xác nhận thông tin dữ liệu chia sẻ | E82: Dữ liệu đầu vào
B83: =IF(E83="","",SUBTOTAL(3,$E$6:E83)) -> 53 | C83: Quản lý phiên bản dữ liệu chia sẻ | E83: Dữ liệu đầu vào
B84: =IF(E84="","",SUBTOTAL(3,$E$6:E84)) -> 54 | C84: Đăng ký dịch vụ chia sẻ dữ liệu | E84: Dữ liệu đầu vào
B85: =IF(E85="","",SUBTOTAL(3,$E$6:E85)) -> 55 | C85: Quản lý lịch sử dịch vụ chia sẻ | E85: Dữ liệu đầu vào
B86: =IF(E86="","",SUBTOTAL(3,$E$6:E86)) | C86: Chia sẻ dữ liệu theo yêu cầu
B87: =IF(E87="","",SUBTOTAL(3,$E$6:E87)) -> 56 | C87: Nhận yêu cầu chia sẻ | E87: Dữ liệu đầu vào
B88: =IF(E88="","",SUBTOTAL(3,$E$6:E88)) -> 57 | C88: Xác thực quyền truy cập | E88: Dữ liệu đầu vào
B89: =IF(E89="","",SUBTOTAL(3,$E$6:E89)) -> 58 | C89: Chia sẻ dữ liệu theo yêu cầu | E89: Dữ liệu đầu vào
B90: =IF(E90="","",SUBTOTAL(3,$E$6:E90)) -> 59 | C90: Ghi nhật ký chia sẻ theo yêu cầu | E90: Dữ liệu đầu ra
B91: =IF(E91="","",SUBTOTAL(3,$E$6:E91)) -> 60 | C91: Xác nhận cơ quan sử dụng (nhận) dữ liệu | E91: Dữ liệu đầu ra
B92: =IF(E92="","",SUBTOTAL(3,$E$6:E92)) -> 61 | C92: Thông báo lỗi chia sẻ | E92: Dữ liệu đầu ra
B93: =IF(E93="","",SUBTOTAL(3,$E$6:E93)) -> 62 | C93: Báo cáo tình trạng chia sẻ theo yêu cầu | E93: Dữ liệu đầu ra
B94: =IF(E94="","",SUBTOTAL(3,$E$6:E94)) | C94: Chia sẻ dữ liệu chủ động
B95: =IF(E95="","",SUBTOTAL(3,$E$6:E95)) -> 63 | C95: Giám sát dữ liệu chia sẻ mới phát sinh | E95: Dữ liệu đầu ra
B96: =IF(E96="","",SUBTOTAL(3,$E$6:E96)) -> 64 | C96: Chia sẻ dữ liệu mới | E96: Dữ liệu đầu ra
B97: =IF(E97="","",SUBTOTAL(3,$E$6:E97)) -> 65 | C97: Kiểm tra quyền truy cập dữ liệu của bên nhận | E97: Dữ liệu đầu ra
B98: =IF(E98="","",SUBTOTAL(3,$E$6:E98)) -> 66 | C98: Nhật ký chia sẻ chủ động | E98: Dữ liệu đầu ra
B99: =IF(E99="","",SUBTOTAL(3,$E$6:E99)) -> 67 | C99: Thông báo cơ quan nhận dữ liệu | E99: Dữ liệu đầu ra
B100: =IF(E100="","",SUBTOTAL(3,$E$6:E100)) -> 68 | C100: Cảnh báo chia sẻ thất bại | E100: Dữ liệu đầu vào
B101: =IF(E101="","",SUBTOTAL(3,$E$6:E101)) -> 69 | C101: Báo cáo tình trạng chia sẻ chủ động | E101: Dữ liệu đầu ra
C102: THEO DÕI, GIÁM SÁT
...

Sheet Funtion.II
B2: Bảng danh sách các yêu cầu chức năng của phần mềm
B3: Phụ lục II ban hành kèm theo Quyết định số 671/QĐ-BTTTT
B4: STT | C4: Mô tả yêu cầu | D4: Phân loại | E4: Phân loại | F4: Ghi chú
B5: I | C5: Quản lý kết nối, định tuyến, xử lý và chuyển đổi
B6: 1 | C6: Quản lý các dịch vụ trung gian (Proxy services) | D6: Dữ liệu đầu vào | E6: Trung bình
B7: 2 | C7: Tạo mới các dịch vụ trung gian (proxy services) | D7: Dữ liệu đầu vào | E7: Trung bình
B8: 3 | C8: Thiết lập dịch vụ Pass Through Proxy (dữ liệu vào của dịch vụ trung gian) | D8: Dữ liệu đầu vào | E8: Trung bình
B9: 4 | C9: Thiết lập dịch vụ Transformer Proxy | D9: Dữ liệu đầu vào | E9: Trung bình
B10: 5 | C10: Thiết lập dịch vụ Secure Proxy | D10: Dữ liệu đầu vào | E10: Trung bình
B11: 6 | C11: Thiết lập dịch vụ Logging Proxy | D11: Dữ liệu đầu vào | E11: Trung bình
B12: 7 | C12: Thiết lập dịch vụ WSDL Based Proxy | D12: Dữ liệu đầu vào | E12: Trung bình
B13: 8 | C13: Thiết lập dịch vụ Custom proxy | D13: Dữ liệu đầu vào | E13: Trung bình
B14: 9 | C14: Xem chi tiết thông tin dịch vụ trung gian | D14: Dữ liệu đầu ra | E14: Trung bình
B15: 10 | C15: Quản lý chuỗi xử lý dữ liệu (Sequences) | D15: Dữ liệu đầu vào | E15: Trung bình
B16: 11 | C16: Thiết lập chuỗi xử lý dữ liệu (Sequences) | D16: Dữ liệu đầu vào | E16: Trung bình
B17: 12 | C17: Quản lý các điểm truy cập cuối(endpoint) | D17: Dữ liệu đầu vào | E17: Trung bình
... B25: 20 | C25: Quản lý các Modules | D25: Dữ liệu đầu vào | E25: Trung bình
B26: II | C26: Quản lý thông tin đăng ký sử dụng dữ liệu
B27: II.1 | C27: Đăng ký tích hợp dữ liệu
B28: 21 | C28: Quản lý đăng ký tích hợp dữ liệu | D28: Dữ liệu đầu vào | E28: Trung bình
B29: 22 | C29: Danh sách phần mềm đăng ký tích hợp dữ liệu | D29: Dữ liệu đầu ra | E29: Trung bình
B30: 23 | C30: Danh sách dữ liệu đăng ký tích hợp | D30: Dữ liệu đầu ra | E30: Trung bình
B31: 24 | C31: Danh sách API đăng ký tích hợp | D31: Dữ liệu đầu ra | E31: Trung bình
B32: II.2 | C32: Đăng ký phân phối dữ liệu
B33: 25 | C33: Quản lý đăng ký phân phối dữ liệu | D33: Dữ liệu đầu vào | E33: Trung bình
B34: 26 | C34: Danh sách phần mềm đăng ký phân phối dữ liệu | D34: Dữ liệu đầu ra | E34: Trung bình
B35: 27 | C35: Danh sách dữ liệu đăng ký phân phối | D35: Dữ liệu đầu ra | E35: Trung bình
B36: 28 | C36: Danh sách API đăng ký phân phối | D36: Dữ liệu đầu ra | E36: Trung bình
B37: II.3 | C37: Đăng ký chia sẻ dữ liệu
B38: 29 | C38: Quản lý đăng ký chia sẻ dữ liệu | D38: Dữ liệu đầu vào | E38: Trung bình
B39: 30 | C39: Danh sách phần mềm đăng ký chia sẻ dữ liệu | D39: Dữ liệu đầu ra | E39: Trung bình
B40: 31 | C40: Danh sách dữ liệu đăng ký chia sẻ | D40: Dữ liệu đầu ra | E40: Trung bình
B41: 32 | C41: Danh sách API đăng ký chia sẻ | D41: Dữ liệu đầu ra | E41: Trung bình
B42: IV | C42: QUẢN LÝ TÍCH HỢP DỮ LIỆU
B43: IV.1 | C43: Tích hợp dữ liệu thời gian thực
B44: 33 | C44: Danh sách dịch vụ cung cấp dữ liệu tích hợp thời gian thực | D44: Dữ liệu đầu ra | E44: Trung bình
B45: 34 | C45: Bật/tắt dịch vụ sử dụng thời gian thực | D45: Dữ liệu đầu vào | E45: Trung bình
B46: 35 | C46: Danh sách dịch vụ đang sử dụng theo thời gian thực | D46: Dữ liệu đầu ra | E46: Trung bình
B47: 36 | C47: Danh sách các hệ thống đang sử dụng dịch vụ theo thời gian thực | D47: Dữ liệu đầu ra | E47: Trung bình
B48: 37 | C48: Danh sách các gói tin theo thời gian thực | D48: Dữ liệu đầu ra | E48: Trung bình
B49: 38 | C49: Danh sách lỗi dịch vụ cung cấp dữ liệu thời gian thực | D49: Dữ liệu đầu ra | E49: Trung bình
B50: 39 | C50: Khai thác thông tin chi tiết lỗi dịch vụ cung cấp dữ liệu thời gian thực | D50: Dữ liệu đầu ra | E50: Đơn giản
B51: 40 | C51: Danh sách dữ liệu tích hợp trả về theo thời gian thực | D51: Dữ liệu đầu ra | E51: Trung bình
B52: 41 | C52: Khai thác thông tin chi tiết dữ liệu trả về theo thời gian thực | D52: Dữ liệu đầu ra | E52: Đơn giản
B53: 42 | C53: Danh sách dữ liệu chuyển tiếp theo thời gian thực | D53: Dữ liệu đầu ra | E53: Trung bình
B54: 43 | C54: Khai thác thông tin chi tiết dữ liệu chuyển tiếp theo thời gian thực | D54: Dữ liệu đầu ra | E54: Đơn giản
B55: 44 | C55: Danh sách gói tin phản hồi theo thời gian thực | D55: Dữ liệu đầu ra | E55: Trung bình
... B57: 46 | C57: Khai thác danh sách log tích hợp thời gian thực | D57: Dữ liệu đầu ra | E57: Trung bình
B58: IV.2 | C58: Tích hợp dữ liệu định kỳ
B59: 47 | C59: Danh sách dịch vụ cung cấp dữ liệu tích hợp định kỳ | D59: Dữ liệu đầu ra | E59: Trung bình
B60: 48 | C60: Bật/tắt dịch vụ sử dụng định kỳ | D60: Dữ liệu đầu vào | E60: Trung bình
B61: 49 | C61: Danh sách dịch vụ đang sử dụng theo định kỳ | D61: Dữ liệu đầu ra | E61: Trung bình
B62: 50 | C62: Danh sách các hệ thống đang sử dụng dịch vụ theo định kỳ | D62: Dữ liệu đầu ra | E62: Trung bình
B63: 51 | C63: Danh sách các gói tin theo định kỳ | D63: Dữ liệu đầu ra | E63: Trung bình
B64: 52 | C64: Danh sách lỗi dịch vụ cung cấp dữ liệu định kỳ | D64: Dữ liệu đầu ra | E64: Trung bình
B65: 53 | C65: Khai thác thông tin chi tiết lỗi dịch vụ cung cấp dữ liệu định kỳ | D65: Dữ liệu đầu ra | E65: Đơn giản
B66: 54 | C66: Danh sách dữ liệu tích hợp trả về theo định kỳ | D66: Dữ liệu đầu ra | E66: Trung bình
B67: 55 | C67: Khai thác thông tin chi tiết dữ liệu trả về theo định kỳ | D67: Dữ liệu đầu ra | E67: Đơn giản
B68: 56 | C68: Danh sách dữ liệu chuyển tiếp theo định kỳ | D68: Dữ liệu đầu ra | E68: Trung bình
B69: 57 | C69: Khai thác thông tin chi tiết dữ liệu chuyển tiếp theo định kỳ | D69: Dữ liệu đầu ra | E69: Đơn giản
B70: 58 | C70: Danh sách gói tin phản hồi theo định kỳ | D70: Dữ liệu đầu ra | E70: Trung bình
... B72: 60 | C72: Khai thác danh sách log tích hợp định kỳ | D72: Dữ liệu đầu ra | E72: Trung bình
B73: V | C73: QUẢN LÝ PHÂN PHỐI DỮ LIỆU
B74: V.1 | C74: Phân phối dữ liệu theo yêu cầu
B75: 61 | C75: Danh sách các hệ thống chia sẻ dữ liệu theo yêu cầu | D75: Dữ liệu đầu ra | E75: Trung bình
B76: 62 | C76: Danh sách các dịch vụ chia sẻ dữ liệu theo yêu cầu | D76: Dữ liệu đầu ra | E76: Trung bình
B77: 63 | C77: Tắt/bật các dịch vụ chia sẻ dữ liệu theo yêu cầu | D77: Dữ liệu đầu vào | E77: Trung bình
B78: 64 | C78: Danh sách các hệ thống sử dụng dịch vụ chia sẻ dữ liệu theo yêu cầu | D78: Dữ liệu đầu ra | E78: Trung bình
B79: 65 | C79: Danh sách các hệ thống đang sử dụng dịch vụ chia sẻ dữ liệu theo yêu cầu | D79: Dữ liệu đầu ra | E79: Trung bình
B80: 66 | C80: Danh sách các gói tin yêu cầu sử dụng dịch vụ chia sẻ dữ liệu theo yêu cầu | D80: Dữ liệu đầu ra | E80: Trung bình
B81: 67 | C81: Xem thông tin chi tiết gói tin chia sẻ dữ liệu theo yêu cầu | D81: Dữ liệu đầu ra | E81: Đơn giản
B82: 68 | C82: Danh sách log yêu cầu sử dụng dịch vụ theo yêu cầu | D82: Dữ liệu đầu ra | E82: Trung bình
B83: 69 | C83: Danh sách lỗi quá trình sử dụng dịch vụ chia sẻ dữ liệu theo yêu cầu | D83: Dữ liệu đầu ra | E83: Trung bình
B84: 70 | C84: Xem chi tiết lỗi dịch vụ chia sẻ dữ liệu theo yêu cầu | D84: Dữ liệu đầu ra | E84: Đơn giản
B85: 71 | C85: Danh sách các gói tin đã gửi yêu cầu sử dụng dịch vụ | D85: Dữ liệu đầu ra | E85: Trung bình
B86: 72 | C86: Xem chi tiết gói tin | D86: Dữ liệu đầu ra | E86: Đơn giản
... B90: 76 | C90: Danh sách gói tin phản hồi trạng thái sau khi trả dữ liệu được yêu cầu | D90: Dữ liệu đầu ra | E90: Trung bình
B91: V.2 | C91: Phân phối dữ liệu định kỳ
B92: 77 | C92: Danh sách các hệ thống chia sẻ dữ liệu định kỳ | D92: Dữ liệu đầu ra | E92: Trung bình
B93: 78 | C93: Danh sách các dịch vụ chia sẻ dữ liệu định kỳ | D93: Dữ liệu đầu ra | E93: Trung bình
B94: 79 | C94: Tắt/bật các dịch vụ chia sẻ dữ liệu định kỳ | D94: Dữ liệu đầu vào | E94: Trung bình
B95: 80 | C95: Danh sách các hệ thống sử dụng dịch vụ chia sẻ dữ liệu định kỳ | D95: Dữ liệu đầu ra | E95: Trung bình
B96: 81 | C96: Danh sách các hệ thống đang sử dụng dịch vụ chia sẻ dữ liệu định kỳ | D96: Dữ liệu đầu ra | E96: Trung bình
B97: 82 | C97: Danh sách các gói tin yêu cầu sử dụng dịch vụ chia sẻ dữ liệu định kỳ | D97: Dữ liệu đầu ra | E97: Trung bình
B98: 83 | C98: Xem thông tin chi tiết gói tin chia sẻ dữ liệu định kỳ | D98: Dữ liệu đầu ra | E98: Đơn giản
B99: 84 | C99: Danh sách log yêu cầu sử dụng dịch vụ định kỳ | D99: Dữ liệu đầu ra | E99: Trung bình
B100: 85 | C100: Danh sách lỗi quá trình sử dụng dịch vụ chia sẻ dữ liệu định kỳ | D100: Dữ liệu đầu ra | E100: Trung bình
B101: 86 | C101: Xem chi tiết lỗi dịch vụ chia sẻ dữ liệu định kỳ | D101: Dữ liệu đầu ra | E101: Đơn giản
B102: 87 | C102: Danh sách các gói tin đã gửi yêu cầu sử dụng dịch vụ | D102: Dữ liệu đầu ra | E102: Trung bình
B103: 88 | C103: Xem chi tiết gói tin | D103: Dữ liệu đầu ra | E103: Đơn giản
... B107: 92 | C107: Danh sách gói tin phản hồi trạng thái sau khi trả dữ liệu được yêu cầu | D107: Dữ liệu đầu ra | E107: Trung bình
B108: VI | C108: QUẢN LÝ CHIA SẺ DỮ LIỆU
B109: VI.1 | C109: Chia sẻ dữ liệu theo yêu cầu
B110: 93 | C110: Danh sách các hệ thống chia sẻ dữ liệu theo yêu cầu | D110: Dữ liệu đầu ra | E110: Trung bình
B111: 94 | C111: Danh sách các dịch vụ chia sẻ dữ liệu theo yêu cầu | D111: Dữ liệu đầu ra | E111: Trung bình
B112: 95 | C112: Tắt/bật các dịch vụ chia sẻ dữ liệu theo yêu cầu | D112: Dữ liệu đầu vào | E112: Trung bình
B113: 96 | C113: Danh sách các hệ thống tham gia yêu cầu chia sẻ dữ liệu | D113: Dữ liệu đầu ra | E113: Trung bình
B114: 97 | C114: Danh sách các hệ thống đang yêu cầu chia sẻ dữ liệu | D114: Dữ liệu đầu ra | E114: Trung bình
B115: 98 | C115: Danh sách gói tin yêu cầu chia sẻ dữ liệu | D115: Dữ liệu đầu ra | E115: Trung bình
B116: 99 | C116: Danh sách log yêu cầu chia sẻ dữ liệu | D116: Dữ liệu đầu ra | E116: Trung bình
...

Sheet Funtion.II.V1
B2: Bảng danh sách các yêu cầu chức năng của phần mềm
B3: Phụ lục II ban hành kèm theo Quyết định số 671/QĐ-BTTTT
B4: STT | C4: Mô tả yêu cầu | D4: Phân loại | E4: Ghi chú
B5: A | C5: Bộ phần mềm nền tảng LGSP
B6: I | C6: Trục tích hợp
B7: I.1 | C7: Quản lý kết nối, định tuyến, xử lý và chuyển đổi
B8: 1 | C8: Quản lý các dịch vụ trung gian (Proxy services) | D8: Dữ liệu đầu vào
B9: 2 | C9: Tạo mới các dịch vụ trung gian (proxy services) | D9: Dữ liệu đầu ra
B10: 3 | C10: Thiết lập dịch vụ Pass Through Proxy (dữ liệu vào của dịch vụ trung gian) | D10: Dữ liệu đầu vào
B11: 4 | C11: Thiết lập dịch vụ Transformer Proxy | D11: Dữ liệu đầu vào
B12: 5 | C12: Thiết lập dịch vụ Secure Proxy | D12: Dữ liệu đầu vào
B13: 6 | C13: Thiết lập dịch vụ Logging Proxy | D13: Dữ liệu đầu vào
B14: 7 | C14: Thiết lập dịch vụ WSDL Based Proxy | D14: Dữ liệu đầu vào
B15: 8 | C15: Thiết lập dịch vụ Custom proxy | D15: Dữ liệu đầu vào
B16: 9 | C16: Xem chi tiết thông tin dịch vụ trung gian | D16: Dữ liệu đầu vào
B17: 10 | C17: Quản lý chuỗi xử lý dữ liệu (Sequences) | D17: Dữ liệu đầu vào
B18: 11 | C18: Thiết lập chuỗi xử lý dữ liệu (Sequences) | D18: Dữ liệu đầu vào
B19: 12 | C19: Quản lý các điểm truy cập cuối(endpoint) | D19: Dữ liệu đầu vào
... B27: 20 | C27: Tải lên modules | D27: Dữ liệu đầu vào
B28: I.2 | C28: Dịch vụ API
B29: 21 | C29: Quản lý các dịch vụ API | D29: Dữ liệu đầu vào
B30: 22 | C30: Tạo mới các dịch vụ API | D30: Dữ liệu đầu vào
B31: I.3 | C31: Quản trị cấu hình hệ thống
B32: 23 | C32: Quản lý cấu hình danh mục (menu) | D32: Dữ liệu đầu vào
B33: 24 | C33: Quản lý cấu hình hệ thống | D33: Dữ liệu đầu vào
B34: 25 | C34: Quản lý nguồn dữ liệu | D34: Dữ liệu đầu vào
B35: 26 | C35: Quản lý máy chủ nhận dữ liệu | D35: Dữ liệu đầu vào
B36: 27 | C36: Quản lý máy chủ xử lý dữ liệu | D36: Dữ liệu đầu ra
B37: 28 | C37: Quản lý máy chủ chia sẻ dữ liệu | D37: Dữ liệu đầu ra
B38: I.4 | C38: Giám sát dịch vụ
B39: 29 | C39: Tra cứu nhật ký ứng dụng | D39: Dữ liệu đầu ra
B40: 30 | C40: Tra cứu nhật ký hệ thống | D40: Dữ liệu đầu ra
B41: 31 | C41: Xem thống kê hệ thống | D41: Dữ liệu đầu ra
B42: 32 | C42: Xem luồng đi của tin nhắn | D42: Dữ liệu đầu ra
B43: II | C43: Quản lý bảo mật và xác thực tập trung
B44: II.1 | C44: Quản lý tài khoản, quản lý người dùng
B45: 33 | C45: Quản lý tài khoản | D45: Dữ liệu đầu ra
B46: 34 | C46: Quản lý sử dụng tài khoản | D46: Dữ liệu đầu ra
B47: 35 | C47: Thống kê số lượng truy cập | D47: Dữ liệu đầu ra
B48: 36 | C48: Quản lý người dùng | D48: Dữ liệu đầu ra
B49: 37 | C49: Quản lý vai trò người dùng | D49: Dữ liệu đầu ra
B50: II.2 | C50: Xác thực
B51: 38 | C51: Xác thực OTP qua email | D51: Dữ liệu đầu ra
B52: 39 | C52: Xác thực OTP qua số điện thoại | D52: Dữ liệu đầu ra
B53: 40 | C53: Thống kê yêu cầu xác thực | D53: Dữ liệu đầu ra
B54: II.3 | C54: Định danh
B55: 41 | C55: Định danh tài khoản (số điện thoại, số CCCD, mã số thuế) | D55: Dữ liệu đầu ra
B56: 42 | C56: Quản lý danh sách các đơn vị/hệ thống đăng ký sử dụng định danh | D56: Dữ liệu đầu vào
B57: 43 | C57: Thống kê yêu cầu định danh theo thời gian | D57: Dữ liệu đầu ra
B58: II.4 | C58: Quản lý sử dụng SSO
B59: 44 | C59: Quản lý danh sách các đơn vị/hệ thống đăng ký sử dụng SSO | D59: Dữ liệu đầu vào
B60: 45 | C60: Thống kê yêu cầu | D60: Dữ liệu đầu ra
B61: II.5 | C61: Quản trị ứng dụng truy cập tài nguyên API
B62: 46 | C62: Quản lý danh sách các API dịch vụ | D62: Dữ liệu đầu vào
B63: 47 | C63: Quản lý danh sách các ứng dụng sử dụng API | D63: Dữ liệu đầu vào
B64: 48 | C64: Quản lý các chủ đề (topic) | D64: Dữ liệu đầu vào
B65: 49 | C65: Giám sát lưu vết ứng dụng | D65: Dữ liệu đầu vào
B66: 50 | C66: Giám sát lưu vết hệ thống | D66: Dữ liệu đầu vào
B67: 51 | C67: Quản lý bảng phân tích số liệu | D67: Dữ liệu đầu vào
B68: 52 | C68: Quản lý gadGet ứng dụng | D68: Dữ liệu đầu vào
B69: 53 | C69: Theo dõi thông tin môi trường máy chủ | D69: Dữ liệu đầu vào
B70: 54 | C70: Quản lý cấu hình lưu vết (log) | D70: Dữ liệu đầu vào
B71: 55 | C71: Quản lý các dịch vụ SOAP | D71: Dữ liệu đầu ra
B72: 56 | C72: Quản lý các dịch vụ REST | D72: Dữ liệu đầu ra
B73: 57 | C73: Quản lý các WSDL | D73: Dữ liệu đầu ra
B74: II.6 | C74: Nền tảng quản lý giao diện lập trình ứng dụng
B75: 58 | C75: Quản lý danh sách API | D75: Dữ liệu đầu ra
B76: 59 | C76: Quản lý thông tin API | D76: Dữ liệu đầu ra
B77: 60 | C77: Giám sát, theo dõi và thống kê sử dụng API | D77: Dữ liệu đầu vào
B78: 61 | C78: Quản lý đăng ký sử dụng API | D78: Dữ liệu đầu vào
B79: B | C79: Bộ phần mềm vận hành LGSP
C80: Quản lý vận hành LGSP
B81: 62 | C81: Quản lý dịch vụ cung cấp | D81: Dữ liệu đầu vào
B82: 63 | C82: Quản trị ứng dụng (Các hệ thống thông tin khai thác) | D82: Dữ liệu đầu vào
B83: 64 | C83: Quản lý thiết lập cấu hình email/sms | D83: Dữ liệu đầu vào
B84: 65 | C84: Quản lý log | D84: Dữ liệu đầu vào
B85: 66 | C85: Quản lý phân quyền ứng dụng khai thác kho dữ liệu LGSP | D85: Dữ liệu đầu vào
B86: 67 | C86: Quản lý đơn vị có ứng dụng kết nối vào hệ thống | D86: Dữ liệu đầu vào
B87: 68 | C87: Quản lý chia sẻ dữ liệu | D87: Dữ liệu đầu vào
C88: Theo dõi vận hành LGSP
B89: 69 | C89: Theo dõi các thông số vận hành máy chủ | D89: Dữ liệu đầu vào
B90: 70 | C90: Theo dõi hoạt động của dịch vụ | D90: Dữ liệu đầu vào
B91: 71 | C91: Theo dõi hoạt động gửi nhận dữ liệu | D91: Dữ liệu đầu vào
B92: 72 | C92: Theo dõi trạng thái tích hợp theo phân loại dịch vụ | D92: Dữ liệu đầu vào
B93: 73 | C93: Theo dõi trạng thái tích hợp theo phân loại phần mềm tích hợp | D93: Dữ liệu đầu vào
B94: 74 | C94: Theo dõi thông tin dữ liệu gửi qua hệ thống | D94: Dữ liệu đầu vào
B95: 75 | C95: Theo dõi thông tin dữ liệu nhận qua hệ thống | D95: Dữ liệu đầu vào
B96: 76 | C96: Log theo dõi quá trình xử lý của hệ thống | D96: Dữ liệu đầu vào
B97: 77 | C97: Báo cáo theo loại dữ liệu | D97: Dữ liệu đầu vào
B98: 78 | C98: Báo cáo theo dịch vụ chia sẻ | D98: Dữ liệu đầu vào
B99: 79 | C99: Báo cáo các hoạt động của phần mềm tích hợp | D99: Dữ liệu đầu vào
B100: 80 | C100: Thống kê theo các loại dữ liệu tích hợp chia sẻ | D100: Dữ liệu đầu vào
B101: 81 | C101: Thống kê hoạt động theo phần mềm tích hợp | D101: Dữ liệu đầu vào
C102: Quản lý tài liệu, hướng dẫn, hỗ trợ
B103: 82 | C103: Gửi thông tin sự cố | D103: Dữ liệu đầu vào
B104: 83 | C104: Khai thác thông tin sự cố thường gặp | D104: Dữ liệu đầu vào
B105: 84 | C105: Khai thác thông tin thông báo từ trục tích hợp | D105: Dữ liệu đầu vào
B106: 85 | C106: Khai thác tài liệu chia sẻ | D106: Dữ liệu đầu vào
B107: 86 | C107: Quản lý yêu cầu cấp khóa bảo mật mới cho phần mềm | D107: Dữ liệu đầu vào
B108: 87 | C108: Cấp lại khóa bảo mật cho phần mềm tích hợp | D108: Dữ liệu đầu vào
...

Sheet UC.III.V1
A2: Bảng chuyển đổi yêu cầu chức năng sang trường hợp sử dụng (USE CASE) | I2: =PM_LGSP.VIII!I10 -> 7003000000
A3: Phụ lục III ban hành kèm theo Quyết định số 671/QĐ-BTTTT
A5: TT | B5: Tên Use-case | C5: Tên tác nhân | D5: Giao dịch (Transaction) | E5: Phân loại theo độ phức tạp | F5: Phân loại theo BMT | G5: Sử dụng
A6: I | B6: HỆ THỐNG QUẢN TRỊ
B7: Quản trị hệ thống
A8: =IF(C8="","",SUBTOTAL(3,$C$8:C8)) -> 1 | B8: Quản trị hệ thống | C8: Quản trị hệ thống | E8: =IF(G8<4,"Đơn giản",IF(G8<=7,"Trung bình","Phức tạp")) -> Phức tạp | F8: B | G8: =COUNTA(D9:D17) -> 9
A9: =IF(C9="","",SUBTOTAL(3,$C$8:C9)) | D9: Quản trị hệ thống có thể xem danh sách người dùng
A10: =IF(C10="","",SUBTOTAL(3,$C$8:C10)) | D10: Quản trị hệ thống có thể thêm mới người dùng
A11: =IF(C11="","",SUBTOTAL(3,$C$8:C11)) | D11: Quản trị hệ thống có thể sửa thông tin người dùng
A12: =IF(C12="","",SUBTOTAL(3,$C$8:C12)) | D12: Quản trị hệ thống có thể xóa người dùng
A13: =IF(C13="","",SUBTOTAL(3,$C$8:C13)) | D13: Quản trị hệ thống có thể lựa chọn xóa nhiều người dùng
A14: =IF(C14="","",SUBTOTAL(3,$C$8:C14)) | D14: Quản trị hệ thống có thể xem chi tiết người dùng
A15: =IF(C15="","",SUBTOTAL(3,$C$8:C15)) | D15: Quản trị hệ thống có thể tìm kiếm người dùng
A16: =IF(C16="","",SUBTOTAL(3,$C$8:C16)) | D16: Quản trị hệ thống có thể xem kết quả tìm kiếm
A17: =IF(C17="","",SUBTOTAL(3,$C$8:C17)) | D17: Quản trị hệ thống có thể xem phân trang người dùng nếu số lượng nhiều
A18: =IF(C18="","",SUBTOTAL(3,$C$8:C18)) -> 2 | B18: Quản trị vai trò, phân quyền người dùng | C18: Quản trị hệ thống | E18: =IF(G18<4,"Đơn giản",IF(G18<=7,"Trung bình","Phức tạp")) -> Phức tạp | F18: B | G18: =COUNTA(D19:D27) -> 9
A19: =IF(C19="","",SUBTOTAL(3,$C$8:C19)) | D19: Quản trị hệ thống có thể xem danh sách vai trò
A20: =IF(C20="","",SUBTOTAL(3,$C$8:C20)) | D20: Quản trị hệ thống có thể thêm mới vai trò
A21: =IF(C21="","",SUBTOTAL(3,$C$8:C21)) | D21: Quản trị hệ thống có thể sửa thông tin vai trò
A22: =IF(C22="","",SUBTOTAL(3,$C$8:C22)) | D22: Quản trị hệ thống có thể xóa vai trò
A23: =IF(C23="","",SUBTOTAL(3,$C$8:C23)) | D23: Quản trị hệ thống có thể xem chi tiết vai trò
A24: =IF(C24="","",SUBTOTAL(3,$C$8:C24)) | D24: Quản trị có thể tìm kiếm vai trò
A25: =IF(C25="","",SUBTOTAL(3,$C$8:C25)) | D25: Quản trị có thể xem kết quả tìm kiếm
A26: =IF(C26="","",SUBTOTAL(3,$C$8:C26)) | D26: Quản trị có thể gán vai trò cho người dùng
A27: =IF(C27="","",SUBTOTAL(3,$C$8:C27)) | D27: Quản trị có thể gán vai trò cho nhóm người dùng
A28: =IF(C28="","",SUBTOTAL(3,$C$8:C28)) -> 3 | B28: Quản lý nhóm người dùng | C28: Quản trị hệ thống | E28: =IF(G28<4,"Đơn giản",IF(G28<=7,"Trung bình","Phức tạp")) -> Phức tạp | F28: B | G28: =COUNTA(D29:D38) -> 10
A29: =IF(C29="","",SUBTOTAL(3,$C$8:C29)) | D29: Quản trị hệ thống có thể xem danh sách nhóm người dùng
A30: =IF(C30="","",SUBTOTAL(3,$C$8:C30)) | D30: Quản trị hệ thống có thể thêm mới nhóm người dùng
A31: =IF(C31="","",SUBTOTAL(3,$C$8:C31)) | D31: Quản trị hệ thống có thể sửa nhóm người dùng
A32: =IF(C32="","",SUBTOTAL(3,$C$8:C32)) | D32: Quản trị hệ thống có thể xóa nhóm người dùng
A33: =IF(C33="","",SUBTOTAL(3,$C$8:C33)) | D33: Quản trị hệ thống có thể lựa chọn xóa nhiều nhóm người dùng
A34: =IF(C34="","",SUBTOTAL(3,$C$8:C34)) | D34: Quản trị hệ thống có thể xem danh sách người dùng trong nhóm
A35: =IF(C35="","",SUBTOTAL(3,$C$8:C35)) | D35: Quản trị hệ thống có thể gán quyền cho nhóm
A36: =IF(C36="","",SUBTOTAL(3,$C$8:C36)) | D36: Quản trị hệ thống có thể tìm kiếm nhóm người dùng
A37: =IF(C37="","",SUBTOTAL(3,$C$8:C37)) | D37: Quản trị hệ thống có thể xem kết quả tìm kiếm
A38: =IF(C38="","",SUBTOTAL(3,$C$8:C38)) | D38: Quản trị hệ thống có thể xem phân trang nhóm người dùng nếu số lượng nhiều
A39: =IF(C39="","",SUBTOTAL(3,$C$8:C39)) -> 4 | B39: Quản trị tham số hệ thống | C39: Quản trị hệ thống | E39: =IF(G39<4,"Đơn giản",IF(G39<=7,"Trung bình","Phức tạp")) -> Trung bình | F39: B | G39: =COUNTA(D40:D43) -> 4
A40: =IF(C40="","",SUBTOTAL(3,$C$8:C40)) | D40: Quản trị hệ thống có thể xem danh sách tham số hệ thống
A41: =IF(C41="","",SUBTOTAL(3,$C$8:C41)) | D41: Quản trị hệ thống có thể thêm mới tham số hệ thống
A42: =IF(C42="","",SUBTOTAL(3,$C$8:C42)) | D42: Quản trị hệ thống có thể sửa thông tin tham số hệ thống
A43: =IF(C43="","",SUBTOTAL(3,$C$8:C43)) | D43: Quản trị hệ thống có thể xóa tham số hệ thống
A44: =IF(C44="","",SUBTOTAL(3,$C$8:C44)) -> 5 | B44: Theo dõi nhật ký hệ thống | C44: Quản trị hệ thống | E44: =IF(G44<4,"Đơn giản",IF(G44<=7,"Trung bình","Phức tạp")) -> Phức tạp | F44: B | G44: 9
A45: =IF(C45="","",SUBTOTAL(3,$C$8:C45)) | D45: Quản trị hệ thống có thể xem danh sách nhật ký hệ thống
A46: =IF(C46="","",SUBTOTAL(3,$C$8:C46)) | D46: Quản trị hệ thống có thể xem chi tiết nhật ký hệ thống
A47: =IF(C47="","",SUBTOTAL(3,$C$8:C47)) | D47: Quản trị hệ thống có thể xóa nhật ký hệ thống
A48: =IF(C48="","",SUBTOTAL(3,$C$8:C48)) | D48: Quản trị hệ thống có thể lựa chọn xóa nhiều nhật ký
A49: =IF(C49="","",SUBTOTAL(3,$C$8:C49)) | D49: Quản trị hệ thống có thể xem nhật ký theo tháng
A50: =IF(C50="","",SUBTOTAL(3,$C$8:C50)) | D50: Quản trị hệ thống có thể xem nhật ký theo năm
A51: =IF(C51="","",SUBTOTAL(3,$C$8:C51)) | D51: Quản trị hệ thống có thể xem nhật ký theo tuần qua
A52: =IF(C52="","",SUBTOTAL(3,$C$8:C52)) | D52: Quản trị hệ thống có thể tìm kiếm nhật ký theo Quản trị hệ thống
A53: =IF(C53="","",SUBTOTAL(3,$C$8:C53)) | D53: Quản trị hệ thống có thể tìm kiếm nhật ký theo thao tác
A54: =IF(C54="","",SUBTOTAL(3,$C$8:C54)) -> 6 | B54: Quản trị menu hệ thống | C54: Quản trị hệ thống | E54: =IF(G54<4,"Đơn giản",IF(G54<=7,"Trung bình","Phức tạp")) -> Trung bình | F54: B | G54: =COUNTA(D55:D58) -> 4
A55: =IF(C55="","",SUBTOTAL(3,$C$8:C55)) | D55: Quản trị hệ thống có thể xem cây menu hệ thống
A56: =IF(C56="","",SUBTOTAL(3,$C$8:C56)) | D56: Quản trị hệ thống có thể thêm mới menu hệ thống
A57: =IF(C57="","",SUBTOTAL(3,$C$8:C57)) | D57: Quản trị hệ thống có thể sửa menu hệ thống
A58: =IF(C58="","",SUBTOTAL(3,$C$8:C58)) | D58: Quản trị hệ thống có thể xóa menu hệ thống
A59: =IF(C59="","",SUBTOTAL(3,$C$8:C59)) | B59: Quản trị Trục tích hợp
A60: =IF(C60="","",SUBTOTAL(3,$C$8:C60)) -> 7 | B60: Quản trị danh sách Quản trị hệ thống khai thác Trục tích hợp | C60: Quản trị hệ thống | E60: =IF(G60<4,"Đơn giản",IF(G60<=7,"Trung bình","Phức tạp")) -> Phức tạp | F60: B | G60: =COUNTA(D61:D69) -> 9
A61: =IF(C61="","",SUBTOTAL(3,$C$8:C61)) | D61: Quản trị hệ thống có thể xem danh sách Quản trị hệ thống
A62: =IF(C62="","",SUBTOTAL(3,$C$8:C62)) | D62: Quản trị hệ thống có thể thêm mới Quản trị hệ thống
A63: =IF(C63="","",SUBTOTAL(3,$C$8:C63)) | D63: Quản trị hệ thống có thể sửa thông tin Quản trị hệ thống
A64: =IF(C64="","",SUBTOTAL(3,$C$8:C64)) | D64: Quản trị hệ thống có thể xóa Quản trị hệ thống
A65: =IF(C65="","",SUBTOTAL(3,$C$8:C65)) | D65: Quản trị hệ thống có thể xem chi tiết thông tin Quản trị hệ thống
A66: =IF(C66="","",SUBTOTAL(3,$C$8:C66)) | D66: Quản trị hệ thống có thể tắt, bật trạng thái hoạt động của Quản trị hệ thống khai thác
A67: =IF(C67="","",SUBTOTAL(3,$C$8:C67)) | D67: Quản trị hệ thống có thể xem thông tin dữ liệu phần mềm gắn với Quản trị hệ thống
A68: =IF(C68="","",SUBTOTAL(3,$C$8:C68)) | D68: Quản trị hệ thống có thêm tìm kiếm Quản trị hệ thống
A69: =IF(C69="","",SUBTOTAL(3,$C$8:C69)) | D69: Quản trị hệ thống có thể xem kết quả Quản trị hệ thống
A70: =IF(C70="","",SUBTOTAL(3,$C$8:C70)) -> 8 | B70: Khai thác mã định danh phần mềm tích hợp | C70: Quản trị hệ thống | E70: =IF(G70<4,"Đơn giản",IF(G70<=7,"Trung bình","Phức tạp")) -> Trung bình | F70: B | G70: =COUNTA(D71:D74) -> 4
A71: =IF(C71="","",SUBTOTAL(3,$C$8:C71)) | D71: Quản trị hệ thống xem danh sách mã định danh các phần mềm tích hợp với trục
A72: =IF(C72="","",SUBTOTAL(3,$C$8:C72)) | D72: Quản trị hệ thống có thể xem chi tiết mã định danh các phần mềm tích hợp với trục
A73: =IF(C73="","",SUBTOTAL(3,$C$8:C73)) | D73: Quản trị hệ thống có thể tìm kiếm mã định danh các phần mềm tích hợp với trục theo tiêu chí
A74: =IF(C74="","",SUBTOTAL(3,$C$8:C74)) | D74: Quản trị hệ thống có thể sắp xếp danh sách mã định danh các phần mềm tích hợp với trục theo các trường thông tin hiển thị
A75: =IF(C75="","",SUBTOTAL(3,$C$8:C75)) -> 9 | B75: Danh mục mã định danh đơn vị | C75: Quản trị hệ thống | E75: =IF(G75<4,"Đơn giản",IF(G75<=7,"Trung bình","Phức tạp")) -> Đơn giản | F75: B | G75: =COUNTA(D76:D78) -> 3
A76: =IF(C76="","",SUBTOTAL(3,$C$8:C76)) | D76: Quản trị hệ thống có thể xem danh sách mã định danh đơn vị
A77: =IF(C77="","",SUBTOTAL(3,$C$8:C77)) | D77: Quản trị hệ thống có thể xem thông tin mã định danh đơn vị
A78: =IF(C78="","",SUBTOTAL(3,$C$8:C78)) | D78: Quản trị hệ thống có thể đồng bộ lại danh sách mã định danh đơn vị
A79: =IF(C79="","",SUBTOTAL(3,$C$8:C79)) -> 10 | B79: Danh mục loại dữ liệu | C79: Quản trị hệ thống | E79: =IF(G79<4,"Đơn giản",IF(G79<=7,"Trung bình","Phức tạp")) -> Trung bình | F79: B | G79: =COUNTA(D80:D84) -> 5
A80: =IF(C80="","",SUBTOTAL(3,$C$8:C80)) | D80: Quản trị hệ thống có thể xem danh sách loại dữ liệu
A81: =IF(C81="","",SUBTOTAL(3,$C$8:C81)) | D81: Quản trị hệ thống có thể thêm mới loại dữ liệu
A82: =IF(C82="","",SUBTOTAL(3,$C$8:C82)) | D82: Quản trị hệ thống có thể sửa thông tin loại dữ liệu
A83: =IF(C83="","",SUBTOTAL(3,$C$8:C83)) | D83: Quản trị hệ thống có thể xóa loại dữ liệu
A84: =IF(C84="","",SUBTOTAL(3,$C$8:C84)) | D84: Quản trị hệ thống có thể tìm kiếm loại dữ liệu
A85: =IF(C85="","",SUBTOTAL(3,$C$8:C85)) -> 11 | B85: Danh mục lược đồ XML dữ liệu | C85: Quản trị hệ thống | E85: =IF(G85<4,"Đơn giản",IF(G85<=7,"Trung bình","Phức tạp")) -> Phức tạp | F85: B | G85: =COUNTA(D86:D93) -> 8
A86: =IF(C86="","",SUBTOTAL(3,$C$8:C86)) | D86: Quản trị hệ thống có thể lựa chọn dữ liệu để xem lược đồ xml
A87: =IF(C87="","",SUBTOTAL(3,$C$8:C87)) | D87: Quản trị hệ thống có thể thêm mới thẻ xml
A88: =IF(C88="","",SUBTOTAL(3,$C$8:C88)) | D88: Quản trị hệ thống có thể sửa thông tin thẻ xml
A89: =IF(C89="","",SUBTOTAL(3,$C$8:C89)) | D89: Quản trị hệ thống có thể xóa thẻ xml trên file
A90: =IF(C90="","",SUBTOTAL(3,$C$8:C90)) | D90: Quản trị hệ thống có thể lựa chọn xóa nhiều thẻ xml trên file
A91: =IF(C91="","",SUBTOTAL(3,$C$8:C91)) | D91: Quản trị hệ thống có thể xem nội dung file xml
A92: =IF(C92="","",SUBTOTAL(3,$C$8:C92)) | D92: Quản trị hệ thống có thể upload lược đồ từ file đã soạn
A93: =IF(C93="","",SUBTOTAL(3,$C$8:C93)) | D93: Quản trị hệ thống có thể tải file lược đồ
A94: =IF(C94="","",SUBTOTAL(3,$C$8:C94)) -> 12 | B94: Danh mục dịch vụ chia sẻ | C94: Quản trị hệ thống | E94: =IF(G94<4,"Đơn giản",IF(G94<=7,"Trung bình","Phức tạp")) -> Trung bình | F94: B | G94: =COUNTA(D95:D98) -> 4
A95: =IF(C95="","",SUBTOTAL(3,$C$8:C95)) | D95: Quản trị hệ thống có thể xem danh sách dịch vụ chia sẻ
A96: =IF(C96="","",SUBTOTAL(3,$C$8:C96)) | D96: Quản trị hệ thống có thể thêm mới dịch vụ chia sẻ
A97: =IF(C97="","",SUBTOTAL(3,$C$8:C97)) | D97: Quản trị hệ thống có thể sửa thông tin dịch vụ chia sẻ
A98: =IF(C98="","",SUBTOTAL(3,$C$8:C98)) | D98: Quản trị hệ thống có thể xóa dịch vụ chia sẻ
A99: =IF(C99="","",SUBTOTAL(3,$C$8:C99)) -> 13 | B99: Danh mục API chia sẻ | C99: Quản trị hệ thống | E99: =IF(G99<4,"Đơn giản",IF(G99<=7,"Trung bình","Phức tạp")) -> Trung bình | F99: B | G99: =COUNTA(D100:D104) -> 5
A100: =IF(C100="","",SUBTOTAL(3,$C$8:C100)) | D100: Quản trị có thể xem danh sách API chia sẻ của trục
A101: =IF(C101="","",SUBTOTAL(3,$C$8:C101)) | D101: Quản trị có thể thêm mới API chia sẻ
A102: =IF(C102="","",SUBTOTAL(3,$C$8:C102)) | D102: Quản trị có thể sửa thông tin API chia sẻ
...

Sheet UC.III.v2
A2: Bảng chuyển đổi yêu cầu chức năng sang trường hợp sử dụng (USE CASE) | I2: =PM_LGSP.VIII!I10 -> 7003000000
A3: Phụ lục III ban hành kèm theo Quyết định số 671/QĐ-BTTTT
A5: TT | B5: Tên Use-case | C5: Tên tác nhân | D5: Giao dịch (Transaction) | E5: Phân loại theo độ phức tạp | F5: Phân loại theo BMT | G5: Sử dụng
A6: I | B6: HỆ THỐNG QUẢN TRỊ
B7: Quản trị hệ thống
A8: =IF(C8="","",SUBTOTAL(3,$C$8:C8)) -> 1 | B8: Quản trị hệ thống | C8: Quản trị hệ thống | E8: =IF(G8<4,"Đơn giản",IF(G8<=7,"Trung bình","Phức tạp")) -> Phức tạp | F8: B | G8: =COUNTA(D9:D17) -> 9
A9: =IF(C9="","",SUBTOTAL(3,$C$8:C9)) | D9: Quản trị hệ thống có thể xem danh sách người dùng
A10: =IF(C10="","",SUBTOTAL(3,$C$8:C10)) | D10: Quản trị hệ thống có thể thêm mới người dùng
A11: =IF(C11="","",SUBTOTAL(3,$C$8:C11)) | D11: Quản trị hệ thống có thể sửa thông tin người dùng
A12: =IF(C12="","",SUBTOTAL(3,$C$8:C12)) | D12: Quản trị hệ thống có thể xóa người dùng
A13: =IF(C13="","",SUBTOTAL(3,$C$8:C13)) | D13: Quản trị hệ thống có thể lựa chọn xóa nhiều người dùng
A14: =IF(C14="","",SUBTOTAL(3,$C$8:C14)) | D14: Quản trị hệ thống có thể xem chi tiết người dùng
A15: =IF(C15="","",SUBTOTAL(3,$C$8:C15)) | D15: Quản trị hệ thống có thể tìm kiếm người dùng
A16: =IF(C16="","",SUBTOTAL(3,$C$8:C16)) | D16: Quản trị hệ thống có thể xem kết quả tìm kiếm
A17: =IF(C17="","",SUBTOTAL(3,$C$8:C17)) | D17: Quản trị hệ thống có thể xem phân trang người dùng nếu số lượng nhiều
A18: =IF(C18="","",SUBTOTAL(3,$C$8:C18)) -> 2 | B18: Quản trị vai trò, phân quyền người dùng | C18: Quản trị hệ thống | E18: =IF(G18<4,"Đơn giản",IF(G18<=7,"Trung bình","Phức tạp")) -> Phức tạp | F18: B | G18: =COUNTA(D19:D27) -> 9
A19: =IF(C19="","",SUBTOTAL(3,$C$8:C19)) | D19: Quản trị hệ thống có thể xem danh sách vai trò
A20: =IF(C20="","",SUBTOTAL(3,$C$8:C20)) | D20: Quản trị hệ thống có thể thêm mới vai trò
A21: =IF(C21="","",SUBTOTAL(3,$C$8:C21)) | D21: Quản trị hệ thống có thể sửa thông tin vai trò
A22: =IF(C22="","",SUBTOTAL(3,$C$8:C22)) | D22: Quản trị hệ thống có thể xóa vai trò
A23: =IF(C23="","",SUBTOTAL(3,$C$8:C23)) | D23: Quản trị hệ thống có thể xem chi tiết vai trò
A24: =IF(C24="","",SUBTOTAL(3,$C$8:C24)) | D24: Quản trị có thể tìm kiếm vai trò
A25: =IF(C25="","",SUBTOTAL(3,$C$8:C25)) | D25: Quản trị có thể xem kết quả tìm kiếm
A26: =IF(C26="","",SUBTOTAL(3,$C$8:C26)) | D26: Quản trị có thể gán vai trò cho người dùng
A27: =IF(C27="","",SUBTOTAL(3,$C$8:C27)) | D27: Quản trị có thể gán vai trò cho nhóm người dùng
A28: =IF(C28="","",SUBTOTAL(3,$C$8:C28)) -> 3 | B28: Quản lý nhóm người dùng | C28: Quản trị hệ thống | E28: =IF(G28<4,"Đơn giản",IF(G28<=7,"Trung bình","Phức tạp")) -> Phức tạp | F28: B | G28: =COUNTA(D29:D38) -> 10
A29: =IF(C29="","",SUBTOTAL(3,$C$8:C29)) | D29: Quản trị hệ thống có thể xem danh sách nhóm người dùng
A30: =IF(C30="","",SUBTOTAL(3,$C$8:C30)) | D30: Quản trị hệ thống có thể thêm mới nhóm người dùng
A31: =IF(C31="","",SUBTOTAL(3,$C$8:C31)) | D31: Quản trị hệ thống có thể sửa nhóm người dùng
A32: =IF(C32="","",SUBTOTAL(3,$C$8:C32)) | D32: Quản trị hệ thống có thể xóa nhóm người dùng
A33: =IF(C33="","",SUBTOTAL(3,$C$8:C33)) | D33: Quản trị hệ thống có thể lựa chọn xóa nhiều nhóm người dùng
A34: =IF(C34="","",SUBTOTAL(3,$C$8:C34)) | D34: Quản trị hệ thống có thể xem danh sách người dùng trong nhóm
A35: =IF(C35="","",SUBTOTAL(3,$C$8:C35)) | D35: Quản trị hệ thống có thể gán quyền cho nhóm
A36: =IF(C36="","",SUBTOTAL(3,$C$8:C36)) | D36: Quản trị hệ thống có thể tìm kiếm nhóm người dùng
A37: =IF(C37="","",SUBTOTAL(3,$C$8:C37)) | D37: Quản trị hệ thống có thể xem kết quả tìm kiếm
A38: =IF(C38="","",SUBTOTAL(3,$C$8:C38)) | D38: Quản trị hệ thống có thể xem phân trang nhóm người dùng nếu số lượng nhiều
A39: =IF(C39="","",SUBTOTAL(3,$C$8:C39)) -> 4 | B39: Quản trị tham số hệ thống | C39: Quản trị hệ thống | E39: =IF(G39<4,"Đơn giản",IF(G39<=7,"Trung bình","Phức tạp")) -> Trung bình | F39: B | G39: =COUNTA(D40:D43) -> 4
A40: =IF(C40="","",SUBTOTAL(3,$C$8:C40)) | D40: Quản trị hệ thống có thể xem danh sách tham số hệ thống
A41: =IF(C41="","",SUBTOTAL(3,$C$8:C41)) | D41: Quản trị hệ thống có thể thêm mới tham số hệ thống
A42: =IF(C42="","",SUBTOTAL(3,$C$8:C42)) | D42: Quản trị hệ thống có thể sửa thông tin tham số hệ thống
A43: =IF(C43="","",SUBTOTAL(3,$C$8:C43)) | D43: Quản trị hệ thống có thể xóa tham số hệ thống
A44: =IF(C44="","",SUBTOTAL(3,$C$8:C44)) -> 5 | B44: Theo dõi nhật ký hệ thống | C44: Quản trị hệ thống | E44: =IF(G44<4,"Đơn giản",IF(G44<=7,"Trung bình","Phức tạp")) -> Phức tạp | F44: B | G44: 9
A45: =IF(C45="","",SUBTOTAL(3,$C$8:C45)) | D45: Quản trị hệ thống có thể xem danh sách nhật ký hệ thống
A46: =IF(C46="","",SUBTOTAL(3,$C$8:C46)) | D46: Quản trị hệ thống có thể xem chi tiết nhật ký hệ thống
A47: =IF(C47="","",SUBTOTAL(3,$C$8:C47)) | D47: Quản trị hệ thống có thể xóa nhật ký hệ thống
A48: =IF(C48="","",SUBTOTAL(3,$C$8:C48)) | D48: Quản trị hệ thống có thể lựa chọn xóa nhiều nhật ký
A49: =IF(C49="","",SUBTOTAL(3,$C$8:C49)) | D49: Quản trị hệ thống có thể xem nhật ký theo tháng
A50: =IF(C50="","",SUBTOTAL(3,$C$8:C50)) | D50: Quản trị hệ thống có thể xem nhật ký theo năm
A51: =IF(C51="","",SUBTOTAL(3,$C$8:C51)) | D51: Quản trị hệ thống có thể xem nhật ký theo tuần qua
A52: =IF(C52="","",SUBTOTAL(3,$C$8:C52)) | D52: Quản trị hệ thống có thể tìm kiếm nhật ký theo Quản trị hệ thống
A53: =IF(C53="","",SUBTOTAL(3,$C$8:C53)) | D53: Quản trị hệ thống có thể tìm kiếm nhật ký theo thao tác
A54: =IF(C54="","",SUBTOTAL(3,$C$8:C54)) -> 6 | B54: Quản trị menu hệ thống | C54: Quản trị hệ thống | E54: =IF(G54<4,"Đơn giản",IF(G54<=7,"Trung bình","Phức tạp")) -> Trung bình | F54: B | G54: =COUNTA(D55:D58) -> 4
A55: =IF(C55="","",SUBTOTAL(3,$C$8:C55)) | D55: Quản trị hệ thống có thể xem cây menu hệ thống
A56: =IF(C56="","",SUBTOTAL(3,$C$8:C56)) | D56: Quản trị hệ thống có thể thêm mới menu hệ thống
A57: =IF(C57="","",SUBTOTAL(3,$C$8:C57)) | D57: Quản trị hệ thống có thể sửa menu hệ thống
A58: =IF(C58="","",SUBTOTAL(3,$C$8:C58)) | D58: Quản trị hệ thống có thể xóa menu hệ thống
A59: =IF(C59="","",SUBTOTAL(3,$C$8:C59)) | B59: Quản trị Trục tích hợp
A60: =IF(C60="","",SUBTOTAL(3,$C$8:C60)) -> 7 | B60: Quản trị danh sách Quản trị hệ thống khai thác Trục tích hợp | C60: Quản trị hệ thống | E60: =IF(G60<4,"Đơn giản",IF(G60<=7,"Trung bình","Phức tạp")) -> Phức tạp | F60: B | G60: =COUNTA(D61:D69) -> 9
A61: =IF(C61="","",SUBTOTAL(3,$C$8:C61)) | D61: Quản trị hệ thống có thể xem danh sách Quản trị hệ thống
A62: =IF(C62="","",SUBTOTAL(3,$C$8:C62)) | D62: Quản trị hệ thống có thể thêm mới Quản trị hệ thống
A63: =IF(C63="","",SUBTOTAL(3,$C$8:C63)) | D63: Quản trị hệ thống có thể sửa thông tin Quản trị hệ thống
A64: =IF(C64="","",SUBTOTAL(3,$C$8:C64)) | D64: Quản trị hệ thống có thể xóa Quản trị hệ thống
A65: =IF(C65="","",SUBTOTAL(3,$C$8:C65)) | D65: Quản trị hệ thống có thể xem chi tiết thông tin Quản trị hệ thống
A66: =IF(C66="","",SUBTOTAL(3,$C$8:C66)) | D66: Quản trị hệ thống có thể tắt, bật trạng thái hoạt động của Quản trị hệ thống khai thác
A67: =IF(C67="","",SUBTOTAL(3,$C$8:C67)) | D67: Quản trị hệ thống có thể xem thông tin dữ liệu phần mềm gắn với Quản trị hệ thống
A68: =IF(C68="","",SUBTOTAL(3,$C$8:C68)) | D68: Quản trị hệ thống có thêm tìm kiếm Quản trị hệ thống
A69: =IF(C69="","",SUBTOTAL(3,$C$8:C69)) | D69: Quản trị hệ thống có thể xem kết quả Quản trị hệ thống
A70: =IF(C70="","",SUBTOTAL(3,$C$8:C70)) -> 8 | B70: Khai thác mã định danh phần mềm tích hợp | C70: Quản trị hệ thống | E70: =IF(G70<4,"Đơn giản",IF(G70<=7,"Trung bình","Phức tạp")) -> Trung bình | F70: B | G70: =COUNTA(D71:D74) -> 4
A71: =IF(C71="","",SUBTOTAL(3,$C$8:C71)) | D71: Quản trị hệ thống xem danh sách mã định danh các phần mềm tích hợp với trục
A72: =IF(C72="","",SUBTOTAL(3,$C$8:C72)) | D72: Quản trị hệ thống có thể xem chi tiết mã định danh các phần mềm tích hợp với trục
A73: =IF(C73="","",SUBTOTAL(3,$C$8:C73)) | D73: Quản trị hệ thống có thể tìm kiếm mã định danh các phần mềm tích hợp với trục theo tiêu chí
A74: =IF(C74="","",SUBTOTAL(3,$C$8:C74)) | D74: Quản trị hệ thống có thể sắp xếp danh sách mã định danh các phần mềm tích hợp với trục theo các trường thông tin hiển thị
A75: =IF(C75="","",SUBTOTAL(3,$C$8:C75)) -> 9 | B75: Danh mục mã định danh đơn vị | C75: Quản trị hệ thống | E75: =IF(G75<4,"Đơn giản",IF(G75<=7,"Trung bình","Phức tạp")) -> Đơn giản | F75: B | G75: =COUNTA(D76:D78) -> 3
A76: =IF(C76="","",SUBTOTAL(3,$C$8:C76)) | D76: Quản trị hệ thống có thể xem danh sách mã định danh đơn vị
A77: =IF(C77="","",SUBTOTAL(3,$C$8:C77)) | D77: Quản trị hệ thống có thể xem thông tin mã định danh đơn vị
A78: =IF(C78="","",SUBTOTAL(3,$C$8:C78)) | D78: Quản trị hệ thống có thể đồng bộ lại danh sách mã định danh đơn vị
A79: =IF(C79="","",SUBTOTAL(3,$C$8:C79)) -> 10 | B79: Danh mục loại dữ liệu | C79: Quản trị hệ thống | E79: =IF(G79<4,"Đơn giản",IF(G79<=7,"Trung bình","Phức tạp")) -> Trung bình | F79: B | G79: =COUNTA(D80:D84) -> 5
A80: =IF(C80="","",SUBTOTAL(3,$C$8:C80)) | D80: Quản trị hệ thống có thể xem danh sách loại dữ liệu
A81: =IF(C81="","",SUBTOTAL(3,$C$8:C81)) | D81: Quản trị hệ thống có thể thêm mới loại dữ liệu
A82: =IF(C82="","",SUBTOTAL(3,$C$8:C82)) | D82: Quản trị hệ thống có thể sửa thông tin loại dữ liệu
A83: =IF(C83="","",SUBTOTAL(3,$C$8:C83)) | D83: Quản trị hệ thống có thể xóa loại dữ liệu
A84: =IF(C84="","",SUBTOTAL(3,$C$8:C84)) | D84: Quản trị hệ thống có thể tìm kiếm loại dữ liệu
A85: =IF(C85="","",SUBTOTAL(3,$C$8:C85)) -> 11 | B85: Danh mục lược đồ XML dữ liệu | C85: Quản trị hệ thống | E85: =IF(G85<4,"Đơn giản",IF(G85<=7,"Trung bình","Phức tạp")) -> Phức tạp | F85: B | G85: =COUNTA(D86:D93) -> 8
A86: =IF(C86="","",SUBTOTAL(3,$C$8:C86)) | D86: Quản trị hệ thống có thể lựa chọn dữ liệu để xem lược đồ xml
A87: =IF(C87="","",SUBTOTAL(3,$C$8:C87)) | D87: Quản trị hệ thống có thể thêm mới thẻ xml
A88: =IF(C88="","",SUBTOTAL(3,$C$8:C88)) | D88: Quản trị hệ thống có thể sửa thông tin thẻ xml
A89: =IF(C89="","",SUBTOTAL(3,$C$8:C89)) | D89: Quản trị hệ thống có thể xóa thẻ xml trên file
A90: =IF(C90="","",SUBTOTAL(3,$C$8:C90)) | D90: Quản trị hệ thống có thể lựa chọn xóa nhiều thẻ xml trên file
A91: =IF(C91="","",SUBTOTAL(3,$C$8:C91)) | D91: Quản trị hệ thống có thể xem nội dung file xml
A92: =IF(C92="","",SUBTOTAL(3,$C$8:C92)) | D92: Quản trị hệ thống có thể upload lược đồ từ file đã soạn
A93: =IF(C93="","",SUBTOTAL(3,$C$8:C93)) | D93: Quản trị hệ thống có thể tải file lược đồ
A94: =IF(C94="","",SUBTOTAL(3,$C$8:C94)) -> 12 | B94: Danh mục dịch vụ chia sẻ | C94: Quản trị hệ thống | E94: =IF(G94<4,"Đơn giản",IF(G94<=7,"Trung bình","Phức tạp")) -> Trung bình | F94: B | G94: =COUNTA(D95:D98) -> 4
A95: =IF(C95="","",SUBTOTAL(3,$C$8:C95)) | D95: Quản trị hệ thống có thể xem danh sách dịch vụ chia sẻ
A96: =IF(C96="","",SUBTOTAL(3,$C$8:C96)) | D96: Quản trị hệ thống có thể thêm mới dịch vụ chia sẻ
A97: =IF(C97="","",SUBTOTAL(3,$C$8:C97)) | D97: Quản trị hệ thống có thể sửa thông tin dịch vụ chia sẻ
A98: =IF(C98="","",SUBTOTAL(3,$C$8:C98)) | D98: Quản trị hệ thống có thể xóa dịch vụ chia sẻ
A99: =IF(C99="","",SUBTOTAL(3,$C$8:C99)) -> 13 | B99: Danh mục API chia sẻ | C99: Quản trị hệ thống | E99: =IF(G99<4,"Đơn giản",IF(G99<=7,"Trung bình","Phức tạp")) -> Trung bình | F99: B | G99: =COUNTA(D100:D104) -> 5
A100: =IF(C100="","",SUBTOTAL(3,$C$8:C100)) | D100: Quản trị có thể xem danh sách API chia sẻ của trục
A101: =IF(C101="","",SUBTOTAL(3,$C$8:C101)) | D101: Quản trị có thể thêm mới API chia sẻ
A102: =IF(C102="","",SUBTOTAL(3,$C$8:C102)) | D102: Quản trị có thể sửa thông tin API chia sẻ
...

Sheet UC update
A2: Bảng chuyển đổi yêu cầu chức năng sang trường hợp sử dụng (USE CASE) | I2: =PM_LGSP.VIII!I10 -> 7003000000
A3: Phụ lục III ban hành kèm theo Quyết định số 671/QĐ-BTTTT
A5: TT | B5: Tên Use-case | C5: Tên tác nhân | D5: Giao dịch (Transaction) | E5: Phân loại theo độ phức tạp | F5: Phân loại theo BMT | G5: Sử dụng
A6: A | B6: Bộ phần mềm nền tảng LGSP
A7: I | B7: Trục tích hợp
A8: I.1 | B8: Quản lý kết nối, định tuyến, xử lý và chuyển đổi
A9: =IF(C9="","",SUBTOTAL(3,$C9:C$9)) -> 1 | B9: Quản lý các dịch vụ trung gian (Proxy services) | C9: Quản trị hệ thống | E9: =IF(G9<4,"Đơn giản",IF(G9<=7,"Trung bình","Phức tạp")) -> Trung bình | F9: B | G9: =COUNTA(D10:D16) -> 7 | H9: Kết nối
D10: Quản trị chọn menu Danh sách Dịch vụ Proxy. Hệ thống hiển thị danh sách các dịch vụ proxy
D11: Quản trị có thể nhập từ khóa để tìm kiếm dịch vụ theo tên. Hệ thống hiển thị dịch vụ theo từ khóa tìm kiếm
D12: Quản trị có thể tìm kiếm theo tiêu chí kiểu dịch vụ. Hệ thống hiển thị danh sách dịch vụ theo tiêu chí tìm kiếm
D13: Quản trị có thể kết hợp tìm kiếm dịch vụ theo từ khóa và tiêu chí kiểu dịch vụ. Hệ thống hiển thị dịch vụ thỏa mãn điều kiện tìm kiếm
D14: Quản trị có thể chọn xem thông tin WSDL của dịch vụ. Hệ thống hiển thị thông tin cần thiết của dịch vụ được chọn
D15: Quản trị có thể chọn tải về gói dịch vụ kiểu axis2. Hệ thống tải về gói dịch vụ được chọn
D16: Quản trị có thể chọn kiểm thử dịch vụ bằng công cụ. Hệ thống hiển thị màn hình để kiểm thử dịch vụ
A17: =IF(C17="","",SUBTOTAL(3,$C$9:C17)) -> 2 | B17: Tạo mới các dịch vụ trung gian (proxy services) | C17: Quản trị hệ thống | E17: =IF(G17<4,"Đơn giản",IF(G17<=7,"Trung bình","Phức tạp")) -> Trung bình | F17: B | G17: =COUNTA(D18:D24) -> 7 | H17: Kết nối
D18: Quản trị chọn menu Thêm mới Dịch vụ Proxy. Hệ thống hiển thị danh sách các dịch vụ để thêm mới
D19: Quản trị có thể chọn tạo mới dịch vụ dạng Pass Through Proxy. Hệ thống hiển thị màn hình thêm mới dịch vụ Pass Through Proxy
D20: Quản trị có thể chọn tạo mới dịch vụ dạng Secure Proxy. Hệ thống hiển thị màn hình thêm mới dịch vụ Secure Proxy
D21: Quản trị có thể chọn tạo mới dịch vụ dạng WSDL based proxy. Hệ thống hiển thị màn hình thêm mới dịch vụ WSDL based proxy
D22: Quản trị có thể chọn tạo mới dịch vụ dạng Logging proxy. Hệ thống hiển thị màn hình thêm mới dịch vụ Logging proxy
D23: Quản trị có thể chọn tạo mới dịch vụ dạng Transformer Proxy. Hệ thống hiển thị màn hình thêm mới dịch vụ Transformer Proxy
D24: Quản trị có thể chọn tạo mới dịch vụ dạng Custom proxy. Hệ thống hiển thị màn hình thêm mới dịch vụ Custom proxy
A25: =IF(C25="","",SUBTOTAL(3,$C$9:C25)) -> 3 | B25: Thiết lập dịch vụ Pass Through Proxy (dữ liệu vào của dịch vụ trung gian) | C25: Quản trị hệ thống | E25: =IF(G25<4,"Đơn giản",IF(G25<=7,"Trung bình","Phức tạp")) -> Trung bình | F25: B | G25: =COUNTA(D26:D32) -> 7 | H25: Định tuyến
D26: Quản trị chọn tạo mới dịch vụ dạng Pass Through Proxy. Hệ thống hiển thị màn hình thêm mới dịch vụ Pass Through Proxy
D27: Quản trị nhập các thông tin để thêm mới. Hệ thống hiển thị thông tin nhập
D28: Quản trị có thể lựa chọn điểm truy cập đích từ định nghĩa URL trực tiếp khi thêm mới dịch vụ Pass Through Proxy. Hệ thống hiển thị ra thêm các trường để nhập thông tin nếu có
D29: Quản trị có thể lựa chọn điểm truy cập đích từ kho đăng ký khi thêm mới dịch vụ Pass Through Proxy. Hệ thống hiển thị ra thêm các trường để nhập thông tin nếu có
D30: Quản trị có thể lựa chọn chuyển đổi yêu cầu gửi tới bằng XSLT từ kho đăng ký khi thêm mới dịch vụ Pass Through Proxy. Hệ thống đánh dấu thông tin lựa chọn
D31: Quản trị có thể lựa chọn chuyển đổi phản hồi bằng XSLT từ kho đăng ký khi thêm mới dịch vụ Pass Through Proxy. Hệ thống đánh dấu thông tin lựa chọn
D32: Quản trị có thể nhấn nút Thiết lập. Hệ thống lưu lại thông tin và thiết lập dịch vụ
A33: =IF(C33="","",SUBTOTAL(3,$C$9:C33)) -> 4 | B33: Thiết lập dịch vụ Transformer Proxy | C33: Quản trị hệ thống | E33: =IF(G33<4,"Đơn giản",IF(G33<=7,"Trung bình","Phức tạp")) -> Trung bình | F33: B | G33: =COUNTA(D34:D40) -> 7 | H33: Định tuyến
D34: Quản trị chọn tạo mới dịch vụ dạng Transformer Proxy. Hệ thống hiển thị màn hình thêm mới dịch vụ Transformer Proxy
D35: Quản trị nhập các thông tin để thêm mới. Hệ thống hiển thị thông tin nhập
D36: Quản trị có thể lựa chọn điểm truy cập đích từ định nghĩa URL trực tiếp khi thêm mới dịch vụ Transformer Proxy. Hệ thống hiển thị ra thêm các trường để nhập thông tin nếu có
D37: Quản trị có thể lựa chọn điểm truy cập đích từ kho đăng ký khi thêm mới dịch vụ Transformer Proxy. Hệ thống hiển thị ra thêm các trường để nhập thông tin nếu có
D38: Quản trị có thể lựa chọn chuyển đổi yêu cầu gửi tới bằng XSLT từ kho đăng ký khi thêm mới dịch vụ Transformer Proxy. Hệ thống đánh dấu thông tin lựa chọn
D39: Quản trị có thể lựa chọn chuyển đổi phản hồi bằng XSLT từ kho đăng ký khi thêm mới dịch vụ Transformer Proxy. Hệ thống đánh dấu thông tin lựa chọn
D40: Quản trị có thể nhấn nút Thiết lập. Hệ thống lưu lại thông tin và thiết lập dịch vụ
A41: =IF(C41="","",SUBTOTAL(3,$C$9:C41)) -> 5 | B41: Thiết lập dịch vụ Secure Proxy | C41: Quản trị hệ thống | E41: =IF(G41<4,"Đơn giản",IF(G41<=7,"Trung bình","Phức tạp")) -> Trung bình | F41: B | G41: =COUNTA(D42:D48) -> 7 | H41: Xử lý
D42: Quản trị chọn tạo mới dịch vụ dạng Secure Proxy. Hệ thống hiển thị màn hình thêm mới dịch vụ Secure Proxy
D43: Quản trị nhập các thông tin để thêm mới. Hệ thống hiển thị thông tin nhập
D44: Quản trị có thể lựa chọn điểm truy cập đích từ định nghĩa URL trực tiếp khi thêm mới dịch vụ Secure Proxy. Hệ thống hiển thị ra thêm các trường để nhập thông tin nếu có
D45: Quản trị có thể lựa chọn điểm truy cập đích từ kho đăng ký khi thêm mới dịch vụ Secure Proxy. Hệ thống hiển thị ra thêm các trường để nhập thông tin nếu có
D46: Quản trị có thể lựa chọn chính sách bảo mật từ kho đăng ký khi thêm mới dịch vụ Secure Proxy. Hệ thống đánh dấu thông tin lựa chọn
D47: Quản trị có thể nhấn nút Thiết lập. Hệ thống lưu lại thông tin và thiết lập dịch vụ
D48: Quản trị có thể nhấn nút Hủy. Hệ thống hủy bỏ quá trình thiết lập dịch vụ
A49: =IF(C49="","",SUBTOTAL(3,$C$9:C49)) -> 6 | B49: Thiết lập dịch vụ Logging Proxy | C49: Quản trị hệ thống | E49: =IF(G49<4,"Đơn giản",IF(G49<=7,"Trung bình","Phức tạp")) -> Trung bình | F49: B | G49: =COUNTA(D50:D56) -> 7 | H49: Xử lý
D50: Quản trị chọn tạo mới dịch vụ dạng Logging proxy. Hệ thống hiển thị màn hình thêm mới dịch vụ Logging proxy
D51: Quản trị nhập các thông tin để thêm mới. Hệ thống hiển thị thông tin nhập
D52: Quản trị có thể lựa chọn điểm truy cập đích từ định nghĩa URL trực tiếp khi thêm mới dịch vụ Logging Proxy. Hệ thống hiển thị ra thêm các trường để nhập thông tin nếu có
D53: Quản trị có thể lựa chọn điểm truy cập đích từ kho đăng ký khi thêm mới dịch vụ Logging Proxy. Hệ thống hiển thị ra thêm các trường để nhập thông tin nếu có
D54: Quản trị có thể lựa chọn mức lưu vết cho các yêu cầu gửi đến khi thêm mới dịch vụ Logging Proxy. Hệ thống đánh dấu thông tin lựa chọn
D55: Quản trị có thể lựa chọn mức lưu vết cho các phản hồi khi thêm mới dịch vụ Logging Proxy. Hệ thống đánh dấu thông tin lựa chọn
D56: Quản trị có thể nhấn nút Thiết lập. Hệ thống lưu lại thông tin và thiết lập dịch vụ
A57: =IF(C57="","",SUBTOTAL(3,$C$9:C57)) -> 7 | B57: Thiết lập dịch vụ WSDL Based Proxy | C57: Quản trị hệ thống | E57: =IF(G57<4,"Đơn giản",IF(G57<=7,"Trung bình","Phức tạp")) -> Trung bình | F57: B | G57: =COUNTA(D58:D61) -> 4 | H57: Định tuyến
D58: Quản trị chọn tạo mới dịch vụ dạng WSDL based proxy. Hệ thống hiển thị màn hình thêm mới dịch vụ WSDL based proxy
D59: Quản trị nhập các thông tin để thêm mới. Hệ thống hiển thị thông tin nhập
D60: Quản trị có thể nhấn nút Thiết lập. Hệ thống lưu lại thông tin và thiết lập dịch vụ
D61: Quản trị có thể nhấn nút Hủy. Hệ thống hủy bỏ quá trình thiết lập dịch vụ
A62: =IF(C62="","",SUBTOTAL(3,$C$9:C62)) -> 8 | B62: Thiết lập dịch vụ Custom proxy | C62: Quản trị hệ thống | E62: =IF(G62<4,"Đơn giản",IF(G62<=7,"Trung bình","Phức tạp")) -> Trung bình | F62: B | G62: =COUNTA(D63:D66) -> 4 | H62: Định tuyến
D63: Quản trị chọn tạo mới dịch vụ dạng Custom proxy. Hệ thống hiển thị màn hình thêm mới dịch vụ Custom proxy
D64: Quản trị nhập các thông tin để thêm mới. Hệ thống hiển thị thông tin nhập
D65: Quản trị có thể nhấn nút Thiết lập. Hệ thống lưu lại thông tin và thiết lập dịch vụ
D66: Quản trị có thể nhấn nút Hủy. Hệ thống hủy bỏ quá trình thiết lập dịch vụ
A67: =IF(C67="","",SUBTOTAL(3,$C$9:C67)) -> 9 | B67: Xem chi tiết thông tin dịch vụ trung gian | C67: Quản trị hệ thống | E67: =IF(G67<4,"Đơn giản",IF(G67<=7,"Trung bình","Phức tạp")) -> Trung bình | F67: B | G67: =COUNTA(D68:D73) -> 6 | H67: Định tuyến
D68: Quản trị chọn menu Danh sách Dịch vụ Proxy. Hệ thống hiển thị danh sách các dịch vụ proxy
D69: Quản trị chọn một dịch vụ cần xem thông tin chi tiết. Hệ thống hiển thị màn hình thông tin chi tiết
D70: Quản trị có thể kích hoạt hoặc dừng kích hoạt dịch vụ. Hệ thống thực hiện theo lựa chọn Kích hoạt hoặc dừng kích hoạt
D71: Quản trị có thể chọn xem thông tin WSDL của dịch vụ. Hệ thống hiển thị thông tin cần thiết của dịch vụ được chọn
D72: Quản trị có thể cài đặt lại dịch vụ. Hệ thống hiển thị màn hình cài đặt lại dịch vụ
D73: Quản trị có thể chọn kiểm thử dịch vụ bằng công cụ. Hệ thống hiển thị màn hình để kiểm thử dịch vụ
A74: =IF(C74="","",SUBTOTAL(3,$C$9:C74)) -> 10 | B74: Quản lý chuỗi xử lý dữ liệu (Sequences) | C74: Quản trị hệ thống | E74: =IF(G74<4,"Đơn giản",IF(G74<=7,"Trung bình","Phức tạp")) -> Trung bình | F74: B | G74: =COUNTA(D75:D81) -> 7 | H74: Xử lý
D75: Quản trị chọn menu Sequences. Hệ thống hiển thị màn hình danh sách chuỗi xử lý dữ liệu (Sequences)
D76: Quản trị có thể thiết lập bật/tắt thống kê về chuỗi xử lý. Hệ thống lưu thông tin thiết lập
D77: Quản trị có thể thiết lập bật/tắt lưu vết về chuỗi xử lý. Hệ thống lưu thông tin thiết lập
D78: Quản trị có thể nhập từ khóa để tìm kiếm chuỗi xử lý theo tên. Hệ thống hiển thị dịch vụ theo từ khóa tìm kiếm
D79: Quản trị có thể chỉnh sửa chuỗi xử lý. Hệ thống hiển thị màn hình chỉnh sửa
D80: Quản trị có thể xóa chuối xử lý cần xóa. Hệ thống thực hiện thao tác xóa chuỗi được chọn
D81: Quản trị có thể chọn xóa nhiều chuỗi xử lý một lúc. Hệ thống đánh dấu và thực hiện thao tác xóa các chuỗi được chọn
A82: =IF(C82="","",SUBTOTAL(3,$C$9:C82)) -> 11 | B82: Thiết lập chuỗi xử lý dữ liệu (Sequences) | C82: Quản trị hệ thống | E82: =IF(G82<4,"Đơn giản",IF(G82<=7,"Trung bình","Phức tạp")) -> Trung bình | F82: B | G82: =COUNTA(D83:D89) -> 7 | H82: Xử lý
D83: Quản trị chọn menu Sequences. Hệ thống hiển thị màn hình danh sách chuỗi xử lý dữ liệu (Sequences)
D84: Quản trị chọn tạo mới chuỗi xử lý. Hệ thống hiển thị màn hình tạo mới chuỗi xử lý
D85: Quản trị có thể thiết lập chuỗi lỗi từ kho đăng ký. Hệ thống hiển thị thông tin thiết lập
D86: Quản trị có thể lưu chuỗi vào kho đăng ký. Hệ thống kiểm tra và lưu chuỗi vào kho đăng ký
D87: Quản trị có thể thêm mới các bộ điều hợp (mediator) ở cùng cấp. Hệ thống lưu thông tin thêm mới
D88: Quản trị có thể di chuyển các bộ điều phối. Hệ thống thực hiện di chuyển các bộ điều phối
D89: Quản trị có thể xóa các bộ điều phối. Hệ thống thực hiện thao tác xóa các bộ điều phối
A90: =IF(C90="","",SUBTOTAL(3,$C$9:C90)) -> 12 | B90: Quản lý các điểm truy cập cuối(endpoint) | C90: Quản trị hệ thống | E90: =IF(G90<4,"Đơn giản",IF(G90<=7,"Trung bình","Phức tạp")) -> Trung bình | F90: B | G90: =COUNTA(D91:D97) -> 7 | H90: Kết nối
D91: Quản trị chọn menu Endpoint. Hệ thống hiển thị màn hình danh sách các điểm truy cập cuối
D92: Quản trị có thể xem danh sách các điểm cuối động. Hệ thống hiển thị danh sách các điểm cuối động
D93: Quản trị có thể nhập từ khóa để tìm kiếm điểm truy cập cuối theo tên. Hệ thống hiển thị điểm truy cập cuối theo từ khóa tìm kiếm
D94: Quản trị có thể tìm kiếm theo tiêu chí kiểu điểm truy cập cuối. Hệ thống hiển thị danh sách điểm truy cập cuối theo tiêu chí tìm kiếm
D95: Quản trị có thể kết hợp tìm kiếm điểm truy cập cuối theo từ khóa và tiêu chí kiểu điểm truy cập cuối. Hệ thống hiển thị điểm truy cập cuối thỏa mãn điều kiện tìm kiếm
D96: Quản trị có thể chọn kích hoạt/ngừng kích hoạt điểm truy cập cuối. Hệ thống thực hiện kích hoạt/ngưng kích hoạt điểm truy cập cuối được chọn
D97: Quản trị có thể sửa điểm truy cập cuối. Hệ thống hiển thị màn hình sửa điểm truy cập cuối
A98: =IF(C98="","",SUBTOTAL(3,$C$9:C98)) -> 13 | B98: Tạo mới điểm truy cập cuối (endpoint) | C98: Quản trị hệ thống | E98: =IF(G98<4,"Đơn giản",IF(G98<=7,"Trung bình","Phức tạp")) -> Trung bình | F98: B | G98: =COUNTA(D99:D104) -> 6 | H98: Kết nối
D99: Quản trị chọn menu Endpoint. Hệ thống hiển thị màn hình danh sách các điểm truy cập cuối
D100: Quản trị chọn Tạo mới. Hệ thống hiển thị màn hình danh sách các kiểu điểm truy cập cuối
D101: Quản trị chọn kiểu điểm truy cập cuối cần thêm. Hệ thống hiển thị màn hình tạo mới điểm truy cập cuối với kiểu tương ứng
D102: Quản trị nhập thông tin thêm mới. Hệ thống hiển thị thông tin nhập
...

Sheet UC.III_18.11
B2: Bảng chuyển đổi yêu cầu chức năng sang trường hợp sử dụng (USE CASE) | J2: =PM_LGSP.VIII!I10 -> 7003000000
B3: Phụ lục III ban hành kèm theo Quyết định số 671/QĐ-BTTTT
B5: TT | C5: Tên Use-case | D5: Tên tác nhân | E5: Giao dịch (Transaction) | F5: Phân loại theo độ phức tạp | G5: Phân loại theo BMT | H5: Sử dụng
B6: I | C6: Quản lý hệ thống các phần mềm, CSDL kết nối với LGSP
B7: =IF(D7="","",SUBTOTAL(3,$D$6:D9)) -> 1 | C7: Quản lý phần mềm tích hợp chia sẻ | D7: Quản trị hệ thống | F7: =IF(H7<4,"Đơn giản",IF(H7<=7,"Trung bình","Phức tạp")) -> Trung bình | G7: B | H7: =COUNTA(E8:E14) -> 7
E8: Quản trị hệ thống xem danh sách phần mềm. Hệ thống LGSP hiển thị danh sách phần mềm.
E9: Quản trị hệ thống có thể xem chi tiết thông tin phần mềm. Hệ thống LGSP hiển thị thông tin chi tiết phần mềm.
E10: Quản trị hệ thống có thể tìm kiếm phần mềm theo tiêu chí. Hệ thống LGSP hiển thị danh sách kết quả tìm kiếm phần mềm theo tiêu chí.
E11: Quản trị hệ thống có thể sắp xếp danh sách phần mềm. Hệ thống LGSP sắp xếp danh sách phần mềm theo thứ tự tăng/giảm.
E12: Quản trị hệ thống có thể thêm phần mềm. Hệ thống LGSP kiểm tra và lưu thông tin thêm phần mềm.
E13: Quản trị hệ thống có thể sửa phần mềm. Hệ thống LGSP kiểm tra và lưu thông tin sửa phần mềm.
E14: Quản trị hệ thống có thể xóa phần mềm. Hệ thống LGSP kiểm tra và lưu thông tin xóa phần mềm.
B15: =IF(D15="","",SUBTOTAL(3,$D$6:D17)) -> 2 | C15: Danh mục cơ quan, đơn vị tích hợp | D15: Quản trị hệ thống | F15: =IF(H15<4,"Đơn giản",IF(H15<=7,"Trung bình","Phức tạp")) -> Trung bình | G15: B | H15: =COUNTA(E16:E22) -> 7
E16: Quản trị hệ thống xem danh sách cơ quan, đơn vị. Hệ thống LGSP hiển thị danh sách cơ quan, đơn vị tích hợp.
E17: Quản trị hệ thống có thể xem chi tiết thông tin cơ quan, đơn vị. Hệ thống LGSP hiển thị thông tin chi tiết thông tin cơ quan, đơn vị.
E18: Quản trị hệ thống có thể tìm kiếm cơ quan, đơn vị theo tiêu chí. Hệ thống LGSP hiển thị thông tin cơ quan, đơn vị theo tiêu chí tìm kiếm.
E19: Quản trị hệ thống có thể sắp xếp danh sách cơ quan, đơn vị. Hệ thống LGSP hiển thị danh sách cơ quan, đơn vị theo thứ tự sắp xếp
E20: Quản trị hệ thống có thể thêm cơ quan, đơn vị. Hệ thống LGSP lưu thông tin thêm cơ quan, đơn vị.
E21: Quản trị hệ thống có thể sửa cơ quan, đơn vị. Hệ thống LGSP lưu thông tin sửa cơ quan, đơn vị.
E22: Quản trị hệ thống có thể xóa cơ quan, đơn vị. Hệ thống LGSP lưu thông tin xoá cơ quan, đơn vị.
B23: II | C23: Quản lý hệ thống các API
B24: =IF(D24="","",SUBTOTAL(3,$D$6:D26)) -> 3 | C24: Danh mục loại dữ liệu | D24: Quản trị hệ thống | F24: =IF(H24<4,"Đơn giản",IF(H24<=7,"Trung bình","Phức tạp")) -> Trung bình | G24: B | H24: =COUNTA(E25:E28) -> 4
E25: Quản trị hệ thống có thể xem danh sách loại dữ liệu. Hệ thống LGSP hiển thị danh sách loại dữ liệu.
E26: Quản trị hệ thống có thể thêm mới loại dữ liệu. Hệ thống LGSP lưu thông tin thêm mới loại dữ liệu.
E27: Quản trị hệ thống có thể sửa thông tin loại dữ liệu. Hệ thống LGSP lưu thông tin sửa thông tin loại dữ liệu
E28: Quản trị hệ thống có thể xóa loại dữ liệu. Hệ thống LGSP lưu thông tin xoá loại dữ liệu
E29: Quản trị hệ thống có thể tìm kiếm loại dữ liệu. Hệ thống LGSP hiển thị thông tin tìm kiếm loại dữ liệu
B30: =IF(D30="","",SUBTOTAL(3,$D$6:D31)) -> 4 | C30: Danh mục lược đồ dữ liệu | D30: Quản trị hệ thống | F30: =IF(H30<4,"Đơn giản",IF(H30<=7,"Trung bình","Phức tạp")) -> Trung bình | G30: B | H30: =COUNTA(E31:E34) -> 4
E31: Quản trị hệ thống có thể thêm mới lược đồ dữ liệu. Hệ thống LGSP lưu thông tin thêm mới lược đồ dữ liệu.
E32: Quản trị hệ thống có thể sửa thông tin lược đồ dữ liệu. Hệ thống LGSP lưu thông tin sửa lược đồ dữ liệu
E33: Quản trị hệ thống có thể xóa lược đồ dữ liệu. Hệ thống LGSP lưu thông tin xoá lược đồ dữ liệu
E34: Quản trị hệ thống có thể xem nội dung lược đồ dữ liệu. Hệ thống LGSP hiển thị nội dung lược đồ dữ liệu.
B35: =IF(D35="","",SUBTOTAL(3,$D$6:D37)) -> 5 | C35: Danh mục dịch vụ chia sẻ | D35: Quản trị hệ thống | F35: =IF(H35<4,"Đơn giản",IF(H35<=7,"Trung bình","Phức tạp")) -> Trung bình | G35: B | H35: =COUNTA(E36:E39) -> 4
E36: Quản trị hệ thống có thể xem danh sách dịch vụ chia sẻ. Hệ thống LGSP hiển thị danh sách dịch vụ chia sẻ.
E37: Quản trị hệ thống có thể thêm mới dịch vụ chia sẻ. Hệ thống LGSP lưu thông tin thêm mới dịch vụ chia sẻ.
E38: Quản trị hệ thống có thể sửa thông tin dịch vụ chia sẻ. Hệ thống LGSP lưu thông tin sửa thông tin dịch vụ chia sẻ.
E39: Quản trị hệ thống có thể xóa dịch vụ chia sẻ. Hệ thống LGSP lưu thông tin xóa dịch vụ chia sẻ
B40: =IF(D40="","",SUBTOTAL(3,$D$6:D42)) -> 6 | C40: Danh mục API chia sẻ | D40: Quản trị hệ thống | F40: =IF(H40<4,"Đơn giản",IF(H40<=7,"Trung bình","Phức tạp")) -> Trung bình | G40: B | H40: =COUNTA(E41:E45) -> 5
E41: Quản trị có thể xem danh sách API chia sẻ. Hệ thống LGSP hiển thị danh sách API chia sẻ.
E42: Quản trị có thể thêm mới API chia sẻ. Hệ thống LGSP lưu thông tin thêm mới API chia sẻ.
E43: Quản trị có thể sửa thông tin API chia sẻ. Hệ thống LGSP lưu thông tin sửa thông tin API chia sẻ
E44: Quản trị có thể xóa API chia sẻ. Hệ thống LGSP lưu thông tin xóa API chia sẻ
E45: Quản trị có thể tắt bật API chia sẻ. Hệ thống LGSP lưu thông tin tắt bật API chia sẻ
B46: =IF(D46="","",SUBTOTAL(3,$D$6:D50)) -> 7 | C46: Danh mục phân loại API | D46: Quản trị hệ thống | F46: =IF(H46<4,"Đơn giản",IF(H46<=7,"Trung bình","Phức tạp")) -> Trung bình | G46: B | H46: =COUNTA(E47:E51) -> 5
E47: Quản trị hệ thống có thể xem danh sách các API theo phân loại. Hệ thống LGSP hiển thị danh sách các API theo phân loại
E48: Quản trị hệ thống có thể xem chi tiết thông tin của từng API. Hệ thống LGSP hiển thị chi tiết thông tin của từng API
E49: Quản trị hệ thống có thể thêm mới, sửa hoặc xóa phân loại API. Hệ thống LGSP lưu thông tin thêm mới, sửa hoặc xóa phân loại API
E50: Quản trị hệ thống có thể gán API vào phân loại tương ứng. Hệ thống LGSP lưu thông tin gán API vào phân loại tương ứng
E51: Quản trị hệ thống có thể tìm kiếm và lọc API theo phân loại. Hệ thống LGSP hiển thị kết quả tìm kiếm.
B52: III | C52: Quản lý thông tin đăng ký sử dụng dữ liệu
B53: III.1 | C53: Đăng ký tích hợp dữ liệu
B54: =IF(D54="","",SUBTOTAL(3,$D$6:D54)) -> 8 | C54: Quản lý đăng ký tích hợp dữ liệu | D54: Quản trị hệ thống | F54: =IF(H54<4,"Đơn giản",IF(H54<=7,"Trung bình","Phức tạp")) -> Trung bình | G54: B | H54: =COUNTA(E55:E58) -> 4
E55: Quản trị hệ thống có thể thêm mới phần mềm tích hợp dữ liệu. Hệ thống LGSP lưu thông tin thêm mới phần mềm tích hợp dữ liệu.
E56: Quản trị hệ thống có thể sửa phần mềm tích hợp dữ liệu. Hệ thống LGSP lưu thông tin sửa phần mềm tích hợp dữ liệu.
E57: Quản trị hệ thống có thể xoá phần mềm tích hợp dữ liệu. Hệ thống LGSP lưu thông tin xoá phần mềm tích hợp dữ liệu.
E58: Quản trị hệ thống có thể tìm kiếm phần mềm tích hợp dữ liệu. Hệ thống LGSP hiển thị kết quả tìm kiếm.
B59: =IF(D59="","",SUBTOTAL(3,$D$6:D59)) -> 9 | C59: Danh sách phần mềm đăng ký tích hợp dữ liệu | D59: Quản trị hệ thống | F59: =IF(H59<4,"Đơn giản",IF(H59<=7,"Trung bình","Phức tạp")) -> Trung bình | G59: B | H59: =COUNTA(E60:E63) -> 4
E60: Quản trị hệ thống có thể xem danh sách phần mềm đăng ký tích hợp dữ liệu. Hệ thống LGSP hiển thị danh sách phần mềm đăng ký tích hợp dữ liệu.
E61: Quản trị hệ thống có thể sắp xếp danh sách phần mềm đăng ký tích hợp dữ liệu. Hệ thống LGSP hiển thị danh sách phần mềm đăng ký tích hợp dữ liệu theo thứ tự sắp xếp
E62: Quản trị hệ thống có thể xem thông tin chi tiết phần mềm đăng ký tích hợp dữ liệu. Hệ thống LGSP hiển thị thông tin chi tiết phần mềm đăng ký tích hợp dữ liệu
E63: Quản trị hệ thống có thể kết xuất danh sách phần mềm đăng ký tích hợp dữ liệu ra excel. Hệ thống LGSP hiển thị danh sách phần mềm đăng ký tích hợp dữ liệu trên excel.
B64: =IF(D64="","",SUBTOTAL(3,$D$6:D64)) -> 10 | C64: Danh sách dữ liệu đăng ký tích hợp | D64: Quản trị hệ thống | F64: =IF(H64<4,"Đơn giản",IF(H64<=7,"Trung bình","Phức tạp")) -> Trung bình | G64: B | H64: =COUNTA(E65:E68) -> 4
E65: Quản trị hệ thống có thể xem danh sách dữ liệu đăng ký tích hợp. Hệ thống LGSP hiển thị danh sách.
E66: Quản trị hệ thống có thể sắp xếp danh sách dữ liệu đăng ký tích hợp. Hệ thống LGSP hiển thị danh sách dữ liệu đăng ký tích hợp dữ liệu theo thứ tự sắp xếp.
E67: Quản trị hệ thống có thể xem thông tin chi tiết dữ liệu đăng ký tích hợp. Hệ thống LGSP hiển thị thông tin chi tiết dữ liệu đăng ký tích hợp.
E68: Quản trị hệ thống có thể kết xuất dữ liệu đăng ký tích hợp ra excel. Hệ thống LGSP hiển thị danh sách dữ liệu đăng ký tích hợp trên excel.
B69: =IF(D69="","",SUBTOTAL(3,$D$6:D69)) -> 11 | C69: Danh sách API đăng ký tích hợp | D69: Quản trị hệ thống | F69: =IF(H69<4,"Đơn giản",IF(H69<=7,"Trung bình","Phức tạp")) -> Trung bình | G69: B | H69: =COUNTA(E70:E73) -> 4
E70: Quản trị hệ thống có thể xem danh sách API đăng ký tích hợp. Hệ thống LGSP hiển thị danh sách API đăng ký tích hợp
E71: Quản trị hệ thống có thể sắp xếp danh sách API đăng ký tích hợp. Hệ thống LGSP hiển thị danh sách API đăng ký tích hợp theo thứ tự sắp xếp.
E72: Quản trị hệ thống có thể xem thông tin chi tiết API đăng ký tích hợp. Hệ thống LGSP hiển thị thông tin chi tiết API đăng ký tích hợp.
E73: Quản trị hệ thống có thể kết xuất API đăng ký tích hợp ra excel. Hệ thống LGSP hiển thị danh sách API đăng ký tích hợp trên excel.
B74: III.2 | C74: Đăng ký phân phối dữ liệu
B75: =IF(D75="","",SUBTOTAL(3,$D$6:D75)) -> 12 | C75: Quản lý đăng ký phân phối dữ liệu | D75: Quản trị hệ thống | F75: =IF(H75<4,"Đơn giản",IF(H75<=7,"Trung bình","Phức tạp")) -> Trung bình | G75: B | H75: =COUNTA(E76:E79) -> 4
E76: Quản trị hệ thống có thể thêm mới phần mềm phân phối dữ liệu. Hệ thống LGSP lưu thông tin thêm mới phần mềm phân phối dữ liệu.
E77: Quản trị hệ thống có thể sửa phần mềm phân phối dữ liệu. Hệ thống LGSP lưu thông tin sửa phần mềm phân phối dữ liệu.
E78: Quản trị hệ thống có thể xoá phần mềm phân phối dữ liệu. Hệ thống LGSP lưu thông tin xoá phần mềm phân phối dữ liệu.
E79: Quản trị hệ thống có thể tìm kiếm phần mềm phân phối dữ liệu. Hệ thống LGSP hiển thị kết quả tìm kiếm.
B80: =IF(D80="","",SUBTOTAL(3,$D$6:D80)) -> 13 | C80: Danh sách phần mềm đăng ký phân phối dữ liệu | D80: Quản trị hệ thống | F80: =IF(H80<4,"Đơn giản",IF(H80<=7,"Trung bình","Phức tạp")) -> Trung bình | G80: B | H80: =COUNTA(E81:E84) -> 4
E81: Quản trị hệ thống có thể xem danh sách phần mềm đăng ký phân phối dữ liệu. Hệ thống LGSP hiển thị danh sách phần mềm đăng ký phân phối dữ liệu.
E82: Quản trị hệ thống có thể sắp xếp danh sách phần mềm đăng ký phân phối dữ liệu. Hệ thống LGSP hiển thị danh sách phần mềm đăng ký phân phối dữ liệu theo thứ tự sắp xếp
E83: Quản trị hệ thống có thể xem thông tin chi tiết phần mềm đăng ký phân hối dữ liệu. Hệ thống LGSP hiển thị thông tin chi tiết phần mềm đăng ký phân phối dữ liệu
E84: Quản trị hệ thống có thể kết xuất danh sách phần mềm đăng ký phân phối dữ liệu ra excel. Hệ thống LGSP hiển thị danh sách phần mềm đăng ký phân phối dữ liệu trên excel.
B85: =IF(D85="","",SUBTOTAL(3,$D$6:D85)) -> 14 | C85: Danh sách dữ liệu đăng ký phân phối | D85: Quản trị hệ thống | F85: =IF(H85<4,"Đơn giản",IF(H85<=7,"Trung bình","Phức tạp")) -> Trung bình | G85: B | H85: =COUNTA(E86:E89) -> 4
E86: Quản trị hệ thống có thể xem danh sách dữ liệu đăng ký phân phối. Hệ thống LGSP hiển thị danh sách.
E87: Quản trị hệ thống có thể sắp xếp danh sách dữ liệu đăng ký phân phối. Hệ thống LGSP hiển thị danh sách dữ liệu đăng ký phân phối dữ liệu theo thứ tự sắp xếp.
E88: Quản trị hệ thống có thể xem thông tin chi tiết dữ liệu đăng ký phân phối. Hệ thống LGSP hiển thị thông tin chi tiết dữ liệu đăng ký phân phối.
E89: Quản trị hệ thống có thể kết xuất dữ liệu đăng ký phân phối ra excel. Hệ thống LGSP hiển thị danh sách dữ liệu đăng ký phân phối trên excel.
B90: =IF(D90="","",SUBTOTAL(3,$D$6:D90)) -> 15 | C90: Danh sách API đăng ký phân phối | D90: Quản trị hệ thống | F90: =IF(H90<4,"Đơn giản",IF(H90<=7,"Trung bình","Phức tạp")) -> Trung bình | G90: B | H90: =COUNTA(E91:E94) -> 4
E91: Quản trị hệ thống có thể xem danh sách API đăng ký phân phối. Hệ thống LGSP hiển thị danh sách API đăng ký phân phối
E92: Quản trị hệ thống có thể sắp xếp danh sách API đăng ký phân phối. Hệ thống LGSP hiển thị danh sách API đăng ký phân phối theo thứ tự sắp xếp.
E93: Quản trị hệ thống có thể xem thông tin chi tiết API đăng ký phân phối. Hệ thống LGSP hiển thị thông tin chi tiết API đăng ký phân phối.
E94: Quản trị hệ thống có thể kết xuất API đăng ký phân phối ra excel. Hệ thống LGSP hiển thị danh sách API đăng ký phân phối trên excel.
B95: III.2 | C95: Đăng ký chia sẻ dữ liệu
B96: =IF(D96="","",SUBTOTAL(3,$D$6:D96)) -> 16 | C96: Quản lý đăng ký chia sẻ dữ liệu | D96: Quản trị hệ thống | F96: =IF(H96<4,"Đơn giản",IF(H96<=7,"Trung bình","Phức tạp")) -> Trung bình | G96: B | H96: =COUNTA(E97:E100) -> 4
E97: Quản trị hệ thống có thể thêm mới phần mềm chia sẻ dữ liệu. Hệ thống LGSP lưu thông tin thêm mới phần mềm chia sẻ dữ liệu.
E98: Quản trị hệ thống có thể sửa phần mềm chia sẻ dữ liệu. Hệ thống LGSP lưu thông tin sửa phần mềm chia sẻ dữ liệu.
E99: Quản trị hệ thống có thể xoá phần mềm chia sẻ dữ liệu. Hệ thống LGSP lưu thông tin xoá phần mềm chia sẻ dữ liệu.
E100: Quản trị hệ thống có thể tìm kiếm phần mềm chia sẻ dữ liệu. Hệ thống LGSP hiển thị kết quả tìm kiếm.
B101: =IF(D101="","",SUBTOTAL(3,$D$6:D101)) -> 17 | C101: Danh sách phần mềm đăng ký chia sẻ dữ liệu | D101: Quản trị hệ thống | F101: =IF(H101<4,"Đơn giản",IF(H101<=7,"Trung bình","Phức tạp")) -> Trung bình | G101: B | H101: =COUNTA(E102:E105) -> 4
E102: Quản trị hệ thống có thể xem danh sách phần mềm đăng ký chia sẻ dữ liệu. Hệ thống LGSP hiển thị danh sách phần mềm đăng ký chia sẻ dữ liệu.
...

Sheet UC.III
B2: Bảng chuyển đổi yêu cầu chức năng sang trường hợp sử dụng (USE CASE) | J2: =PM_LGSP.VIII!I10 -> 7003000000
B3: Phụ lục III ban hành kèm theo Quyết định số 671/QĐ-BTTTT
B5: TT | C5: Tên Use-case | D5: Tên tác nhân | E5: Giao dịch (Transaction) | F5: Phân loại theo độ phức tạp | G5: Phân loại theo BMT | H5: Sử dụng
B6: I | C6: Quản lý kết nối, định tuyến, xử lý và chuyển đổi
B7: =IF(D7="","",SUBTOTAL(3,$D7:D$7)) -> 1 | C7: Quản lý các dịch vụ trung gian (Proxy services) | D7: Quản trị hệ thống | F7: =IF(H7<4,"Đơn giản",IF(H7<=7,"Trung bình","Phức tạp")) -> Trung bình | G7: B | H7: =COUNTA(E8:E13) -> 6
E8: Quản trị hệ thống chọn menu Danh sách Dịch vụ Proxy. Hệ thống hiển thị danh sách các dịch vụ proxy
E9: Quản trị hệ thống có thể nhập từ khóa để tìm kiếm dịch vụ theo tên. Hệ thống hiển thị dịch vụ theo từ khóa tìm kiếm
E10: Quản trị hệ thống có thể tìm kiếm theo tiêu chí kiểu dịch vụ. Hệ thống hiển thị danh sách dịch vụ theo tiêu chí tìm kiếm
E11: Quản trị hệ thống có thể kết hợp tìm kiếm dịch vụ theo từ khóa và tiêu chí kiểu dịch vụ. Hệ thống hiển thị dịch vụ thỏa mãn điều kiện tìm kiếm
E12: Quản trị hệ thống có thể chọn xem thông tin WSDL của dịch vụ. Hệ thống hiển thị thông tin cần thiết của dịch vụ được chọn
E13: Quản trị hệ thống có thể chọn tải về gói dịch vụ. Hệ thống tải về gói dịch vụ được chọn
B14: =IF(D14="","",SUBTOTAL(3,$D$7:D14)) -> 2 | C14: Tạo mới các dịch vụ trung gian (proxy services) | D14: Quản trị hệ thống | F14: =IF(H14<4,"Đơn giản",IF(H14<=7,"Trung bình","Phức tạp")) -> Trung bình | G14: B | H14: =COUNTA(E15:E21) -> 7
E15: Quản trị hệ thống chọn menu Thêm mới Dịch vụ Proxy. Hệ thống hiển thị danh sách các dịch vụ để thêm mới
E16: Quản trị hệ thống có thể chọn tạo mới dịch vụ dạng Pass Through Proxy. Hệ thống hiển thị màn hình thêm mới dịch vụ Pass Through Proxy
E17: Quản trị hệ thống có thể chọn tạo mới dịch vụ dạng Secure Proxy. Hệ thống hiển thị màn hình thêm mới dịch vụ Secure Proxy
E18: Quản trị hệ thống có thể chọn tạo mới dịch vụ dạng WSDL based proxy. Hệ thống hiển thị màn hình thêm mới dịch vụ WSDL based proxy
E19: Quản trị hệ thống có thể chọn tạo mới dịch vụ dạng Logging proxy. Hệ thống hiển thị màn hình thêm mới dịch vụ Logging proxy
E20: Quản trị hệ thống có thể chọn tạo mới dịch vụ dạng Transformer Proxy. Hệ thống hiển thị màn hình thêm mới dịch vụ Transformer Proxy
E21: Quản trị hệ thống có thể chọn tạo mới dịch vụ dạng Custom proxy. Hệ thống hiển thị màn hình thêm mới dịch vụ Custom proxy
B22: =IF(D22="","",SUBTOTAL(3,$D$7:D22)) -> 3 | C22: Thiết lập dịch vụ Pass Through Proxy (dữ liệu vào của dịch vụ trung gian) | D22: Quản trị hệ thống | F22: =IF(H22<4,"Đơn giản",IF(H22<=7,"Trung bình","Phức tạp")) -> Trung bình | G22: B | H22: =COUNTA(E23:E29) -> 7
E23: Quản trị hệ thống chọn tạo mới dịch vụ dạng Pass Through Proxy. Hệ thống hiển thị màn hình thêm mới dịch vụ Pass Through Proxy
E24: Quản trị hệ thống nhập các thông tin để thêm mới. Hệ thống hiển thị thông tin nhập
E25: Quản trị hệ thống có thể lựa chọn điểm truy cập đích từ định nghĩa URL trực tiếp khi thêm mới dịch vụ Pass Through Proxy. Hệ thống hiển thị ra thêm các trường để nhập thông tin nếu có
E26: Quản trị hệ thống có thể lựa chọn điểm truy cập đích từ kho đăng ký khi thêm mới dịch vụ Pass Through Proxy. Hệ thống hiển thị ra thêm các trường để nhập thông tin nếu có
E27: Quản trị hệ thống có thể lựa chọn chuyển đổi yêu cầu gửi tới bằng XSLT từ kho đăng ký khi thêm mới dịch vụ Pass Through Proxy. Hệ thống đánh dấu thông tin lựa chọn
E28: Quản trị hệ thống có thể lựa chọn chuyển đổi phản hồi bằng XSLT từ kho đăng ký khi thêm mới dịch vụ Pass Through Proxy. Hệ thống đánh dấu thông tin lựa chọn
E29: Quản trị hệ thống có thể nhấn nút Thiết lập. Hệ thống lưu lại thông tin và thiết lập dịch vụ
B30: =IF(D30="","",SUBTOTAL(3,$D$7:D30)) -> 4 | C30: Thiết lập dịch vụ Transformer Proxy | D30: Quản trị hệ thống | F30: =IF(H30<4,"Đơn giản",IF(H30<=7,"Trung bình","Phức tạp")) -> Trung bình | G30: B | H30: =COUNTA(E31:E37) -> 7
E31: Quản trị hệ thống chọn tạo mới dịch vụ dạng Transformer Proxy. Hệ thống hiển thị màn hình thêm mới dịch vụ Transformer Proxy
E32: Quản trị hệ thống nhập các thông tin để thêm mới. Hệ thống hiển thị thông tin nhập
E33: Quản trị hệ thống có thể lựa chọn điểm truy cập đích từ định nghĩa URL trực tiếp khi thêm mới dịch vụ Transformer Proxy. Hệ thống hiển thị ra thêm các trường để nhập thông tin nếu có
E34: Quản trị hệ thống có thể lựa chọn điểm truy cập đích từ kho đăng ký khi thêm mới dịch vụ Transformer Proxy. Hệ thống hiển thị ra thêm các trường để nhập thông tin nếu có
E35: Quản trị hệ thống có thể lựa chọn chuyển đổi yêu cầu gửi tới bằng XSLT từ kho đăng ký khi thêm mới dịch vụ Transformer Proxy. Hệ thống đánh dấu thông tin lựa chọn
E36: Quản trị hệ thống có thể lựa chọn chuyển đổi phản hồi bằng XSLT từ kho đăng ký khi thêm mới dịch vụ Transformer Proxy. Hệ thống đánh dấu thông tin lựa chọn
E37: Quản trị hệ thống có thể nhấn nút Thiết lập. Hệ thống lưu lại thông tin và thiết lập dịch vụ
B38: =IF(D38="","",SUBTOTAL(3,$D$7:D38)) -> 5 | C38: Thiết lập dịch vụ Secure Proxy | D38: Quản trị hệ thống | F38: =IF(H38<4,"Đơn giản",IF(H38<=7,"Trung bình","Phức tạp")) -> Trung bình | G38: B | H38: =COUNTA(E39:E45) -> 7
E39: Quản trị hệ thống chọn tạo mới dịch vụ dạng Secure Proxy. Hệ thống hiển thị màn hình thêm mới dịch vụ Secure Proxy
E40: Quản trị hệ thống nhập các thông tin để thêm mới. Hệ thống hiển thị thông tin nhập
E41: Quản trị hệ thống có thể lựa chọn điểm truy cập đích từ định nghĩa URL trực tiếp khi thêm mới dịch vụ Secure Proxy. Hệ thống hiển thị ra thêm các trường để nhập thông tin nếu có
E42: Quản trị hệ thống có thể lựa chọn điểm truy cập đích từ kho đăng ký khi thêm mới dịch vụ Secure Proxy. Hệ thống hiển thị ra thêm các trường để nhập thông tin nếu có
E43: Quản trị hệ thống có thể lựa chọn chính sách bảo mật từ kho đăng ký khi thêm mới dịch vụ Secure Proxy. Hệ thống đánh dấu thông tin lựa chọn
E44: Quản trị hệ thống có thể nhấn nút Thiết lập. Hệ thống lưu lại thông tin và thiết lập dịch vụ
E45: Quản trị hệ thống có thể nhấn nút Hủy. Hệ thống hủy bỏ quá trình thiết lập dịch vụ
B46: =IF(D46="","",SUBTOTAL(3,$D$7:D46)) -> 6 | C46: Thiết lập dịch vụ Logging Proxy | D46: Quản trị hệ thống | F46: =IF(H46<4,"Đơn giản",IF(H46<=7,"Trung bình","Phức tạp")) -> Trung bình | G46: B | H46: =COUNTA(E47:E53) -> 7
E47: Quản trị hệ thống chọn tạo mới dịch vụ dạng Logging proxy. Hệ thống hiển thị màn hình thêm mới dịch vụ Logging proxy
E48: Quản trị hệ thống nhập các thông tin để thêm mới. Hệ thống hiển thị thông tin nhập
E49: Quản trị hệ thống có thể lựa chọn điểm truy cập đích từ định nghĩa URL trực tiếp khi thêm mới dịch vụ Logging Proxy. Hệ thống hiển thị ra thêm các trường để nhập thông tin nếu có
E50: Quản trị hệ thống có thể lựa chọn điểm truy cập đích từ kho đăng ký khi thêm mới dịch vụ Logging Proxy. Hệ thống hiển thị ra thêm các trường để nhập thông tin nếu có
E51: Quản trị hệ thống có thể lựa chọn mức lưu vết cho các yêu cầu gửi đến khi thêm mới dịch vụ Logging Proxy. Hệ thống đánh dấu thông tin lựa chọn
E52: Quản trị hệ thống có thể lựa chọn mức lưu vết cho các phản hồi khi thêm mới dịch vụ Logging Proxy. Hệ thống đánh dấu thông tin lựa chọn
E53: Quản trị hệ thống có thể nhấn nút Thiết lập. Hệ thống lưu lại thông tin và thiết lập dịch vụ
B54: =IF(D54="","",SUBTOTAL(3,$D$7:D54)) -> 7 | C54: Thiết lập dịch vụ WSDL Based Proxy | D54: Quản trị hệ thống | F54: =IF(H54<4,"Đơn giản",IF(H54<=7,"Trung bình","Phức tạp")) -> Trung bình | G54: B | H54: =COUNTA(E55:E59) -> 5
E55: Quản trị hệ thống chọn tạo mới dịch vụ dạng WSDL based proxy. Hệ thống hiển thị màn hình thêm mới dịch vụ WSDL based proxy
E56: Quản trị hệ thống chọn tạo mới dịch vụ dạng WSDL based proxy. Hệ thống hiển thị màn hình thêm mới dịch vụ WSDL based proxy
E57: Quản trị hệ thống nhập các thông tin để thêm mới. Hệ thống hiển thị thông tin nhập
E58: Quản trị hệ thống có thể nhấn nút Thiết lập. Hệ thống lưu lại thông tin và thiết lập dịch vụ
E59: Quản trị hệ thống có thể nhấn nút Hủy. Hệ thống hủy bỏ quá trình thiết lập dịch vụ
B60: =IF(D60="","",SUBTOTAL(3,$D$7:D60)) -> 8 | C60: Thiết lập dịch vụ Custom proxy | D60: Quản trị hệ thống | F60: =IF(H60<4,"Đơn giản",IF(H60<=7,"Trung bình","Phức tạp")) -> Trung bình | G60: B | H60: =COUNTA(E61:E64) -> 4
E61: Quản trị hệ thống chọn tạo mới dịch vụ dạng Custom proxy. Hệ thống hiển thị màn hình thêm mới dịch vụ Custom proxy
E62: Quản trị hệ thống nhập các thông tin để thêm mới. Hệ thống hiển thị thông tin nhập
E63: Quản trị hệ thống có thể nhấn nút Thiết lập. Hệ thống lưu lại thông tin và thiết lập dịch vụ
E64: Quản trị hệ thống có thể nhấn nút Hủy. Hệ thống hủy bỏ quá trình thiết lập dịch vụ
B65: =IF(D65="","",SUBTOTAL(3,$D$7:D65)) -> 9 | C65: Xem chi tiết thông tin dịch vụ trung gian | D65: Quản trị hệ thống | F65: =IF(H65<4,"Đơn giản",IF(H65<=7,"Trung bình","Phức tạp")) -> Trung bình | G65: B | H65: =COUNTA(E66:E71) -> 6
E66: Quản trị hệ thống chọn menu Danh sách Dịch vụ Proxy. Hệ thống hiển thị danh sách các dịch vụ proxy
E67: Quản trị hệ thống chọn một dịch vụ cần xem thông tin chi tiết. Hệ thống hiển thị màn hình thông tin chi tiết
E68: Quản trị hệ thống có thể kích hoạt hoặc dừng kích hoạt dịch vụ. Hệ thống thực hiện theo lựa chọn Kích hoạt hoặc dừng kích hoạt
E69: Quản trị hệ thống có thể chọn xem thông tin WSDL của dịch vụ. Hệ thống hiển thị thông tin cần thiết của dịch vụ được chọn
E70: Quản trị hệ thống có thể cài đặt lại dịch vụ. Hệ thống hiển thị màn hình cài đặt lại dịch vụ
E71: Quản trị hệ thống có thể chọn kiểm thử dịch vụ bằng công cụ. Hệ thống hiển thị màn hình để kiểm thử dịch vụ
B72: =IF(D72="","",SUBTOTAL(3,$D$7:D72)) -> 10 | C72: Quản lý chuỗi xử lý dữ liệu (Sequences) | D72: Quản trị hệ thống | F72: =IF(H72<4,"Đơn giản",IF(H72<=7,"Trung bình","Phức tạp")) -> Trung bình | G72: B | H72: =COUNTA(E73:E79) -> 7
E73: Quản trị hệ thống chọn menu Sequences. Hệ thống hiển thị màn hình danh sách chuỗi xử lý dữ liệu (Sequences)
E74: Quản trị hệ thống có thể thiết lập bật/tắt thống kê về chuỗi xử lý. Hệ thống lưu thông tin thiết lập
E75: Quản trị hệ thống có thể thiết lập bật/tắt lưu vết về chuỗi xử lý. Hệ thống lưu thông tin thiết lập
E76: Quản trị hệ thống có thể nhập từ khóa để tìm kiếm chuỗi xử lý theo tên. Hệ thống hiển thị dịch vụ theo từ khóa tìm kiếm
E77: Quản trị hệ thống có thể chỉnh sửa chuỗi xử lý. Hệ thống hiển thị màn hình chỉnh sửa
E78: Quản trị hệ thống có thể xóa chuối xử lý cần xóa. Hệ thống thực hiện thao tác xóa chuỗi được chọn
E79: Quản trị hệ thống có thể chọn xóa nhiều chuỗi xử lý một lúc. Hệ thống đánh dấu và thực hiện thao tác xóa các chuỗi được chọn
B80: =IF(D80="","",SUBTOTAL(3,$D$7:D80)) -> 11 | C80: Thiết lập chuỗi xử lý dữ liệu (Sequences) | D80: Quản trị hệ thống | F80: =IF(H80<4,"Đơn giản",IF(H80<=7,"Trung bình","Phức tạp")) -> Trung bình | G80: B | H80: =COUNTA(E81:E87) -> 7
E81: Quản trị hệ thống chọn menu Sequences. Hệ thống hiển thị màn hình danh sách chuỗi xử lý dữ liệu (Sequences)
E82: Quản trị hệ thống chọn tạo mới chuỗi xử lý. Hệ thống hiển thị màn hình tạo mới chuỗi xử lý
E83: Quản trị hệ thống có thể thiết lập chuỗi lỗi từ kho đăng ký. Hệ thống hiển thị thông tin thiết lập
E84: Quản trị hệ thống có thể lưu chuỗi vào kho đăng ký. Hệ thống kiểm tra và lưu chuỗi vào kho đăng ký
E85: Quản trị hệ thống có thể thêm mới các bộ điều hợp (mediator) ở cùng cấp. Hệ thống lưu thông tin thêm mới
E86: Quản trị hệ thống có thể di chuyển các bộ điều phối. Hệ thống thực hiện di chuyển các bộ điều phối
E87: Quản trị hệ thống có thể xóa các bộ điều phối. Hệ thống thực hiện thao tác xóa các bộ điều phối
B88: =IF(D88="","",SUBTOTAL(3,$D$7:D88)) -> 12 | C88: Quản lý các điểm truy cập cuối(endpoint) | D88: Quản trị hệ thống | F88: =IF(H88<4,"Đơn giản",IF(H88<=7,"Trung bình","Phức tạp")) -> Trung bình | G88: B | H88: =COUNTA(E89:E95) -> 7
E89: Quản trị hệ thống chọn menu Endpoint. Hệ thống hiển thị màn hình danh sách các điểm truy cập cuối
E90: Quản trị hệ thống có thể xem danh sách các điểm cuối động. Hệ thống hiển thị danh sách các điểm cuối động
E91: Quản trị hệ thống có thể nhập từ khóa để tìm kiếm điểm truy cập cuối theo tên. Hệ thống hiển thị điểm truy cập cuối theo từ khóa tìm kiếm
E92: Quản trị hệ thống có thể tìm kiếm theo tiêu chí kiểu điểm truy cập cuối. Hệ thống hiển thị danh sách điểm truy cập cuối theo tiêu chí tìm kiếm
E93: Quản trị hệ thống có thể kết hợp tìm kiếm điểm truy cập cuối theo từ khóa và tiêu chí kiểu điểm truy cập cuối. Hệ thống hiển thị điểm truy cập cuối thỏa mãn điều kiện tìm kiếm
E94: Quản trị hệ thống có thể chọn kích hoạt/ngừng kích hoạt điểm truy cập cuối. Hệ thống thực hiện kích hoạt/ngưng kích hoạt điểm truy cập cuối được chọn
E95: Quản trị hệ thống có thể sửa điểm truy cập cuối. Hệ thống hiển thị màn hình sửa điểm truy cập cuối
B96: =IF(D96="","",SUBTOTAL(3,$D$7:D96)) -> 13 | C96: Tạo mới điểm truy cập cuối (endpoint) | D96: Quản trị hệ thống | F96: =IF(H96<4,"Đơn giản",IF(H96<=7,"Trung bình","Phức tạp")) -> Trung bình | G96: B | H96: =COUNTA(E97:E102) -> 6
E97: Quản trị hệ thống chọn menu Endpoint. Hệ thống hiển thị màn hình danh sách các điểm truy cập cuối
E98: Quản trị hệ thống chọn Tạo mới. Hệ thống hiển thị màn hình danh sách các kiểu điểm truy cập cuối
E99: Quản trị hệ thống chọn kiểu điểm truy cập cuối cần thêm. Hệ thống hiển thị màn hình tạo mới điểm truy cập cuối với kiểu tương ứng
E100: Quản trị hệ thống nhập thông tin thêm mới. Hệ thống hiển thị thông tin nhập
E101: Quản trị hệ thống có thể chọn lưu vào kho đăng ký. Hệ thống kiểm tra thông tin và lưu vào kho đăng ký
E102: Quản trị hệ thống có thể chọn nút Hủy. Hệ thống hủy bỏ quá trình tạo mới điểm truy cập cuối
...

Sheet UC.III_17.11
B2: Bảng chuyển đổi yêu cầu chức năng sang trường hợp sử dụng (USE CASE) | K2: =PM_LGSP.VIII!I10 -> 7003000000
B3: Phụ lục III ban hành kèm theo Quyết định số 671/QĐ-BTTTT
B5: TT | C5: Tên Use-case | D5: Tên tác nhân | E5: Mô tả | F5: Giao dịch (Transaction) | G5: Phân loại theo độ phức tạp | H5: Phân loại theo BMT | I5: Sử dụng
B6: I | C6: Quản lý hệ thống các phần mềm, CSDL kết nối với LGSP
B7: =IF(D7="","",SUBTOTAL(3,$D$6:D9)) -> 1 | C7: Quản lý phần mềm tích hợp chia sẻ | D7: Quản trị hệ thống | E7: Quản lý thông tin phần mềm, mục đích tích hợp, hình thức kết nối (REST/SOAP/File/Batch). | G7: =IF(I7<4,"Đơn giản",IF(I7<=7,"Trung bình","Phức tạp")) -> Trung bình | H7: B | I7: =COUNTA(F8:F14) -> 7
F8: Quản trị hệ thống xem danh sách phần mềm. Hệ thống hiển thị danh sách phần mềm.
F9: Quản trị hệ thống có thể xem chi tiết thông tin phần mềm. Hệ thống hiển thị thông tin chi tiết phần mềm.
F10: Quản trị hệ thống có thể tìm kiếm phần mềm theo tiêu chí. Hệ thống hiển thị danh sách kết quả tìm kiếm phần mềm theo tiêu chí.
F11: Quản trị hệ thống có thể sắp xếp danh sách phần mềm. Hệ thống sắp xếp danh sách phần mềm theo thứ tự tăng/giảm.
F12: Quản trị hệ thống có thể thêm phần mềm. Hệ thống kiểm tra và lưu thông tin thêm phần mềm.
F13: Quản trị hệ thống có thể sửa phần mềm. Hệ thống kiểm tra và lưu thông tin sửa phần mềm.
F14: Quản trị hệ thống có thể xóa phần mềm. Hệ thống kiểm tra và lưu thông tin xóa phần mềm.
B15: =IF(D15="","",SUBTOTAL(3,$D$6:D17)) -> 2 | C15: Danh mục cơ quan, đơn vị tích hợp | D15: Quản trị hệ thống | E15: Quản lý thông tin cơ quan, đơn vị tích hợp: Tên đơn vị, mã định danh, địa chỉ, người phụ trách kỹ thuật, Thông tin liên hệ (email, số điện thoại). Trạng thái hoạt động: đang hoạt động / tạm dừng / thu hồi. | G15: =IF(I15<4,"Đơn giản",IF(I15<=7,"Trung bình","Phức tạp")) -> Đơn giản | H15: B | I15: =COUNTA(F16:F30F18) -> 1
F16: Quản trị hệ thống xem danh sách cơ quan, đơn vị
F17: Quản trị hệ thống có thể xem chi tiết thông tin cơ quan, đơn vị
F18: Quản trị hệ thống có thể tìm kiếm cơ quan, đơn vị theo tiêu chí
F19: Quản trị hệ thống có thể sắp xếp danh sách cơ quan, đơn vị
F20: Quản trị hệ thống có thể thêm cơ quan, đơn vị
F21: Quản trị hệ thống có thể sửa cơ quan, đơn vị
F22: Quản trị hệ thống có thể xóa cơ quan, đơn vị
B23: =IF(D23="","",SUBTOTAL(3,$D$6:D27)) -> 3 | C23: Đăng ký API được sử dụng | D23: Quản trị hệ thống; Người dùng | E23: Cơ quan chủ quản dữ liệu, cơ quan sử dụng dữ liệu đăng ký các API mà phần mềm của họ được sử dụng trên LGSP | G23: =IF(I23<4,"Đơn giản",IF(I23<=7,"Trung bình","Phức tạp")) -> Phức tạp | H23: B | I23: =COUNTA(F26:F33) -> 8
F24: Quản trị hệ thống có thể xem danh sách phần mềm
F26: Người dùng có thể xem danh sách API đang cung cấp
F27: Người dùng có thể xem chi tiết mô tả API
F28: Người dùng có thể gửi yêu cầu đăng ký sử dụng API
F29: Người dùng có thể theo dõi trạng thái phê duyệt yêu cầu đăng ký API
F30: Người dùng có thể xem danh sách yêu cầu đăng ký API
F31: Người dùng có thể phê duyệt hoặc từ chối yêu cầu đăng ký API
F32: Người dùng có thể gán quyền sử dụng API cho từng phần mềm tích hợp
F33: Người dùng có thể hủy quyền sử dụng API khi cần thiết
B34: =IF(D34="","",SUBTOTAL(3,$D$6:D36)) -> 4 | C34: Giám sát sử dụng dịch vụ theo phần mềm | D34: Quản trị hệ thống; Người dùng | E34: Danh sách các dịch vụ sử dụng, tần xuất sử dụng, Lịch sử thành công / lỗi. | G34: =IF(I34<4,"Đơn giản",IF(I34<=7,"Trung bình","Phức tạp")) -> Trung bình | H34: B | I34: =COUNTA(F35:F38) -> 4
F35: Người dùng có thể xem danh sách dịch vụ theo phần mềm
F36: Người dùng có thể xem chi tiết tần xuất sử dụng từng dịch vụ theo phần mềm
F37: Người dùng có thể theo dõi trạng thái hoạt động của dịch vụ theo phần mềm
F38: Người dùng có thể xuất báo cáo sử dụng dịch vụ theo phần mềm theo thời gian định kỳ hoặc theo yêu cầu
B39: =IF(D39="","",SUBTOTAL(3,$D$6:D41)) -> 5 | C39: Nhật ký truy vết | D39: Quản trị hệ thống; Người dùng | E39: Theo dõi và lưu trữ mọi thay đổi thông tin đăng ký phần mềm và đơn vị tích hợp | G39: =IF(I39<4,"Đơn giản",IF(I39<=7,"Trung bình","Phức tạp")) -> Trung bình | H39: B | I39: =COUNTA(F40:F45) -> 6
F40: Người dùng có thể xem danh sách các thay đổi thông tin đăng ký phần mềm
F41: Người dùng có thể xem chi tiết lịch sử thay đổi thông tin của từng phần mềm
F42: Người dùng có thể xem danh sách các thay đổi thông tin của các đơn vị tích hợp
F43: Người dùng có thể lọc và tìm kiếm nhật ký theo phần mềm, đơn vị tích hợp
F44: Người dùng có thể xuất báo cáo nhật ký truy vết theo phần mềm hoặc đơn vị tích hợp
F45: Người dùng có thể nhận cảnh báo khi có thay đổi trong thông tin đăng ký phần mềm
B46: II | C46: Quản lý hệ thống các API
B47: =IF(D47="","",SUBTOTAL(3,$D$6:D49)) -> 6 | C47: Danh mục loại dữ liệu | D47: Quản trị hệ thống | E47: Quản lý, chuẩn hóa và phân loại các loại dữ liệu được chia sẻ và tích hợp trên nền tảng | G47: =IF(I47<4,"Đơn giản",IF(I47<=7,"Trung bình","Phức tạp")) -> Trung bình | H47: B | I47: =COUNTA(F48:F51) -> 4
F48: Quản trị hệ thống có thể xem danh sách loại dữ liệu
F49: Quản trị hệ thống có thể thêm mới loại dữ liệu
F50: Quản trị hệ thống có thể sửa thông tin loại dữ liệu
F51: Quản trị hệ thống có thể xóa loại dữ liệu
F52: Quản trị hệ thống có thể tìm kiếm loại dữ liệu
B53: =IF(D53="","",SUBTOTAL(3,$D$6:D55)) -> 7 | C53: Danh mục lược đồ XML dữ liệu | D53: Quản trị hệ thống | E53: Quản lý, lưu trữ và tra cứu các lược đồ XML (schema) quy định cấu trúc dữ liệu trao đổi giữa các hệ thống | G53: =IF(I53<4,"Đơn giản",IF(I53<=7,"Trung bình","Phức tạp")) -> Phức tạp | H53: B | I53: =COUNTA(F54:F61) -> 8
F54: Quản trị hệ thống có thể lựa chọn dữ liệu để xem lược đồ xml
F55: Quản trị hệ thống có thể thêm mới thẻ xml
F56: Quản trị hệ thống có thể sửa thông tin thẻ xml
F57: Quản trị hệ thống có thể xóa thẻ xml trên file
F58: Quản trị hệ thống có thể lựa chọn xóa nhiều thẻ xml trên file
F59: Quản trị hệ thống có thể xem nội dung file xml
F60: Quản trị hệ thống có thể upload lược đồ từ file đã soạn
F61: Quản trị hệ thống có thể tải file lược đồ
B62: =IF(D62="","",SUBTOTAL(3,$D$6:D64)) -> 8 | C62: Danh mục dịch vụ chia sẻ | D62: Quản trị hệ thống | E62: Quản lý danh mục các dịch vụ chia sẻ dữ liệu được đăng ký | G62: =IF(I62<4,"Đơn giản",IF(I62<=7,"Trung bình","Phức tạp")) -> Trung bình | H62: B | I62: =COUNTA(F63:F66) -> 4
F63: Quản trị hệ thống có thể xem danh sách dịch vụ chia sẻ
F64: Quản trị hệ thống có thể thêm mới dịch vụ chia sẻ
F65: Quản trị hệ thống có thể sửa thông tin dịch vụ chia sẻ
F66: Quản trị hệ thống có thể xóa dịch vụ chia sẻ
B67: =IF(D67="","",SUBTOTAL(3,$D$6:D69)) -> 9 | C67: Danh mục API chia sẻ | D67: Quản trị hệ thống | E67: Quản lý danh sách các API được công bố | G67: =IF(I67<4,"Đơn giản",IF(I67<=7,"Trung bình","Phức tạp")) -> Trung bình | H67: B | I67: =COUNTA(F68:F72) -> 5
F68: Quản trị có thể xem danh sách API chia sẻ của trục
F69: Quản trị có thể thêm mới API chia sẻ
F70: Quản trị có thể sửa thông tin API chia sẻ
F71: Quản trị có thể xóa API chia sẻ
F72: Quản trị có thể tắt bật API chia sẻ
B73: =IF(D73="","",SUBTOTAL(3,$D$6:D77)) -> 10 | C73: Danh mục phân loại API | D73: Quản trị hệ thống | E73: Phân loại, phân nhóm API dựa trên cách thức truy cập, mục đích sử dụng, phạm vi ứng dụng, … | G73: =IF(I73<4,"Đơn giản",IF(I73<=7,"Trung bình","Phức tạp")) -> Trung bình | H73: B | I73: =COUNTA(F74:F79) -> 6
F74: Quản trị hệ thống có thể xem danh sách các API theo phân loại
F75: Quản trị hệ thống có thể xem chi tiết thông tin của từng API
F76: Quản trị hệ thống có thể thêm mới, sửa hoặc xóa phân loại API
F77: Quản trị hệ thống có thể gán API vào phân loại tương ứng
F78: Quản trị hệ thống có thể tìm kiếm và lọc API theo phân loại
F79: Quản trị hệ thống có thể xuất báo cáo danh mục API theo phân loại
B80: =IF(D80="","",SUBTOTAL(3,$D$6:D84)) -> 11 | C80: Quản lý danh sách API | D80: Quản trị hệ thống | E80: Quản trị và duy trì danh sách API, đảm bảo các API được cập nhật, tổ chức rõ ràng và sẵn sàng cho người dùng hoặc phần mềm tích hợp sử dụng | G80: =IF(I80<4,"Đơn giản",IF(I80<=7,"Trung bình","Phức tạp")) -> Trung bình | H80: B | I80: =COUNTA(F81:F87) -> 7
F81: Quản trị hệ thống có thể xem danh sách API đang cung cấp
F82: Quản trị hệ thống có thể xem chi tiết mô tả API
F83: Quản trị hệ thống có thể thêm mới API vào danh sách
F84: Quản trị hệ thống có thể chỉnh sửa thông tin API
F85: Quản trị hệ thống có thể xóa API không còn sử dụng
F86: Quản trị hệ thống có thể gán API vào các phân loại tương ứng
F87: Quản trị hệ thống có thể xuất báo cáo danh sách API
B88: =IF(D88="","",SUBTOTAL(3,$D$6:D92)) -> 12 | C88: Quản lý vòng đời API | D88: Quản trị hệ thống | E88: Quản lý toàn bộ vòng đời của API từ khởi tạo, phát triển, triển khai, bảo trì đến ngừng sử dụng, đảm bảo API luôn ổn định, an toàn và đáp ứng nhu cầu tích hợp | G88: =IF(I88<4,"Đơn giản",IF(I88<=7,"Trung bình","Phức tạp")) -> Trung bình | H88: B | I88: =COUNTA(F89:F92) -> 4
F89: Quản trị hệ thống có thể xem danh sách API
F90: Quản trị hệ thống có thể cập nhật API, tạo phiên bản mới khi thay đổi thông tin API
F91: Quản trị hệ thống có thể sử dụng API theo từng phiên bản
F92: Quản trị hệ thống có thể xem toàn bộ lịch sử thay đổi, bao gồm các phiên bản, người thay đổi và thời gian
B93: =IF(D93="","",SUBTOTAL(3,$D$6:D97)) -> 13 | C93: Ghép chuỗi xử lý nhiều API (workflow). | D93: Quản trị hệ thống; Người dùng | E93: Ghép nối nhiều API thành một chuỗi xử lý tự động (workflow), giúp thực hiện các tác vụ phức tạp liên tục giữa các hệ thống mà không cần thao tác thủ công từng API. | G93: =IF(I93<4,"Đơn giản",IF(I93<=7,"Trung bình","Phức tạp")) -> Trung bình | H93: B | I93: =COUNTA(F94:F98) -> 5
F94: Người dùng có thể tạo mới một workflow ghép nối nhiều API
F95: Người dùng có thể thêm, sắp xếp hoặc xóa API trong workflow
F96: Người dùng có thể kích hoạt hoặc tạm dừng workflow
F97: Người dùng có thể theo dõi trạng thái hoạt động và kết quả của workflow
F98: Người dùng có thể xuất báo cáo về các workflow và các API tham gia
B99: =IF(D99="","",SUBTOTAL(3,$D$6:D99)) -> 14 | C99: Quản lý lỗi & phản hồi API | D99: Quản trị hệ thống | E99: Theo dõi, xử lý và phản hồi các lỗi phát sinh từ API | G99: =IF(I99<4,"Đơn giản",IF(I99<=7,"Trung bình","Phức tạp")) -> Trung bình | H99: B | I99: =COUNTA(F100:F105) -> 6
F100: Quản trị hệ thống có thể theo dõi danh sách lỗi API phát sinh
F101: Quản trị hệ thống có thể xem chi tiết từng lỗi, bao gồm thời gian, API liên quan và nguyên nhân
F102: Quản trị hệ thống có thể phân loại lỗi theo mức độ nghiêm trọng hoặc loại API
F103: Quản trị hệ thống có thể gửi phản hồi hoặc hướng dẫn khắc phục cho người dùng các hệ thống
...

Sheet UC.III_15.11
A2: Bảng chuyển đổi yêu cầu chức năng sang trường hợp sử dụng (USE CASE) | J2: =PM_LGSP.VIII!I10 -> 7003000000
A3: Phụ lục III ban hành kèm theo Quyết định số 671/QĐ-BTTTT
A5: TT | B5: Tên Use-case | C5: Tên tác nhân | D5: Mô tả | E5: Giao dịch (Transaction) | F5: Phân loại theo độ phức tạp | G5: Phân loại theo BMT | H5: Sử dụng
A6: I | B6: Quản lý phần mềm, quản lý đơn vị tích hợp
A7: =IF(C7="","",SUBTOTAL(3,$C$6:C9)) -> 1 | B7: Quản lý phần mềm tích hợp chia sẻ | C7: Quản trị hệ thống | D7: Quản lý thông tin phần mềm, mục đích tích hợp, hình thức kết nối (REST/SOAP/File/Batch). | F7: =IF(H7<4,"Đơn giản",IF(H7<=7,"Trung bình","Phức tạp")) -> Trung bình | G7: B | H7: =COUNTA(E8:E14) -> 7
E8: Quản trị hệ thống xem danh sách phần mềm
E9: Quản trị hệ thống có thể xem chi tiết thông tin phần mềm
E10: Quản trị hệ thống có thể tìm kiếm phần mềm theo tiêu chí
E11: Quản trị hệ thống có thể sắp xếp danh sách phần mềm
E12: Quản trị hệ thống có thể thêm phần mềm
E13: Quản trị hệ thống có thể sửa phần mềm
E14: Quản trị hệ thống có thể xóa phần mềm
A15: =IF(C15="","",SUBTOTAL(3,$C$6:C17)) -> 2 | B15: Danh mục cơ quan, đơn vị tích hợp | C15: Quản trị hệ thống | D15: Quản lý thông tin cơ quan, đơn vị tích hợp: Tên đơn vị, mã định danh, địa chỉ, người phụ trách kỹ thuật, Thông tin liên hệ (email, số điện thoại). Trạng thái hoạt động: đang hoạt động / tạm dừng / thu hồi. | F15: =IF(H15<4,"Đơn giản",IF(H15<=7,"Trung bình","Phức tạp")) -> Đơn giản | G15: B | H15: =COUNTA(E16:E18) -> 3
E16: Quản trị hệ thống xem danh sách cơ quan, đơn vị
E17: Quản trị hệ thống có thể xem chi tiết thông tin cơ quan, đơn vị
E18: Quản trị hệ thống có thể tìm kiếm cơ quan, đơn vị theo tiêu chí
E19: Quản trị hệ thống có thể sắp xếp danh sách cơ quan, đơn vị
E20: Quản trị hệ thống có thể thêm cơ quan, đơn vị
E21: Quản trị hệ thống có thể sửa cơ quan, đơn vị
E22: Quản trị hệ thống có thể xóa cơ quan, đơn vị
A23: =IF(C23="","",SUBTOTAL(3,$C$6:C25)) -> 3 | B23: Đăng ký API được sử dụng | C23: Quản trị hệ thống; Người dùng | D23: Cơ quan chủ quản dữ liệu, cơ quan sử dụng dữ liệu đăng ký các API mà phần mềm của họ được sử dụng trên LGSP | F23: =IF(H23<4,"Đơn giản",IF(H23<=7,"Trung bình","Phức tạp")) -> Phức tạp | G23: B | H23: =COUNTA(E24:E31) -> 8
E24: Người dùng có thể xem danh sách API đang cung cấp
E25: Người dùng có thể xem chi tiết mô tả API
E26: Người dùng có thể gửi yêu cầu đăng ký sử dụng API
E27: Người dùng có thể theo dõi trạng thái phê duyệt yêu cầu đăng ký API
E28: Người dùng có thể xem danh sách yêu cầu đăng ký API
E29: Người dùng có thể phê duyệt hoặc từ chối yêu cầu đăng ký API
E30: Người dùng có thể gán quyền sử dụng API cho từng phần mềm tích hợp
E31: Người dùng có thể hủy quyền sử dụng API khi cần thiết
A32: =IF(C32="","",SUBTOTAL(3,$C$6:C34)) -> 4 | B32: Giám sát sử dụng dịch vụ theo phần mềm | C32: Quản trị hệ thống; Người dùng | D32: Danh sách các dịch vụ sử dụng, tần xuất sử dụng, Lịch sử thành công / lỗi. | F32: =IF(H32<4,"Đơn giản",IF(H32<=7,"Trung bình","Phức tạp")) -> Trung bình | G32: B | H32: =COUNTA(E33:E36) -> 4
E33: Người dùng có thể xem danh sách dịch vụ theo phần mềm
E34: Người dùng có thể xem chi tiết tần xuất sử dụng từng dịch vụ theo phần mềm
E35: Người dùng có thể theo dõi trạng thái hoạt động của dịch vụ theo phần mềm
E36: Người dùng có thể xuất báo cáo sử dụng dịch vụ theo phần mềm theo thời gian định kỳ hoặc theo yêu cầu
A37: =IF(C37="","",SUBTOTAL(3,$C$6:C39)) -> 5 | B37: Nhật ký truy vết | C37: Quản trị hệ thống; Người dùng | D37: Theo dõi và lưu trữ mọi thay đổi thông tin đăng ký phần mềm và đơn vị tích hợp | F37: =IF(H37<4,"Đơn giản",IF(H37<=7,"Trung bình","Phức tạp")) -> Trung bình | G37: B | H37: =COUNTA(E38:E43) -> 6
E38: Người dùng có thể xem danh sách các thay đổi thông tin đăng ký phần mềm
E39: Người dùng có thể xem chi tiết lịch sử thay đổi thông tin của từng phần mềm
E40: Người dùng có thể xem danh sách các thay đổi thông tin của các đơn vị tích hợp
E41: Người dùng có thể lọc và tìm kiếm nhật ký theo phần mềm, đơn vị tích hợp
E42: Người dùng có thể xuất báo cáo nhật ký truy vết theo phần mềm hoặc đơn vị tích hợp
E43: Người dùng có thể nhận cảnh báo khi có thay đổi trong thông tin đăng ký phần mềm
A44: II | B44: Quản lý API, Cổng API
A45: =IF(C45="","",SUBTOTAL(3,$C$6:C47)) -> 6 | B45: Danh mục loại dữ liệu | C45: Quản trị hệ thống | D45: Quản lý, chuẩn hóa và phân loại các loại dữ liệu được chia sẻ và tích hợp trên nền tảng | F45: =IF(H45<4,"Đơn giản",IF(H45<=7,"Trung bình","Phức tạp")) -> Trung bình | G45: B | H45: =COUNTA(E46:E49) -> 4
E46: Quản trị hệ thống có thể xem danh sách loại dữ liệu
E47: Quản trị hệ thống có thể thêm mới loại dữ liệu
E48: Quản trị hệ thống có thể sửa thông tin loại dữ liệu
E49: Quản trị hệ thống có thể xóa loại dữ liệu
E50: Quản trị hệ thống có thể tìm kiếm loại dữ liệu
A51: =IF(C51="","",SUBTOTAL(3,$C$6:C53)) -> 7 | B51: Danh mục lược đồ XML dữ liệu | C51: Quản trị hệ thống | D51: Quản lý, lưu trữ và tra cứu các lược đồ XML (schema) quy định cấu trúc dữ liệu trao đổi giữa các hệ thống | F51: =IF(H51<4,"Đơn giản",IF(H51<=7,"Trung bình","Phức tạp")) -> Phức tạp | G51: B | H51: =COUNTA(E52:E59) -> 8
E52: Quản trị hệ thống có thể lựa chọn dữ liệu để xem lược đồ xml
E53: Quản trị hệ thống có thể thêm mới thẻ xml
E54: Quản trị hệ thống có thể sửa thông tin thẻ xml
E55: Quản trị hệ thống có thể xóa thẻ xml trên file
E56: Quản trị hệ thống có thể lựa chọn xóa nhiều thẻ xml trên file
E57: Quản trị hệ thống có thể xem nội dung file xml
E58: Quản trị hệ thống có thể upload lược đồ từ file đã soạn
E59: Quản trị hệ thống có thể tải file lược đồ
A60: =IF(C60="","",SUBTOTAL(3,$C$6:C62)) -> 8 | B60: Danh mục dịch vụ chia sẻ | C60: Quản trị hệ thống | D60: Quản lý danh mục các dịch vụ chia sẻ dữ liệu được đăng ký | F60: =IF(H60<4,"Đơn giản",IF(H60<=7,"Trung bình","Phức tạp")) -> Trung bình | G60: B | H60: =COUNTA(E61:E64) -> 4
E61: Quản trị hệ thống có thể xem danh sách dịch vụ chia sẻ
E62: Quản trị hệ thống có thể thêm mới dịch vụ chia sẻ
E63: Quản trị hệ thống có thể sửa thông tin dịch vụ chia sẻ
E64: Quản trị hệ thống có thể xóa dịch vụ chia sẻ
A65: =IF(C65="","",SUBTOTAL(3,$C$6:C67)) -> 9 | B65: Danh mục API chia sẻ | C65: Quản trị hệ thống | D65: Quản lý danh sách các API được công bố | F65: =IF(H65<4,"Đơn giản",IF(H65<=7,"Trung bình","Phức tạp")) -> Trung bình | G65: B | H65: =COUNTA(E66:E70) -> 5
E66: Quản trị có thể xem danh sách API chia sẻ của trục
E67: Quản trị có thể thêm mới API chia sẻ
E68: Quản trị có thể sửa thông tin API chia sẻ
E69: Quản trị có thể xóa API chia sẻ
E70: Quản trị có thể tắt bật API chia sẻ
A71: =IF(C71="","",SUBTOTAL(3,$C$6:C75)) -> 10 | B71: Danh mục phân loại API | C71: Quản trị hệ thống | D71: Phân loại, phân nhóm API dựa trên cách thức truy cập, mục đích sử dụng, phạm vi ứng dụng, … | F71: =IF(H71<4,"Đơn giản",IF(H71<=7,"Trung bình","Phức tạp")) -> Trung bình | G71: B | H71: =COUNTA(E72:E77) -> 6
E72: Quản trị hệ thống có thể xem danh sách các API theo phân loại
E73: Quản trị hệ thống có thể xem chi tiết thông tin của từng API
E74: Quản trị hệ thống có thể thêm mới, sửa hoặc xóa phân loại API
E75: Quản trị hệ thống có thể gán API vào phân loại tương ứng
E76: Quản trị hệ thống có thể tìm kiếm và lọc API theo phân loại
E77: Quản trị hệ thống có thể xuất báo cáo danh mục API theo phân loại
A78: =IF(C78="","",SUBTOTAL(3,$C$6:C82)) -> 11 | B78: Quản lý danh sách API | C78: Quản trị hệ thống | D78: Quản trị và duy trì danh sách API, đảm bảo các API được cập nhật, tổ chức rõ ràng và sẵn sàng cho người dùng hoặc phần mềm tích hợp sử dụng | F78: =IF(H78<4,"Đơn giản",IF(H78<=7,"Trung bình","Phức tạp")) -> Trung bình | G78: B | H78: =COUNTA(E79:E85) -> 7
E79: Quản trị hệ thống có thể xem danh sách API đang cung cấp
E80: Quản trị hệ thống có thể xem chi tiết mô tả API
E81: Quản trị hệ thống có thể thêm mới API vào danh sách
E82: Quản trị hệ thống có thể chỉnh sửa thông tin API
E83: Quản trị hệ thống có thể xóa API không còn sử dụng
E84: Quản trị hệ thống có thể gán API vào các phân loại tương ứng
E85: Quản trị hệ thống có thể xuất báo cáo danh sách API
A86: =IF(C86="","",SUBTOTAL(3,$C$6:C90)) -> 12 | B86: Quản lý vòng đời API | C86: Quản trị hệ thống | D86: Quản lý toàn bộ vòng đời của API từ khởi tạo, phát triển, triển khai, bảo trì đến ngừng sử dụng, đảm bảo API luôn ổn định, an toàn và đáp ứng nhu cầu tích hợp | F86: =IF(H86<4,"Đơn giản",IF(H86<=7,"Trung bình","Phức tạp")) -> Trung bình | G86: B | H86: =COUNTA(E87:E90) -> 4
E87: Quản trị hệ thống có thể xem danh sách API
E88: Quản trị hệ thống có thể cập nhật API, tạo phiên bản mới khi thay đổi thông tin API
E89: Quản trị hệ thống có thể sử dụng API theo từng phiên bản
E90: Quản trị hệ thống có thể xem toàn bộ lịch sử thay đổi, bao gồm các phiên bản, người thay đổi và thời gian
A91: =IF(C91="","",SUBTOTAL(3,$C$6:C95)) -> 13 | B91: Ghép chuỗi xử lý nhiều API (workflow). | C91: Quản trị hệ thống; Người dùng | D91: Ghép nối nhiều API thành một chuỗi xử lý tự động (workflow), giúp thực hiện các tác vụ phức tạp liên tục giữa các hệ thống mà không cần thao tác thủ công từng API. | F91: =IF(H91<4,"Đơn giản",IF(H91<=7,"Trung bình","Phức tạp")) -> Trung bình | G91: B | H91: =COUNTA(E92:E96) -> 5
E92: Người dùng có thể tạo mới một workflow ghép nối nhiều API
E93: Người dùng có thể thêm, sắp xếp hoặc xóa API trong workflow
E94: Người dùng có thể kích hoạt hoặc tạm dừng workflow
E95: Người dùng có thể theo dõi trạng thái hoạt động và kết quả của workflow
E96: Người dùng có thể xuất báo cáo về các workflow và các API tham gia
A97: =IF(C97="","",SUBTOTAL(3,$C$6:C101)) -> 14 | B97: Quản lý lỗi & phản hồi API | C97: Quản trị hệ thống | D97: Theo dõi, xử lý và phản hồi các lỗi phát sinh từ API | F97: =IF(H97<4,"Đơn giản",IF(H97<=7,"Trung bình","Phức tạp")) -> Trung bình | G97: B | H97: =COUNTA(E98:E103) -> 6
E98: Quản trị hệ thống có thể theo dõi danh sách lỗi API phát sinh
E99: Quản trị hệ thống có thể xem chi tiết từng lỗi, bao gồm thời gian, API liên quan và nguyên nhân
E100: Quản trị hệ thống có thể phân loại lỗi theo mức độ nghiêm trọng hoặc loại API
E101: Quản trị hệ thống có thể gửi phản hồi hoặc hướng dẫn khắc phục cho người dùng các hệ thống
E102: Quản trị hệ thống có thể đánh dấu lỗi đã xử lý hoặc đang xử lý
...

Sheet UC_Công
A1: I | B1: Các dịch vụ dùng chung
A2: TT | B2: Thành phần | C2: Chức năng phần mềm | D2: Tên Use-case | E2: Tên tác nhân | F2: Giao dịch (Transaction)
A3: 1 | B3: Dịch vụ danh mục dùng chung | C3: - Danh mục mã định danh kết nối các hệ thống quản lý văn bản và điều hành
C4: - Danh mục mã số các đơn vị hành chính Việt Nam
C5: - Danh mục mã bưu chính
C6: - Danh mục mã các dân tộc
C7: - Danh mục mã các tôn giáo
C8: - Danh mục mã giới tính
C9: - Danh mục mã nhóm máu
C10: - Danh mục mã Quốc gia, quốc tịch
C11: - Danh mục mã Tình trạng hôn nhân
C12: - Danh mục giáo dục, đào tạo Việt Nam cấp 1, 2 và 3
C13: - Danh mục giáo dục, đào tạo cấp IV trình độ cao đẳng, đại học
C14: - Danh mục giáo dục, đào tạo cấp IV trình độ thạc sĩ, tiến sĩ
C15: - Danh mục và mã chức danh trong các cơ quan Đảng cộng sản Việt Nam
... C27: - Các danh mục khác (được cập nhật theo Hệ thống thông tin Danh mục điện tử dùng chung của các cơ quan nhà nước phục vụ phát triển Chính phủ điện tử của Việt Nam do Bộ Thông tin và Truyền thông quản lý)
A28: 2 | B28: Dịch vụ liên thông văn bản | C28: - Gửi văn bản liên thông các cấp
C29: - Nhận văn bản liên thông
C30: - Cảnh báo qua email và SMS khi các đơn vị gửi văn bản lỗi, không nhận văn bản về, không phản hồi trạng thái văn bản
C31: - Thống kê tình hình gửi nhận văn bản của các đơn vị tham gia liên thông
A32: 3 | B32: Dịch vụ liên thông hồ sơ hành chính công | C32: - Gửi hồ sơ: Tiếp nhận, Trả kết quả, Rút, Cập nhật, Từ chối
C33: - Nhận hồ sơ liên thông
C34: - Đơn vị nhận cập nhật trạng thái nhận hồ sơ liên thông
A35: 4 | B35: Nhóm dịch vụ xác thực, cấp quyền người dùng tập trung (SSO) | C35: - Dịch vụ xác thực, cấp quyền theo cơ chế đăng nhập một lần đối với người dùng là cá nhân, doanh nghiệp, tổ chức khi sử dụng các dịch vụ do Bộ, tỉnh cung cấp.
C36: - Dịch vụ xác thực, cấp quyền theo cơ chế đăng nhập một lần đối với người dùng là cán bộ, công chức, viên chức, người lao động của các cơ quan thuộc, trực thuộc các bộ, tỉnh khi sử dụng các ứng dụng trong nội bộ của bộ, tỉnh phục vụ xử lý nghiệp vụ, công tác quản lý, chỉ đạo điều hành.
A37: 5 | B37: Nhóm dịch vụ thanh toán điện tử | C37: - Giao diện kết nối tới các cổng thanh toán điện tử của bên thứ ba giúp người dùng có thể chọn lựa phương thức thanh toán thích hợp.
C38: - Kiểm toán phục vụ việc đối soát (khi cần), truy vấn và báo cáo giao dịch thanh toán điện tử.
A39: 6 | B39: Tiếp nhận và trả kết quả giải quyết thủ tục hành chính qua dịch vụ bưu chính/bưu chính công ích | C39: - Kết nối với hệ thống thông tin của Tổng công ty Bưu điện Việt Nam thông qua Nền tảng tích hợp, chia sẻ dữ liệu quốc gia để trao đổi thông tin về nhu cầu sử dụng; thông tin về trạng thái xử lý, kết quả giải quyết; trạng thái gửi, nhận hồ sơ và chuyển trả kết quả giải quyết thủ tục hành chính qua dịch vụ bưu chính công ích theo Thông tư số 17/2017/TT-BTTTT .
A40: 7 | B40: Dịch vụ liên thông với Cổng dịch vụ công quốc gia | C40: - Liên thông đồng bộ hồ sơ đẩy lên Cổng dịch vụ công quốc gia.
A41: 8 | B41: Dịch vụ liên thông với hệ thống báo cáo Quốc gia GRIS | C41: - Liên thông gửi báo cáo lên hệ thống báo cáo quốc gia GRIS.
A42: 9 | B42: Dịch vụ liên thông Lý lịch tư pháp và Hộ Tịch tư pháp | C42: - Liên thông gửi hồ sơ lý lịch tư pháp và hộ tịch tư pháp từ lên bộ Tư pháp qua Nền tảng tích hợp, chia sẻ dữ liệu quốc gia.
A44: II | B44: Nhóm dịch vụ dùng chung (theo văn bản 631/THH-THHT)
A45: TT | B45: Thành phần | C45: Chức năng phần mềm | D45: Tên Use-case | E45: Tên tác nhân | F45: Giao dịch (Transaction)
A46: 1. | B46: Thông tin đăng kí doanh nghiệp | C46: Lấy thông tin doanh nghiệp từ bộ kế hoạch đầu tư qua Nền tảng tích hợp, chia sẻ dữ liệu quốc gia.
A47: 2. | B47: Thông tin bảo hiểm xã hội | C47: Lấy thông tin bảo hiểm xã hội qua Nền tảng tích hợp, chia sẻ dữ liệu quốc gia.
A48: 3. | B48: Thông tin hộ tịch, lý lịch tư pháp | C48: Lấy thông tin hộ tịch, lý lịch tư pháp qua Nền tảng tích hợp, chia sẻ dữ liệu quốc gia.
A50: III | B50: Yêu cầu nhóm dịch vụ thông tin của Bộ Tư pháp
A51: STT | B51: Tên hệ thống/CDSL | C51: Dữ liệu tích hợp/chia sẻ | D51: Tên Use-case | E51: Tên tác nhân | F51: Giao dịch (Transaction)
A52: 1 | B52: Hệ thống thông tin đăng ký và quản lý hộ tịch (Phần mềm quản lý hộ tịch) - Trục tích hợp - Cổng dịch vụ công địa phương | C52: - Dịch vụ khai thác các danh mục công khai của Phần mềm quản lý hộ tịch.
C53: - Dịch vụ khai thác danh mục trạng thái xử lý hồ sơ.
C54: - Dịch vụ cung cấp hồ sơ cho Phần mềm một cửa địa phương.
C55: - Dịch vụ tra cứu hồ sơ.
C56: - Dịch vụ nhận hồ sơ từ Phần mềm một cửa địa phương.
C57: - Dịch vụ nhận phản hồi trạng thái hồ sơ trong quá trình tiếp nhận hồ sơ
C58: - Dịch vụ nhận phản hồi trạng thái hồ sơ trong quá trình xử lý
C59: - Dịch vụ cung cấp trạng thái xử lý hồ sơ.
A60: 2 | B60: Phần mềm quản lý lý lịch tư pháp phiên bản cho Sở Tư pháp - Trục tích hợp - Phần mềm một cửa địa phương | C60: - Dịch vụ khai thác các danh mục công khai của Phần mềm quản lý lý lịch tư pháp phiên bản cho Sở Tư pháp.
C61: - Dịch vụ khai thác danh mục trạng thái xử lý hồ sơ
C62: - Dịch vụ cung cấp hồ sơ cho Phần mềm một cửa địa phương
C63: - Dịch vụ nhận hồ sơ từ Phần mềm một cửa địa phương
C64: - Dịch vụ tra cứu hồ sơ
C65: - Dịch vụ nhận phản hồi trạng thái hồ sơ trong quá trình tiếp nhận hồ sơ
C66: - Dịch vụ nhận phản hồi trạng thái hồ sơ trong quá trình xử lý
C67: - Dịch vụ tiếp nhận trạng thái xử lý hồ sơ
A68: 3 | B68: Cơ sở dữ liệu quốc gia về văn bản pháp luật - Trục tích hợp - Cổng thông tin điện tử Bộ, ngành, địa phương | C68: - Dịch vụ khai thác danh sách loại văn bản.
C69: - Dịch vụ khai thác danh sách trạng thái văn bản
C70: - Dịch vụ khai thác danh sách cơ quan ban hành
C71: - Dịch vụ khai thác danh mục người ký
C72: - Dịch vụ khai thác danh mục lĩnh vực
C73: - Dịch vụ khai thác danh mục ngành
C74: - Dịch vụ khai thác danh sách văn bản pháp luật
A75: 4 | B75: Hệ thống danh mục dùng chung - Trục tích hợp - Các hệ thống sử dụng danh mục dùng chung | C75: - Dịch vụ khai thác danh mục Địa danh hành chính Quốc gia
C76: - Dịch vụ khai thác danh mục dân tộc
C77: - Dịch vụ khai thác danh mục quốc tịch
C78: - Dịch vụ khai thác danh mục quốc gia
A79: 5 | B79: Cổng dịch vụ công Bộ Tư pháp - Trục tích hợp - Phần mềm con nuôi nước ngoài, Phần mềm quản lý lý lịch tư pháp | C79: - Dịch vụ khai thác danh sách hồ sơ con nuôi nước ngoài
C80: - Dịch vụ khai thác trạng thái xử lý hồ sơ
A81: 6 | B81: Nền tảng tích hợp, chia sẻ dữ liệu quốc gia (NDXP) | C81: - Dịch vụ kết nối, tích hợp, chia sẻ dữ liệu với các Bộ, ngành (Bộ Công an, Văn phòng Chính phủ, Bảo hiểm xã hội Việt Nam) và 34/34 địa phương
A82: 6.1 | B82: Cơ sở dữ liệu Quốc gia về dân cư | C82: - Dịch vụ chia sẻ thông tin công dân có trong CSDLQG về dân cư
C83: - Dịch vụ gợi ý số định danh cá nhân
C84: - Dịch vụ cho phép xác thực thông tin công dân có trong CSDLQG về dân cư hay không
A85: 6.2 | B85: Cơ sở dữ liệu thông tin cán bộ, công chức, viên chức | C85: - Dịch vụ cung cấp chức năng cập nhật thông tin đơn vị, phòng ban
C86: - Dịch vụ cung cấp chức năng cho phép dừng hoạt động đơn vị, phòng ban
C87: - Dịch vụ cung cấp chức năng cho phép thêm mới thông tin danh sách đơn vị, phòng ban
C88: - Dịch vụ chia sẻ toàn bộ thông tin hồ sơ, quá trình lương, quá trình công tác, khen thưởng, kỷ luật, các thông tin về gia định,... cho cán bộ, công chức, viên chức
C89: - Dịch vụ cung cấp chức năng cho phép thêm mới toàn bộ thông tin hồ sơ, quá trình lương, quá trình công tác, khen thưởng, kỷ luật, các thông tin về gia định,... cho cán bộ, công chức, viên chức
C90: - Dịch vụ chia sẻ dữ liệu danh mục loại hồ sơ
A91: 6.3 | B91: Kết nối Bảo hiểm xã hội | C91: - Dịch vụ chia sẻ thông tin giấy chứng tử
C92: - Dịch vụ tra cứu thông tin giấy chứng sinh theo từng trường hợp
C93: - Dịch vụ chia sẻ gửi/nhận hồ sơ khai sinh
A94: 6.4 | B94: Thi hành án dân sự | C94: - Dịch vụ tích hợp thông báo Thi hành án dân sự lên VneID

Sheet TH.UC.V
B2: Bảng tính toán điểm các trường hợp sử dụng (Use case)
B3: Phụ lục V ban hành kèm theo Quyết định số 671/QĐ-BTTTT
B5: TT | C5: Loại | D5: Trọng số | E5: Hệ số BMT | F5: Số trường hợp sử dụng | G5: Điểm của từng loại trường hợp sử dụng
B6: 1 | C6: B
C7: Đơn giản | D7: 5 | E7: 1 | F7: =COUNTIFS(UC.III!F:F,"Đơn giản",UC.III!G:G,"B") -> 19 | G7: =F7*E7*D7 -> 95
C8: Trung bình | D8: 10 | E8: 1 | F8: =COUNTIFS(UC.III!F:F,"Trung bình",UC.III!G:G,"B") -> 120 | G8: =F8*E8*D8 -> 1200
C9: Phức tạp | D9: 15 | E9: 1 | F9: =COUNTIFS(UC.III!F:F,"Phức tạp",UC.III!G:G,"B") -> 2 | G9: =F9*E9*D9 -> 30
B10: 2 | C10: M
C11: Đơn giản | D11: 5 | E11: 1.2 | F11: =COUNTIFS(UC.III!F:F,"Đơn giản",UC.III!G:G,"M") -> 0 | G11: =F11*E11*D11 -> 0
C12: Trung bình | D12: 10 | E12: 1.2 | F12: =COUNTIFS(UC.III!F:F,"Trung bình",UC.III!G:G,"M") -> 29 | G12: =F12*E12*D12 -> 348
C13: Phức tạp | D13: 15 | E13: 1.2 | F13: =COUNTIFS(UC.III!F:F,"Phức tạp",UC.III!G:G,"M") -> 0 | G13: =F13*E13*D13 -> 0
B14: 3 | C14: T
C15: Đơn giản | D15: 5 | E15: 1.5 | F15: =COUNTIFS(UC.III!F:F,"Đơn giản",UC.III!G:G,"T") -> 0 | G15: =F15*E15*D15 -> 0
C16: Trung bình | D16: 10 | E16: 1.5 | F16: =COUNTIFS(UC.III!F:F,"Trung bình",UC.III!G:G,"T") -> 0 | G16: =F16*E16*D16 -> 0
C17: Phức tạp | D17: 15 | E17: 1.5 | F17: =COUNTIFS(UC.III!F:F,"Phức tạp",UC.III!G:G,"T") -> 0 | G17: =COUNTIFS(UC.III_15.11!G:G,"Phức tạp",UC.III_15.11!H:H,"M") -> 0
C18: Cộng (1+2+3) | E18: TBF | F18: =SUM(F7:F17) -> 170 | G18: =SUM(G7:G17) -> 1673

Sheet TCF-3.7.EF.VI.VII
A1: Bảng tính toán hệ số phức tạp kỹ thuật - công nghệ (TCF) | H1: Bảng tính toán hệ số tác động môi trường và nhóm làm việc, hệ sống phức tạp về môi trường, xác định độ ổn định kinh nghiệm và nội suy thời gian lao động
A2: Phụ lục VI ban hành kèm theo Quyết định số 671/QĐ-BTTTT | H2: Phụ lục VII ban hành kèm theo Quyết định số 671/QĐ-BTTTT
I3: =I18 -> 7003000000
A4: Stt | B4: Các hệ số kỹ thuật, công nghệ | C4: Trọng số | D4: Giá trị xếp hạng | E4: Kết quả | F4: Mô tả | H4: Stt | I4: Các hệ số tác động môi trường | J4: Trọng số | K4: Giá trị xếp hạng | L4: Kết quả | M4: Độ ổn định KN | N4: Mô tả
A5: I | B5: Hệ số kỹ thuật, công nghệ (TFW) | E5: =SUM(E6:E18) -> 46 | H5: I | I5: Hệ số tác động môi trường và nhóm dự án (EFW) | L5: =SUM(L6:L13) -> 26
A6: 1 | B6: Xử lý phân tán | C6: 1 | D6: 4 | E6: =C6*D6 -> 4 | F6: Yêu cầu xử lý phân tán, dữ liệu được truyền theo hai chiều (dữ liệu được xử lý tại một lớp/thành phần của hệ thống và được truyền qua lớp/thành phần khác của hệ thống xử lý tiếp, sau khi xử lý xong, dữ liệu được truyền ngược lại cho lớp/thành phần ban đầu của hệ thống). | H6: 1 | I6: Có áp dụng quy trình phát triển phần mềm | J6: 1.5 | K6: 5 | L6: =J6*K6 -> 7.5 | M6: =IF(L6<=0,0,IF(L6<=1,0.05,IF(L6<=2,0.1,IF(L6<=3,0.6,1)))) -> 1 | N6: Yêu cầu ít nhất 50% thành viên nhóm phát triển có kinh nghiệm tham gia dự án có áp dụng quy trình phát triển phần mềm.
A7: =A6+1 -> 2 | B7: Mức độ quan trọng của hiệu năng | C7: 1 | D7: 3 | E7: =C7*D7 -> 3 | F7: Yêu cầu cụ thể hiệu năng trong toàn bộ thời gian tác nghiệp. Không có yêu cầu thiết kế riêng biệt về sử dụng tài nguyên hệ thống để đáp ứng yêu cầu hiệu năng, yêu cầu cụ thể về thời gian phản hồi đối với các giao dịch được xử lý với các hệ thống (tích hợp) khác | H7: 2 | I7: Kinh nghiệm phát triển ứng dụng tương tự | J7: 0.5 | K7: 4 | L7: =J7*K7 -> 2 | M7: =IF(L7<=0,0,IF(L7<=1,0.05,IF(L7<=2,0.1,IF(L7<=3,0.6,1)))) -> 0.1 | N7: Yêu cầu ít nhất 40% thành viên nhóm phát triển có kinh nghiệm phát triển ứng dụng tương tự.
A8: =A7+1 -> 3 | B8: Hiệu quả sử dụng cho người dùng | C8: 1 | D8: 4 | E8: =C8*D8 -> 4 | F8: "- Trợ giúp điều hướng (ví dụ: các menu được tạo động và thêm bớt tùy nhu cầu người dùng, Hypermedia thích hợp,…).; - Di chuyển con trỏ tự động (khi một trường thông tin đã được nhập xong, ví dụ như chọn giá trị trong danh sách thì con trỏ được chuyển sang trường thông tin tiếp theo); - Các phím chức năng được cài đặt sẵn (các phím tắt được gán cho các phím hoặc tổ hợp phím cho phép thực hiện tác vụ nào đó, như tổ hợp phím Alt+phím, Ctrl+phím,…); - Các ràng buộc đơn giản (ví dụ: tính hợp lệ của trường dữ liệu nhập vào, như dữ liệu kiểu số, dữ liệu ngày tháng,…) được kiểm tra ngay trên màn hình chức năng mà người dùng tương tác; - Sử dụng nhiều màu sắc và hình ảnh nổi bật trong màn hình (hoặc việc sử dụng màu sắc, hình ảnh hoặc hình nền có tính chất tương phản cao để làm nổi bật nội dung); giao diện có nét tương đồng về mặt thiết kế so với các ứng dụng mà người dùng đang sử dụng (đưa ra cụ thể các yêu cầu về giao diện để chứng minh tính tương đồng với các ứng dụng đang sử dụng); - Tối thiểu hóa số lượng giao diện để đạt được các mục tiêu nghiệp vụ (yêu cầu cụ thể số lượng giao diện tối thiểu); - Hỗ trợ và tài liệu trực tuyến (từ hệ thống có thể gọi chức năng trợ giúp tương ứng với chức năng đang chọn hoặc gọi tới tài liệu như một phần trong hệ thống); | H8: 3 | I8: Kinh nghiệm về hướng đối tượng | J8: 1 | K8: 4 | L8: =J8*K8 -> 4 | M8: =IF(L8<=0,0,IF(L8<=1,0.05,IF(L8<=2,0.1,IF(L8<=3,0.6,1)))) -> 1 | N8: Yêu cầu ít nhất 40% thành viên nhóm phát triển có kinh nghiệm về hướng đối tượng.
A9: =A8+1 -> 4 | B9: Độ phức tạp của xử lý bên trong | C9: 2 | D9: 3 | E9: =C9*D9 -> 6 | F9: - Yêu cầu kiểm soát dữ liệu và/hoặc xử lý bảo mật riêng; - Yêu cầu xử lý lô-gic mở rộng: là các yêu cầu bổ sung thêm làm các chức năng hoàn thiện hơn (ví dụ: các xử lý kiểm tra tính hợp lý của dữ liệu nhập vào,…); - Yêu cầu xử lý ngoại lệ cho những giao dịch không hoàn chỉnh phải được xử lý lại - Yêu cầu xử lý nhiều loại thông tin đầu vào hoặc thông tin đầu ra - Các tiêu chí khác. | H9: 4 | I9: Kinh nghiệm của trưởng nhóm lập trình | J9: 0.5 | K9: 3 | L9: =J9*K9 -> 1.5 | M9: =IF(L9<=0,0,IF(L9<=1,0.05,IF(L9<=2,0.1,IF(L9<=3,0.6,1)))) -> 0.1 | N9: Yêu cầu trưởng nhóm lập trình đã có kinh nghiệm làm trưởng nhóm lập trình 3 dự án/nhiệm vụ.
A10: =A9+1 -> 5 | B10: Khả năng tái sử dụng mã nguồn | C10: 1 | D10: 3 | E10: =C10*D10 -> 3 | F10: Yêu cầu ứng dụng phải được đóng gói riêng và/hoặc tài liệu hóa nhằm tạo điều kiện cho việc tái sử dụng lại. Có yêu cầu có thể tùy chỉnh ứng dụng để tái sử dụng bằng cách điều chỉnh mã nguồn. | H10: 5 | I10: Tính chủ động | J10: 1 | K10: 4 | L10: =J10*K10 -> 4 | M10: =IF(L10<=0,0,IF(L10<=1,0.05,IF(L10<=2,0.1,IF(L10<=3,0.6,1)))) -> 1 | N10: Yêu cầu nhóm phát triển thực hiện báo cáo công việc theo các mốc công việc/sản phẩm trong kế hoạch thực hiện nhưng không yêu cầu lập báo cáo công việc định kỳ
A11: =A10+1 -> 6 | B11: Dễ cài đặt | C11: 0.5 | D11: 3 | E11: =C11*D11 -> 1.5 | F11: Yêu cầu cung cấp công cụ hỗ trợ cài đặt tự động trên một môi trường vận hành phần mềm (hệ điều hành máy chủ, máy tính, thiết bị di động,…), có yêu cầu thiết lập thông số khi cài đặt và có yêu cầu phải xây dựng tài liệu hướng dẫn cài đặt. | H11: 6 | I11: Độ ổn định của các yêu cầu | J11: 2 | K11: 5 | L11: =J11*K11 -> 10 | M11: =IF(L11<=0,0,IF(L11<=1,0.05,IF(L11<=2,0.1,IF(L11<=3,0.6,1)))) -> 1 | N11: Các yêu cầu hệ thống hoàn toàn ổn định.
A12: =A11+1 -> 7 | B12: Dễ vận hành | C12: 0.5 | D12: 3 | E12: =C12*D12 -> 1.5 | F12: Việc vận hành hệ thống thực hiện theo quy trình, có yêu cầu phải lập quy trình vận hành hệ thống. | H12: 7 | I12: Sử dụng các nhân viên làm bán thời gian | J12: -1 | K12: 0 | L12: =J12*K12 -> 0 | M12: =IF(L12<=0,0,IF(L12<=1,0.05,IF(L12<=2,0.1,IF(L12<=3,0.6,1)))) -> 0 | N12: Không sử dụng nhân viên làm bán thời gian
A13: =A12+1 -> 8 | B13: Khả năng chuyển đổi | C13: 1 | D13: 3 | E13: =C13*D13 -> 3 | F13: Có yêu cầu hệ thống vận hành được trên môi trường phần mềm hoặc phần cứng tương tự nhau. | H13: 8 | I13: Kinh nghiệm sử dụng ngôn ngữ lập trình | J13: -1 | K13: 3 | L13: =J13*K13 -> -3 | M13: =IF(L13<=0,0,IF(L13<=1,0.05,IF(L13<=2,0.1,IF(L13<=3,0.6,1)))) -> 0 | N13: Yêu cầu ít nhất 60% thành viên nhóm lập trình có kinh nghiệm lập trình.
A14: =A13+1 -> 9 | B14: Dễ dàng bảo trì | C14: 1 | D14: 3 | E14: =C14*D14 -> 3 | F14: Có yêu cầu về việc chỉnh sửa hệ thống trong tương lai mà không cần lập trình lại từ đầu. | H14: II | I14: Hệ số độ phức tạp về môi trường (EF) | L14: =1.4+(-0.03*L5) -> 0.62
A15: =A14+1 -> 10 | B15: Xử lý đồng thời | C15: 1 | D15: 3 | E15: =C15*D15 -> 3 | F15: Yêu cầu truy cập dữ liệu đồng thời tại mọi thời điểm. | H15: III | I15: Độ ổn định kinh nghiệm (ES) | M15: =SUM(M6:M13) -> 4.2
A16: =A15+1 -> 11 | B16: Mức độ hỗ trợ bảo mật | C16: 2 | D16: 3 | E16: =C16*D16 -> 6 | F16: Yêu cầu bảo mật mức 3 | H16: IV | I16: Nội suy thời gian lao động (P) | M16: =IF(M15>=3,26-(M15-3)*6/2.2,IF(M15>=1,40-(M15-1)*7,48-M15*8)) -> 22.727273
A17: =A16+1 -> 12 | B17: Sự phụ thuộc vào mã lệnh của bên thứ ba | C17: 1 | D17: 5 | E17: =C17*D17 -> 5 | F17: Không sử dụng mã lệnh sẵn có để phát triển ứng dụng.
A18: =A17+1 -> 13 | B18: Mức độ hỗ trợ đào tạo người sử dụng | C18: 1 | D18: 3 | E18: =C18*D18 -> 3 | F18: Hệ thống có một số tiện ích để hỗ trợ đào tạo người sử dụng ở nhiều cấp độ khác nhau. | I18: =PM_LGSP.VIII!I10 -> 7003000000
A19: II | B19: Hệ số phức tạp về kỹ thuật - công nghệ (TCF) | E19: =(0.6+(0.01*E5)) -> 1.06 | I19: ='1.TongDT'!C8 -> 1476662400

Sheet Kiemthu
A2: Chi phí kiểm thử phần mềm nội bộ | F2: Bảng tính hệ số phức tạp kỹ thuật - công nghệ | L2: Bảng tính hệ số tác động môi trường và nhóm làm việc, hệ số phức tạp về môi trường
A3: Công văn số 3787/BTTTT-THH
D4: (Đơn vị tính: Đồng)
A5: Stt | B5: Khoản mục chi phí | C5: Diễn giải | D5: Giá trị | F5: Stt | G5: Các hệ số | H5: Trọng số | I5: Giá trị xếp hạng | J5: Kết quả | L5: Stt | M5: Các hệ số tác động môi trường | N5: Trọng số | O5: Giá trị xếp hạng | P5: Kết quả
A6: 1 | B6: Giá trị điểm các tác nhân (AW) | D6: =Actors.I.IV!G8 -> 8 | F6: I | G6: Hệ số KT - CN (TTF) | J6: =SUM(J7:J13) -> 27 | L6: I | M6: Hệ số tác động môi trường và nhóm làm việc (TEF) | P6: =SUM(P7:P14) -> 26.5
A7: 2 | B7: Giá trị điểm các trường hợp sử dụng (UCW) | D7: =TH.UC.V!G18 -> 1673 | F7: 1 | G7: Các công cụ kiểm thử | H7: 2 | I7: 3 | J7: =I7*H7 -> 6 | L7: 1 | M7: Có hiểu biết về ứng dụng | N7: 1.5 | O7: 3 | P7: =O7*N7 -> 4.5
A8: 3 | B8: Giá trị điểm trường hợp sử dụng (Usecase) trước hiệu chỉnh (UUCP) | C8: AW+UCW | D8: =D7+D6 -> 1681 | F8: 2 | G8: Tài liệu đầu vào | H8: 2 | I8: 3 | J8: =I8*H8 -> 6 | L8: 2 | M8: Môi trường kiểm thử | N8: 0.5 | O8: 3 | P8: =O8*N8 -> 1.5
A9: 4 | B9: Hệ số phức tạp kỹ thuật - công nghệ (TCF) | D9: =J14 -> 0.978 | F9: 3 | G9: Tái sử dụng kho dữ liệu kiểm thử | H9: 1 | I9: 0 | J9: =I9*H9 -> 0 | L9: 3 | M9: Dữ liệu kiểm thử | N9: 1 | O9: 3 | P9: =O9*N9 -> 3
A10: 5 | B10: Hệ số phức tạp môi trường (ECF) | D10: =P15 -> 0.4407 | F10: 4 | G10: Hệ thống phân tán | H10: 2 | I10: 3 | J10: =I10*H10 -> 6 | L10: 4 | M10: Có khả năng lãnh đạo Nhóm kiểm thử | N10: 0.5 | O10: 5 | P10: =O10*N10 -> 2.5
A11: 6 | B11: Giá trị trường hợp sử dụng sau hiệu chỉnh (AUCP) | C11: UUCP x TCF x ECF | D11: =D8*D9*D10 -> 724.51873 | F11: 5 | G11: Các mục tiêu hiệu suất | H11: 1 | I11: 3 | J11: =I11*H11 -> 3 | L11: 5 | M11: Tính chất năng động | N11: 1 | O11: 5 | P11: =O11*N11 -> 5
A12: 7 | B12: Thời gian lao động để kiểm thử 01 điểm trường hợp sử dụng sau hiệu chỉnh (P) | C12: Định mức tối đa là 20 người/giờ/AUCP | D12: 5 | F12: 6 | G12: Các tính năng bảo mật | H12: 1 | I12: 3 | J12: =I12*H12 -> 3 | M12: Đánh giá chung cho Dự án
A13: 8 | B13: Giá trị nỗ lực ( E ) | C13: AUCP x P | D13: =D11*D12 -> 3622.5937 | F13: 7 | G13: Giao diện phức tạp | H13: 1 | I13: 3 | J13: =I13*H13 -> 3 | L13: 6 | M13: Độ ổn định của các yêu cầu | N13: 2 | O13: 5 | P13: =O13*N13 -> 10
A14: 9 | B14: Mức lương lao động bình quân (H) | C14: Yêu cầu tối thiểu kỹ sư 1, 2 | D14: =Luong!E15 -> 68347.406 | F14: II | G14: Hệ số phức tạp về kỹ thuật - công nghệ (TCF) | J14: =0.6+(0.014*J6) -> 0.978 | L14: 7 | M14: Sử dụng các nhân viên làm bán thời gian | N14: -1 | O14: 0 | P14: =O14*N14 -> 0
A15: 10 | B15: Giá trị kiểm thử phần mềm (G) | C15: E x H | D15: =D13*D14 -> 2.4759488e+08 | L15: II | M15: Hệ số phức tạp về môi trường (ECF) | P15: =1.4+(-0.0362*P6) -> 0.4407
A16: 11 | B16: Chi phí chung (C) | C16: G x 65% | D16: =D15*65/100 -> 1.6093667e+08
A17: 12 | B17: Thu nhập chịu thế tính trước (TL) | C17: (G+C) x 6% | D17: =(D15+D16)*6% -> 24511893
A18: 13 | B18: Thuế giá trị gia tăng (GTGT) | C18: (G+C+TL) x 0% | D18: 0 | G18: ='1.TongDT'!E30 -> 1476662400
A19: 14 | B19: Chi phí kiểm thử phần mềm (Gkt) | C19: G+C+TL+GTGT | D19: =D15+D16+D17 -> 4.3304345e+08
B20: Tổng cộng (làm tròn) | D20: =ROUND(D19,-3) -> 433043000
A21: Ghi chú:
A22: Kiểm thử là một loại dịch vụ nhằm đánh giá chất lượng phần mềm, không chịu thuế VAT
